2026-04-09 00:12:07,215  INFO  Strategy modules loaded OK
2026-04-09 00:12:07,220  INFO  ============================================================
2026-04-09 00:12:07,220  INFO   IBKR Paper Trading Executor
2026-04-09 00:12:07,223  INFO   Mode: DRY RUN
2026-04-09 00:12:07,223  INFO   Capital: $100,000
2026-04-09 00:12:07,223  INFO  ============================================================
2026-04-09 00:12:07,223  INFO  Loading prices from data/prices_pit.csv...
2026-04-09 00:12:07,738  INFO  Prices loaded: 624 tickers × 400 days
2026-04-09 00:12:07,862  INFO  Computing factors...
2026-04-09 00:12:11,404  INFO  Generating signals...
2026-04-09 00:12:38,777  INFO  Using signal from 2023-12-22
2026-04-09 00:12:38,842  INFO  Target: 75 long, 75 short
2026-04-09 00:12:40,239  ERROR  Error 200, reqId 15: Aucune d\u00e9finition de titre trouv\u00e9e pour cette requ\u00eate, contract: Stock(symbol='BF-B', exchange='SMART', currency='USD')
2026-04-09 00:12:43,162  ERROR  Error 200, reqId 146: Aucune d\u00e9finition de titre trouv\u00e9e pour cette requ\u00eate, contract: Stock(symbol='CVG', exchange='SMART', currency='USD')
2026-04-09 00:12:43,878  WARNING  Unknown contract: Stock(symbol='BF-B', exchange='SMART', currency='USD')
2026-04-09 00:12:43,882  WARNING  Unknown contract: Stock(symbol='CVG', exchange='SMART', currency='USD')
2026-04-09 00:12:55,207  ERROR  Error 101, reqId 255: Le nbre max de tickers a \u00e9t\u00e9 atteint., contract: Stock(conId=5336, symbol='BWA', exchange='SMART', primaryExchange='NYSE', currency='USD', localSymbol='BWA', tradingClass='BWA')
2026-04-09 00:12:55,212  ERROR  Error 101, reqId 254: Le nbre max de tickers a \u00e9t\u00e9 atteint., contract: Stock(conId=435774408, symbol='CZR', exchange='SMART', primaryExchange='NASDAQ', currency='USD', localSymbol='CZR', tradingClass='NMS')
2026-04-09 00:12:55,781  ERROR  Error 101, reqId 259: Le nbre max de tickers a \u00e9t\u00e9 atteint., contract: Stock(conId=9174, symbol='LNC', exchange='SMART', primaryExchange='NYSE', currency='USD', localSymbol='LNC', tradingClass='LNC')
2026-04-09 00:12:55,785  ERROR  Error 101, reqId 260: Le nbre max de tickers a \u00e9t\u00e9 atteint., contract: Stock(conId=13535, symbol='VNO', exchange='SMART', primaryExchange='NYSE', currency='USD', localSymbol='VNO', tradingClass='VNO')
2026-04-09 00:12:55,786  ERROR  Error 101, reqId 256: Le nbre max de tickers a \u00e9t\u00e9 atteint., contract: Stock(conId=32943358, symbol='CE', exchange='SMART', primaryExchange='NYSE', currency='USD', localSymbol='CE', tradingClass='CE')
2026-04-09 00:12:55,786  ERROR  Error 101, reqId 258: Le nbre max de tickers a \u00e9t\u00e9 atteint., contract: Stock(conId=490414355, symbol='OGN', exchange='SMART', primaryExchange='NYSE', currency='USD', localSymbol='OGN', tradingClass='OGN')
2026-04-09 00:12:55,787  ERROR  Error 101, reqId 257: Le nbre max de tickers a \u00e9t\u00e9 atteint., contract: Stock(conId=276329, symbol='ZION', exchange='SMART', primaryExchange='NASDAQ', currency='USD', localSymbol='ZION', tradingClass='NMS')
2026-04-09 00:12:56,422  ERROR  Error 101, reqId 263: Le nbre max de tickers a \u00e9t\u00e9 atteint., contract: Stock(conId=225590118, symbol='UA', exchange='SMART', primaryExchange='NYSE', currency='USD', localSymbol='UA', tradingClass='UA')
2026-04-09 00:12:56,440  ERROR  Error 101, reqId 264: Le nbre max de tickers a \u00e9t\u00e9 atteint., contract: Stock(conId=13277, symbol='UNM', exchange='SMART', primaryExchange='NYSE', currency='USD', localSymbol='UNM', tradingClass='UNM')
2026-04-09 00:12:56,441  ERROR  Error 101, reqId 262: Le nbre max de tickers a \u00e9t\u00e9 atteint., contract: Stock(conId=4816415, symbol='PENN', exchange='SMART', primaryExchange='NASDAQ', currency='USD', localSymbol='PENN', tradingClass='NMS')
2026-04-09 00:12:56,442  ERROR  Error 101, reqId 261: Le nbre max de tickers a \u00e9t\u00e9 atteint., contract: Stock(conId=90794895, symbol='PVH', exchange='SMART', primaryExchange='NYSE', currency='USD', localSymbol='PVH', tradingClass='PVH')
2026-04-09 00:12:56,443  ERROR  Error 101, reqId 265: Le nbre max de tickers a \u00e9t\u00e9 atteint., contract: Stock(conId=537789289, symbol='SLG', exchange='SMART', primaryExchange='NYSE', currency='USD', localSymbol='SLG', tradingClass='SLG')
2026-04-09 00:12:56,977  ERROR  Error 101, reqId 266: Le nbre max de tickers a \u00e9t\u00e9 atteint., contract: Stock(conId=262072228, symbol='FTI', exchange='SMART', primaryExchange='NYSE', currency='USD', localSymbol='FTI', tradingClass='FTI')
2026-04-09 00:12:56,978  ERROR  Error 101, reqId 268: Le nbre max de tickers a \u00e9t\u00e9 atteint., contract: Stock(conId=347409760, symbol='CPRI', exchange='SMART', primaryExchange='NYSE', currency='USD', localSymbol='CPRI', tradingClass='CPRI')
2026-04-09 00:12:56,979  ERROR  Error 101, reqId 269: Le nbre max de tickers a \u00e9t\u00e9 atteint., contract: Stock(conId=98542026, symbol='TRIP', exchange='SMART', primaryExchange='NASDAQ', currency='USD', localSymbol='TRIP', tradingClass='NMS')
2026-04-09 00:12:56,981  ERROR  Error 101, reqId 267: Le nbre max de tickers a \u00e9t\u00e9 atteint., contract: Stock(conId=129131475, symbol='COTY', exchange='SMART', primaryExchange='NYSE', currency='USD', localSymbol='COTY', tradingClass='COTY')
2026-04-09 00:12:56,981  ERROR  Error 101, reqId 270: Le nbre max de tickers a \u00e9t\u00e9 atteint., contract: Stock(conId=9322, symbol='MAC', exchange='SMART', primaryExchange='NYSE', currency='USD', localSymbol='MAC', tradingClass='MAC')
2026-04-09 00:12:56,982  ERROR  Error 101, reqId 271: Le nbre max de tickers a \u00e9t\u00e9 atteint., contract: Stock(conId=782964354, symbol='STI', exchange='SMART', primaryExchange='NASDAQ', currency='USD', localSymbol='STI', tradingClass='SCM')
2026-04-09 00:12:57,545  ERROR  Error 101, reqId 276: Le nbre max de tickers a \u00e9t\u00e9 atteint., contract: Stock(conId=56505491, symbol='RIG', exchange='SMART', primaryExchange='NYSE', currency='USD', localSymbol='RIG', tradingClass='RIG')
2026-04-09 00:12:57,547  ERROR  Error 101, reqId 272: Le nbre max de tickers a \u00e9t\u00e9 atteint., contract: Stock(conId=789862827, symbol='NKTR', exchange='SMART', primaryExchange='NASDAQ', currency='USD', localSymbol='NKTR', tradingClass='SCM')
2026-04-09 00:12:57,548  ERROR  Error 101, reqId 273: Le nbre max de tickers a \u00e9t\u00e9 atteint., contract: Stock(conId=11218575, symbol='FLR', exchange='SMART', primaryExchange='NYSE', currency='USD', localSymbol='FLR', tradingClass='FLR')
2026-04-09 00:12:57,549  ERROR  Error 101, reqId 274: Le nbre max de tickers a \u00e9t\u00e9 atteint., contract: Stock(conId=282563276, symbol='BHF', exchange='SMART', primaryExchange='NASDAQ', currency='USD', localSymbol='BHF', tradingClass='NMS')
2026-04-09 00:12:57,550  ERROR  Error 101, reqId 275: Le nbre max de tickers a \u00e9t\u00e9 atteint., contract: Stock(conId=53747825, symbol='SIG', exchange='SMART', primaryExchange='NYSE', currency='USD', localSymbol='SIG', tradingClass='SIG')
2026-04-09 00:12:58,135  ERROR  Error 101, reqId 278: Le nbre max de tickers a \u00e9t\u00e9 atteint., contract: Stock(conId=10920, symbol='PBI', exchange='SMART', primaryExchange='NYSE', currency='USD', localSymbol='PBI', tradingClass='PBI')
2026-04-09 00:12:58,137  ERROR  Error 101, reqId 279: Le nbre max de tickers a \u00e9t\u00e9 atteint., contract: Stock(conId=292735472, symbol='SE', exchange='SMART', primaryExchange='NYSE', currency='USD', localSymbol='SE', tradingClass='SE')
2026-04-09 00:12:58,139  ERROR  Error 101, reqId 280: Le nbre max de tickers a \u00e9t\u00e9 atteint., contract: Stock(conId=674590140, symbol='TE', exchange='SMART', primaryExchange='NYSE', currency='USD', localSymbol='TE', tradingClass='TE')
2026-04-09 00:12:58,139  ERROR  Error 101, reqId 281: Le nbre max de tickers a \u00e9t\u00e9 atteint., contract: Stock(conId=302902498, symbol='ADT', exchange='SMART', primaryExchange='NYSE', currency='USD', localSymbol='ADT', tradingClass='ADT')
2026-04-09 00:12:58,140  ERROR  Error 101, reqId 277: Le nbre max de tickers a \u00e9t\u00e9 atteint., contract: Stock(conId=15130059, symbol='BBBY', exchange='SMART', primaryExchange='NYSE', currency='USD', localSymbol='BBBY', tradingClass='BBBY')
2026-04-09 00:12:58,676  ERROR  Error 101, reqId 284: Le nbre max de tickers a \u00e9t\u00e9 atteint., contract: Stock(conId=587257548, symbol='NE', exchange='SMART', primaryExchange='NYSE', currency='USD', localSymbol='NE', tradingClass='NE')
2026-04-09 00:12:58,677  ERROR  Error 101, reqId 285: Le nbre max de tickers a \u00e9t\u00e9 atteint., contract: Stock(conId=417915989, symbol='NBR', exchange='SMART', primaryExchange='NYSE', currency='USD', localSymbol='NBR', tradingClass='NBR')
2026-04-09 00:12:58,677  ERROR  Error 101, reqId 283: Le nbre max de tickers a \u00e9t\u00e9 atteint., contract: Stock(conId=114929760, symbol='THC', exchange='SMART', primaryExchange='NYSE', currency='USD', localSymbol='THC', tradingClass='THC')
2026-04-09 00:12:58,678  ERROR  Error 101, reqId 282: Le nbre max de tickers a \u00e9t\u00e9 atteint., contract: Stock(conId=36285627, symbol='GME', exchange='SMART', primaryExchange='NYSE', currency='USD', localSymbol='GME', tradingClass='GME')
2026-04-09 00:12:58,679  ERROR  Error 101, reqId 286: Le nbre max de tickers a \u00e9t\u00e9 atteint., contract: Stock(conId=402800754, symbol='BEAM', exchange='SMART', primaryExchange='NASDAQ', currency='USD', localSymbol='BEAM', tradingClass='NMS')
2026-04-09 00:12:59,217  ERROR  Error 101, reqId 288: Le nbre max de tickers a \u00e9t\u00e9 atteint., contract: Stock(conId=499640681, symbol='S', exchange='SMART', primaryExchange='NYSE', currency='USD', localSymbol='S', tradingClass='S')
2026-04-09 00:12:59,218  ERROR  Error 101, reqId 291: Le nbre max de tickers a \u00e9t\u00e9 atteint., contract: Stock(conId=137498854, symbol='MMI', exchange='SMART', primaryExchange='NYSE', currency='USD', localSymbol='MMI', tradingClass='MMI')
2026-04-09 00:12:59,218  ERROR  Error 101, reqId 289: Le nbre max de tickers a \u00e9t\u00e9 atteint., contract: Stock(conId=483311209, symbol='DV', exchange='SMART', primaryExchange='NYSE', currency='USD', localSymbol='DV', tradingClass='DV')
2026-04-09 00:12:59,219  ERROR  Error 101, reqId 290: Le nbre max de tickers a \u00e9t\u00e9 atteint., contract: Stock(conId=848231171, symbol='SLE', exchange='SMART', primaryExchange='NASDAQ', currency='USD', localSymbol='SLE', tradingClass='SCM')
2026-04-09 00:12:59,220  ERROR  Error 101, reqId 287: Le nbre max de tickers a \u00e9t\u00e9 atteint., contract: Stock(conId=2585399, symbol='ANF', exchange='SMART', primaryExchange='NYSE', currency='USD', localSymbol='ANF', tradingClass='ANF')
2026-04-09 00:12:59,754  ERROR  Error 101, reqId 294: Le nbre max de tickers a \u00e9t\u00e9 atteint., contract: Stock(conId=8772, symbol='KBH', exchange='SMART', primaryExchange='NYSE', currency='USD', localSymbol='KBH', tradingClass='KBH')
2026-04-09 00:12:59,755  ERROR  Error 101, reqId 292: Le nbre max de tickers a \u00e9t\u00e9 atteint., contract: Stock(conId=694721776, symbol='MI', exchange='SMART', primaryExchange='AMEX', currency='USD', localSymbol='MI', tradingClass='MI')
2026-04-09 00:12:59,755  ERROR  Error 101, reqId 295: Le nbre max de tickers a \u00e9t\u00e9 atteint., contract: Stock(conId=9388, symbol='MBI', exchange='SMART', primaryExchange='NYSE', currency='USD', localSymbol='MBI', tradingClass='MBI')
2026-04-09 00:12:59,757  ERROR  Error 101, reqId 296: Le nbre max de tickers a \u00e9t\u00e9 atteint., contract: Stock(conId=148782724, symbol='WB', exchange='SMART', primaryExchange='NASDAQ', currency='USD', localSymbol='WB', tradingClass='NMS')
2026-04-09 00:12:59,757  ERROR  Error 101, reqId 293: Le nbre max de tickers a \u00e9t\u00e9 atteint., contract: Stock(conId=445554142, symbol='DYN', exchange='SMART', primaryExchange='NASDAQ', currency='USD', localSymbol='DYN', tradingClass='NMS')
2026-04-09 00:14:34,919  INFO  Strategy modules loaded OK
2026-04-09 00:14:34,932  INFO  ============================================================
2026-04-09 00:14:34,934  INFO   IBKR Paper Trading Executor
2026-04-09 00:14:34,934  INFO   Mode: DRY RUN
2026-04-09 00:14:34,938  INFO   Capital: $100,000
2026-04-09 00:14:34,938  INFO  ============================================================
2026-04-09 00:14:34,938  INFO  Loading prices from data/prices_pit.csv...
2026-04-09 00:14:35,505  INFO  Prices loaded: 624 tickers × 400 days
2026-04-09 00:14:35,625  INFO  Computing factors...
2026-04-09 00:14:39,325  INFO  Generating signals...
2026-04-09 00:15:22,917  INFO  Using signal from 2023-12-22
2026-04-09 00:15:23,033  INFO  Target: 75 long, 75 short
2026-04-09 00:15:35,283  ERROR  Error 200, reqId 246: Aucune d\u00e9finition de titre trouv\u00e9e pour cette requ\u00eate, contract: Stock(symbol='CVG', exchange='SMART', currency='USD')
2026-04-09 00:15:35,845  WARNING  Unknown contract: Stock(symbol='CVG', exchange='SMART', currency='USD')
2026-04-09 00:17:55,643  INFO  Strategy modules loaded OK
2026-04-09 00:17:55,647  INFO  ============================================================
2026-04-09 00:17:55,647  INFO   IBKR Paper Trading Executor
2026-04-09 00:17:55,647  INFO   Mode: DRY RUN
2026-04-09 00:17:55,647  INFO   Capital: $100,000
2026-04-09 00:17:55,647  INFO  ============================================================
2026-04-09 00:17:55,647  INFO  Loading prices from data/prices_pit.csv...
2026-04-09 00:17:56,266  INFO  Prices loaded: 624 tickers × 400 days
2026-04-09 00:17:56,403  INFO  Computing factors...
2026-04-09 00:18:00,749  INFO  Generating signals...
2026-04-09 00:18:46,525  INFO  Using signal from 2023-12-22
2026-04-09 00:18:46,671  INFO  Target: 75 long, 75 short
2026-04-09 00:18:58,944  ERROR  Error 200, reqId 246: Aucune d\u00e9finition de titre trouv\u00e9e pour cette requ\u00eate, contract: Stock(symbol='CVG', exchange='SMART', currency='USD')
2026-04-09 00:18:59,533  WARNING  Unknown contract: Stock(symbol='CVG', exchange='SMART', currency='USD')
2026-04-09 00:20:06,000  INFO  Strategy modules loaded OK
2026-04-09 00:20:06,000  INFO  ============================================================
2026-04-09 00:20:06,000  INFO   IBKR Paper Trading Executor
2026-04-09 00:20:06,000  INFO   Mode: DRY RUN
2026-04-09 00:20:06,000  INFO   Capital: $100,000
2026-04-09 00:20:06,000  INFO  ============================================================
2026-04-09 00:20:06,000  INFO  Loading prices from data/prices_pit.csv...
2026-04-09 00:20:06,712  INFO  Prices loaded: 624 tickers × 400 days
2026-04-09 00:20:06,850  INFO  Computing factors...
2026-04-09 00:20:12,436  INFO  Generating signals...
2026-04-09 00:20:57,260  INFO  Using signal from 2023-12-22
2026-04-09 00:20:57,389  INFO  Target: 75 long, 75 short
2026-04-09 00:21:05,012  ERROR  Error 10089, reqId 153: Les donn\u00e9es de march\u00e9 demand\u00e9es n\u00e9cessitent une souscription suppl\u00e9mentaire pour les connexions API. Pour plus de d\u00e9tails, veuillez consulter le lien de la bo\u00eetre de dialogue \u00ab\u00a0Connexions aux donn\u00e9es de march\u00e9\u00a0\u00bb.Des donn\u00e9es de march\u00e9 en diff\u00e9r\u00e9 sont disponibles.INCY NASDAQ.NMS/TOP/ALL, contract: Stock(conId=4369855, symbol='INCY', exchange='SMART', primaryExchange='NASDAQ', currency='USD', localSymbol='INCY', tradingClass='NMS')
2026-04-09 00:21:05,257  ERROR  Error 10089, reqId 155: Les donn\u00e9es de march\u00e9 demand\u00e9es n\u00e9cessitent une souscription suppl\u00e9mentaire pour les connexions API. Pour plus de d\u00e9tails, veuillez consulter le lien de la bo\u00eetre de dialogue \u00ab\u00a0Connexions aux donn\u00e9es de march\u00e9\u00a0\u00bb.IBKR NASDAQ.NMS/TOP/ALL, contract: Stock(conId=43645865, symbol='IBKR', exchange='SMART', primaryExchange='NASDAQ', currency='USD', localSymbol='IBKR', tradingClass='NMS')
2026-04-09 00:21:05,827  ERROR  Error 10089, reqId 154: Les donn\u00e9es de march\u00e9 demand\u00e9es n\u00e9cessitent une souscription suppl\u00e9mentaire pour les connexions API. Pour plus de d\u00e9tails, veuillez consulter le lien de la bo\u00eetre de dialogue \u00ab\u00a0Connexions aux donn\u00e9es de march\u00e9\u00a0\u00bb.Des donn\u00e9es de march\u00e9 en diff\u00e9r\u00e9 sont disponibles.PODD NASDAQ.NMS/TOP/ALL, contract: Stock(conId=44061838, symbol='PODD', exchange='SMART', primaryExchange='NASDAQ', currency='USD', localSymbol='PODD', tradingClass='NMS')
2026-04-09 00:21:05,829  ERROR  Error 10089, reqId 156: Les donn\u00e9es de march\u00e9 demand\u00e9es n\u00e9cessitent une souscription suppl\u00e9mentaire pour les connexions API. Pour plus de d\u00e9tails, veuillez consulter le lien de la bo\u00eetre de dialogue \u00ab\u00a0Connexions aux donn\u00e9es de march\u00e9\u00a0\u00bb.Des donn\u00e9es de march\u00e9 en diff\u00e9r\u00e9 sont disponibles.IVZ NYSE/TOP/ALL, contract: Stock(conId=47550606, symbol='IVZ', exchange='SMART', primaryExchange='NYSE', currency='USD', localSymbol='IVZ', tradingClass='IVZ')
2026-04-09 00:21:05,829  ERROR  Error 10089, reqId 157: Les donn\u00e9es de march\u00e9 demand\u00e9es n\u00e9cessitent une souscription suppl\u00e9mentaire pour les connexions API. Pour plus de d\u00e9tails, veuillez consulter le lien de la bo\u00eetre de dialogue \u00ab\u00a0Connexions aux donn\u00e9es de march\u00e9\u00a0\u00bb.Des donn\u00e9es de march\u00e9 en diff\u00e9r\u00e9 sont disponibles.IQV NYSE/TOP/ALL, contract: Stock(conId=295757261, symbol='IQV', exchange='SMART', primaryExchange='NYSE', currency='USD', localSymbol='IQV', tradingClass='IQV')
2026-04-09 00:21:05,831  ERROR  Error 10089, reqId 158: Les donn\u00e9es de march\u00e9 demand\u00e9es n\u00e9cessitent une souscription suppl\u00e9mentaire pour les connexions API. Pour plus de d\u00e9tails, veuillez consulter le lien de la bo\u00eetre de dialogue \u00ab\u00a0Connexions aux donn\u00e9es de march\u00e9\u00a0\u00bb.Des donn\u00e9es de march\u00e9 en diff\u00e9r\u00e9 sont disponibles.KEY NYSE/TOP/ALL, contract: Stock(conId=8809, symbol='KEY', exchange='SMART', primaryExchange='NYSE', currency='USD', localSymbol='KEY', tradingClass='KEY')
2026-04-09 00:21:05,913  ERROR  Error 10089, reqId 162: Les donn\u00e9es de march\u00e9 demand\u00e9es n\u00e9cessitent une souscription suppl\u00e9mentaire pour les connexions API. Pour plus de d\u00e9tails, veuillez consulter le lien de la bo\u00eetre de dialogue \u00ab\u00a0Connexions aux donn\u00e9es de march\u00e9\u00a0\u00bb.Des donn\u00e9es de march\u00e9 en diff\u00e9r\u00e9 sont disponibles.LEN NYSE/TOP/ALL, contract: Stock(conId=9091, symbol='LEN', exchange='SMART', primaryExchange='NYSE', currency='USD', localSymbol='LEN', tradingClass='LEN')
2026-04-09 00:21:06,012  ERROR  Error 10089, reqId 167: Les donn\u00e9es de march\u00e9 demand\u00e9es n\u00e9cessitent une souscription suppl\u00e9mentaire pour les connexions API. Pour plus de d\u00e9tails, veuillez consulter le lien de la bo\u00eetre de dialogue \u00ab\u00a0Connexions aux donn\u00e9es de march\u00e9\u00a0\u00bb.Des donn\u00e9es de march\u00e9 en diff\u00e9r\u00e9 sont disponibles.MRK NYSE/TOP/ALL, contract: Stock(conId=70101545, symbol='MRK', exchange='SMART', primaryExchange='NYSE', currency='USD', localSymbol='MRK', tradingClass='MRK')
2026-04-09 00:21:06,012  ERROR  Error 10089, reqId 169: Les donn\u00e9es de march\u00e9 demand\u00e9es n\u00e9cessitent une souscription suppl\u00e9mentaire pour les connexions API. Pour plus de d\u00e9tails, veuillez consulter le lien de la bo\u00eetre de dialogue \u00ab\u00a0Connexions aux donn\u00e9es de march\u00e9\u00a0\u00bb.Des donn\u00e9es de march\u00e9 en diff\u00e9r\u00e9 sont disponibles.MPWR NASDAQ.NMS/TOP/ALL, contract: Stock(conId=32106121, symbol='MPWR', exchange='SMART', primaryExchange='NASDAQ', currency='USD', localSymbol='MPWR', tradingClass='NMS')
2026-04-09 00:21:06,020  ERROR  Error 10089, reqId 171: Les donn\u00e9es de march\u00e9 demand\u00e9es n\u00e9cessitent une souscription suppl\u00e9mentaire pour les connexions API. Pour plus de d\u00e9tails, veuillez consulter le lien de la bo\u00eetre de dialogue \u00ab\u00a0Connexions aux donn\u00e9es de march\u00e9\u00a0\u00bb.Des donn\u00e9es de march\u00e9 en diff\u00e9r\u00e9 sont disponibles.NKE NYSE/TOP/ALL, contract: Stock(conId=10291, symbol='NKE', exchange='SMART', primaryExchange='NYSE', currency='USD', localSymbol='NKE', tradingClass='NKE')
2026-04-09 00:21:06,021  ERROR  Error 10089, reqId 172: Les donn\u00e9es de march\u00e9 demand\u00e9es n\u00e9cessitent une souscription suppl\u00e9mentaire pour les connexions API. Pour plus de d\u00e9tails, veuillez consulter le lien de la bo\u00eetre de dialogue \u00ab\u00a0Connexions aux donn\u00e9es de march\u00e9\u00a0\u00bb.Des donn\u00e9es de march\u00e9 en diff\u00e9r\u00e9 sont disponibles.NOC NYSE/TOP/ALL, contract: Stock(conId=10376, symbol='NOC', exchange='SMART', primaryExchange='NYSE', currency='USD', localSymbol='NOC', tradingClass='NOC')
2026-04-09 00:21:06,024  ERROR  Error 10089, reqId 174: Les donn\u00e9es de march\u00e9 demand\u00e9es n\u00e9cessitent une souscription suppl\u00e9mentaire pour les connexions API. Pour plus de d\u00e9tails, veuillez consulter le lien de la bo\u00eetre de dialogue \u00ab\u00a0Connexions aux donn\u00e9es de march\u00e9\u00a0\u00bb.Des donn\u00e9es de march\u00e9 en diff\u00e9r\u00e9 sont disponibles.ORLY NASDAQ.NMS/TOP/ALL, contract: Stock(conId=82457808, symbol='ORLY', exchange='SMART', primaryExchange='NASDAQ', currency='USD', localSymbol='ORLY', tradingClass='NMS')
2026-04-09 00:21:06,028  ERROR  Error 10089, reqId 180: Les donn\u00e9es de march\u00e9 demand\u00e9es n\u00e9cessitent une souscription suppl\u00e9mentaire pour les connexions API. Pour plus de d\u00e9tails, veuillez consulter le lien de la bo\u00eetre de dialogue \u00ab\u00a0Connexions aux donn\u00e9es de march\u00e9\u00a0\u00bb.Des donn\u00e9es de march\u00e9 en diff\u00e9r\u00e9 sont disponibles.PNW NYSE/TOP/ALL, contract: Stock(conId=11257, symbol='PNW', exchange='SMART', primaryExchange='NYSE', currency='USD', localSymbol='PNW', tradingClass='PNW')
2026-04-09 00:21:06,120  ERROR  Error 10089, reqId 182: Les donn\u00e9es de march\u00e9 demand\u00e9es n\u00e9cessitent une souscription suppl\u00e9mentaire pour les connexions API. Pour plus de d\u00e9tails, veuillez consulter le lien de la bo\u00eetre de dialogue \u00ab\u00a0Connexions aux donn\u00e9es de march\u00e9\u00a0\u00bb.Des donn\u00e9es de march\u00e9 en diff\u00e9r\u00e9 sont disponibles.PGR NYSE/TOP/ALL, contract: Stock(conId=11080, symbol='PGR', exchange='SMART', primaryExchange='NYSE', currency='USD', localSymbol='PGR', tradingClass='PGR')
2026-04-09 00:21:06,123  ERROR  Error 10089, reqId 186: Les donn\u00e9es de march\u00e9 demand\u00e9es n\u00e9cessitent une souscription suppl\u00e9mentaire pour les connexions API. Pour plus de d\u00e9tails, veuillez consulter le lien de la bo\u00eetre de dialogue \u00ab\u00a0Connexions aux donn\u00e9es de march\u00e9\u00a0\u00bb.Des donn\u00e9es de march\u00e9 en diff\u00e9r\u00e9 sont disponibles.SLB NYSE/TOP/ALL, contract: Stock(conId=12200, symbol='SLB', exchange='SMART', primaryExchange='NYSE', currency='USD', localSymbol='SLB', tradingClass='SLB')
2026-04-09 00:21:06,213  ERROR  Error 10089, reqId 191: Les donn\u00e9es de march\u00e9 demand\u00e9es n\u00e9cessitent une souscription suppl\u00e9mentaire pour les connexions API. Pour plus de d\u00e9tails, veuillez consulter le lien de la bo\u00eetre de dialogue \u00ab\u00a0Connexions aux donn\u00e9es de march\u00e9\u00a0\u00bb.Des donn\u00e9es de march\u00e9 en diff\u00e9r\u00e9 sont disponibles.TKO NYSE/TOP/ALL, contract: Stock(conId=652841542, symbol='TKO', exchange='SMART', primaryExchange='NYSE', currency='USD', localSymbol='TKO', tradingClass='TKO')
2026-04-09 00:21:06,213  ERROR  Error 10089, reqId 194: Les donn\u00e9es de march\u00e9 demand\u00e9es n\u00e9cessitent une souscription suppl\u00e9mentaire pour les connexions API. Pour plus de d\u00e9tails, veuillez consulter le lien de la bo\u00eetre de dialogue \u00ab\u00a0Connexions aux donn\u00e9es de march\u00e9\u00a0\u00bb.Des donn\u00e9es de march\u00e9 en diff\u00e9r\u00e9 sont disponibles.USB NYSE/TOP/ALL, contract: Stock(conId=11669769, symbol='USB', exchange='SMART', primaryExchange='NYSE', currency='USD', localSymbol='USB', tradingClass='USB')
2026-04-09 00:21:06,314  ERROR  Error 10089, reqId 196: Les donn\u00e9es de march\u00e9 demand\u00e9es n\u00e9cessitent une souscription suppl\u00e9mentaire pour les connexions API. Pour plus de d\u00e9tails, veuillez consulter le lien de la bo\u00eetre de dialogue \u00ab\u00a0Connexions aux donn\u00e9es de march\u00e9\u00a0\u00bb.Des donn\u00e9es de march\u00e9 en diff\u00e9r\u00e9 sont disponibles.URI NYSE/TOP/ALL, contract: Stock(conId=3629755, symbol='URI', exchange='SMART', primaryExchange='NYSE', currency='USD', localSymbol='URI', tradingClass='URI')
2026-04-09 00:21:06,588  ERROR  Error 10089, reqId 159: Les donn\u00e9es de march\u00e9 demand\u00e9es n\u00e9cessitent une souscription suppl\u00e9mentaire pour les connexions API. Pour plus de d\u00e9tails, veuillez consulter le lien de la bo\u00eetre de dialogue \u00ab\u00a0Connexions aux donn\u00e9es de march\u00e9\u00a0\u00bb.Des donn\u00e9es de march\u00e9 en diff\u00e9r\u00e9 sont disponibles.KMB NASDAQ.NMS/TOP/ALL, contract: Stock(conId=8864, symbol='KMB', exchange='SMART', primaryExchange='NASDAQ', currency='USD', localSymbol='KMB', tradingClass='NMS')
2026-04-09 00:21:06,590  ERROR  Error 10089, reqId 160: Les donn\u00e9es de march\u00e9 demand\u00e9es n\u00e9cessitent une souscription suppl\u00e9mentaire pour les connexions API. Pour plus de d\u00e9tails, veuillez consulter le lien de la bo\u00eetre de dialogue \u00ab\u00a0Connexions aux donn\u00e9es de march\u00e9\u00a0\u00bb.Des donn\u00e9es de march\u00e9 en diff\u00e9r\u00e9 sont disponibles.KKR NYSE/TOP/ALL, contract: Stock(conId=321328198, symbol='KKR', exchange='SMART', primaryExchange='NYSE', currency='USD', localSymbol='KKR', tradingClass='KKR')
2026-04-09 00:21:06,592  ERROR  Error 10089, reqId 161: Les donn\u00e9es de march\u00e9 demand\u00e9es n\u00e9cessitent une souscription suppl\u00e9mentaire pour les connexions API. Pour plus de d\u00e9tails, veuillez consulter le lien de la bo\u00eetre de dialogue \u00ab\u00a0Connexions aux donn\u00e9es de march\u00e9\u00a0\u00bb.Des donn\u00e9es de march\u00e9 en diff\u00e9r\u00e9 sont disponibles.KR NYSE/TOP/ALL, contract: Stock(conId=8908, symbol='KR', exchange='SMART', primaryExchange='NYSE', currency='USD', localSymbol='KR', tradingClass='KR')
2026-04-09 00:21:06,596  ERROR  Error 10089, reqId 163: Les donn\u00e9es de march\u00e9 demand\u00e9es n\u00e9cessitent une souscription suppl\u00e9mentaire pour les connexions API. Pour plus de d\u00e9tails, veuillez consulter le lien de la bo\u00eetre de dialogue \u00ab\u00a0Connexions aux donn\u00e9es de march\u00e9\u00a0\u00bb.Des donn\u00e9es de march\u00e9 en diff\u00e9r\u00e9 sont disponibles.LITE NASDAQ.NMS/TOP/ALL, contract: Stock(conId=201113895, symbol='LITE', exchange='SMART', primaryExchange='NASDAQ', currency='USD', localSymbol='LITE', tradingClass='NMS')
2026-04-09 00:21:06,598  ERROR  Error 10089, reqId 164: Les donn\u00e9es de march\u00e9 demand\u00e9es n\u00e9cessitent une souscription suppl\u00e9mentaire pour les connexions API. Pour plus de d\u00e9tails, veuillez consulter le lien de la bo\u00eetre de dialogue \u00ab\u00a0Connexions aux donn\u00e9es de march\u00e9\u00a0\u00bb.Des donn\u00e9es de march\u00e9 en diff\u00e9r\u00e9 sont disponibles.MRSH NYSE/TOP/ALL, contract: Stock(conId=9705, symbol='MRSH', exchange='SMART', primaryExchange='NYSE', currency='USD', localSymbol='MRSH', tradingClass='MRSH')
2026-04-09 00:21:06,601  ERROR  Error 10089, reqId 165: Les donn\u00e9es de march\u00e9 demand\u00e9es n\u00e9cessitent une souscription suppl\u00e9mentaire pour les connexions API. Pour plus de d\u00e9tails, veuillez consulter le lien de la bo\u00eetre de dialogue \u00ab\u00a0Connexions aux donn\u00e9es de march\u00e9\u00a0\u00bb.Des donn\u00e9es de march\u00e9 en diff\u00e9r\u00e9 sont disponibles.MAS NYSE/TOP/ALL, contract: Stock(conId=9360, symbol='MAS', exchange='SMART', primaryExchange='NYSE', currency='USD', localSymbol='MAS', tradingClass='MAS')
2026-04-09 00:21:06,604  ERROR  Error 10089, reqId 166: Les donn\u00e9es de march\u00e9 demand\u00e9es n\u00e9cessitent une souscription suppl\u00e9mentaire pour les connexions API. Pour plus de d\u00e9tails, veuillez consulter le lien de la bo\u00eetre de dialogue \u00ab\u00a0Connexions aux donn\u00e9es de march\u00e9\u00a0\u00bb.Des donn\u00e9es de march\u00e9 en diff\u00e9r\u00e9 sont disponibles.MCK NYSE/TOP/ALL, contract: Stock(conId=9657, symbol='MCK', exchange='SMART', primaryExchange='NYSE', currency='USD', localSymbol='MCK', tradingClass='MCK')
2026-04-09 00:21:06,610  ERROR  Error 10089, reqId 168: Les donn\u00e9es de march\u00e9 demand\u00e9es n\u00e9cessitent une souscription suppl\u00e9mentaire pour les connexions API. Pour plus de d\u00e9tails, veuillez consulter le lien de la bo\u00eetre de dialogue \u00ab\u00a0Connexions aux donn\u00e9es de march\u00e9\u00a0\u00bb.Des donn\u00e9es de march\u00e9 en diff\u00e9r\u00e9 sont disponibles.MCHP NASDAQ.NMS/TOP/ALL, contract: Stock(conId=271568, symbol='MCHP', exchange='SMART', primaryExchange='NASDAQ', currency='USD', localSymbol='MCHP', tradingClass='NMS')
2026-04-09 00:21:06,610  ERROR  Error 10089, reqId 170: Les donn\u00e9es de march\u00e9 demand\u00e9es n\u00e9cessitent une souscription suppl\u00e9mentaire pour les connexions API. Pour plus de d\u00e9tails, veuillez consulter le lien de la bo\u00eetre de dialogue \u00ab\u00a0Connexions aux donn\u00e9es de march\u00e9\u00a0\u00bb.Des donn\u00e9es de march\u00e9 en diff\u00e9r\u00e9 sont disponibles.NTAP NASDAQ.NMS/TOP/ALL, contract: Stock(conId=49921110, symbol='NTAP', exchange='SMART', primaryExchange='NASDAQ', currency='USD', localSymbol='NTAP', tradingClass='NMS')
2026-04-09 00:21:06,612  ERROR  Error 10089, reqId 173: Les donn\u00e9es de march\u00e9 demand\u00e9es n\u00e9cessitent une souscription suppl\u00e9mentaire pour les connexions API. Pour plus de d\u00e9tails, veuillez consulter le lien de la bo\u00eetre de dialogue \u00ab\u00a0Connexions aux donn\u00e9es de march\u00e9\u00a0\u00bb.Des donn\u00e9es de march\u00e9 en diff\u00e9r\u00e9 sont disponibles.NCLH NYSE/TOP/ALL, contract: Stock(conId=120643512, symbol='NCLH', exchange='SMART', primaryExchange='NYSE', currency='USD', localSymbol='NCLH', tradingClass='NCLH')
2026-04-09 00:21:06,614  ERROR  Error 10089, reqId 175: Les donn\u00e9es de march\u00e9 demand\u00e9es n\u00e9cessitent une souscription suppl\u00e9mentaire pour les connexions API. Pour plus de d\u00e9tails, veuillez consulter le lien de la bo\u00eetre de dialogue \u00ab\u00a0Connexions aux donn\u00e9es de march\u00e9\u00a0\u00bb.Des donn\u00e9es de march\u00e9 en diff\u00e9r\u00e9 sont disponibles.OXY NYSE/TOP/ALL, contract: Stock(conId=10880, symbol='OXY', exchange='SMART', primaryExchange='NYSE', currency='USD', localSymbol='OXY', tradingClass='OXY')
2026-04-09 00:21:06,614  ERROR  Error 10089, reqId 176: Les donn\u00e9es de march\u00e9 demand\u00e9es n\u00e9cessitent une souscription suppl\u00e9mentaire pour les connexions API. Pour plus de d\u00e9tails, veuillez consulter le lien de la bo\u00eetre de dialogue \u00ab\u00a0Connexions aux donn\u00e9es de march\u00e9\u00a0\u00bb.Des donn\u00e9es de march\u00e9 en diff\u00e9r\u00e9 sont disponibles.ORCL NYSE/TOP/ALL, contract: Stock(conId=272800, symbol='ORCL', exchange='SMART', primaryExchange='NYSE', currency='USD', localSymbol='ORCL', tradingClass='ORCL')
2026-04-09 00:21:06,614  ERROR  Error 10089, reqId 177: Les donn\u00e9es de march\u00e9 demand\u00e9es n\u00e9cessitent une souscription suppl\u00e9mentaire pour les connexions API. Pour plus de d\u00e9tails, veuillez consulter le lien de la bo\u00eetre de dialogue \u00ab\u00a0Connexions aux donn\u00e9es de march\u00e9\u00a0\u00bb.Des donn\u00e9es de march\u00e9 en diff\u00e9r\u00e9 sont disponibles.PLTR NASDAQ.NMS/TOP/ALL, contract: Stock(conId=444857009, symbol='PLTR', exchange='SMART', primaryExchange='NASDAQ', currency='USD', localSymbol='PLTR', tradingClass='NMS')
2026-04-09 00:21:06,619  ERROR  Error 10089, reqId 178: Les donn\u00e9es de march\u00e9 demand\u00e9es n\u00e9cessitent une souscription suppl\u00e9mentaire pour les connexions API. Pour plus de d\u00e9tails, veuillez consulter le lien de la bo\u00eetre de dialogue \u00ab\u00a0Connexions aux donn\u00e9es de march\u00e9\u00a0\u00bb.Des donn\u00e9es de march\u00e9 en diff\u00e9r\u00e9 sont disponibles.PAYX NASDAQ.NMS/TOP/ALL, contract: Stock(conId=272942, symbol='PAYX', exchange='SMART', primaryExchange='NASDAQ', currency='USD', localSymbol='PAYX', tradingClass='NMS')
2026-04-09 00:21:06,623  ERROR  Error 10089, reqId 179: Les donn\u00e9es de march\u00e9 demand\u00e9es n\u00e9cessitent une souscription suppl\u00e9mentaire pour les connexions API. Pour plus de d\u00e9tails, veuillez consulter le lien de la bo\u00eetre de dialogue \u00ab\u00a0Connexions aux donn\u00e9es de march\u00e9\u00a0\u00bb.Des donn\u00e9es de march\u00e9 en diff\u00e9r\u00e9 sont disponibles.PFE NYSE/TOP/ALL, contract: Stock(conId=11031, symbol='PFE', exchange='SMART', primaryExchange='NYSE', currency='USD', localSymbol='PFE', tradingClass='PFE')
2026-04-09 00:21:06,821  ERROR  Error 10089, reqId 181: Les donn\u00e9es de march\u00e9 demand\u00e9es n\u00e9cessitent une souscription suppl\u00e9mentaire pour les connexions API. Pour plus de d\u00e9tails, veuillez consulter le lien de la bo\u00eetre de dialogue \u00ab\u00a0Connexions aux donn\u00e9es de march\u00e9\u00a0\u00bb.Des donn\u00e9es de march\u00e9 en diff\u00e9r\u00e9 sont disponibles.PG NYSE/TOP/ALL, contract: Stock(conId=11054, symbol='PG', exchange='SMART', primaryExchange='NYSE', currency='USD', localSymbol='PG', tradingClass='PG')
2026-04-09 00:21:06,821  ERROR  Error 10089, reqId 183: Les donn\u00e9es de march\u00e9 demand\u00e9es n\u00e9cessitent une souscription suppl\u00e9mentaire pour les connexions API. Pour plus de d\u00e9tails, veuillez consulter le lien de la bo\u00eetre de dialogue \u00ab\u00a0Connexions aux donn\u00e9es de march\u00e9\u00a0\u00bb.Des donn\u00e9es de march\u00e9 en diff\u00e9r\u00e9 sont disponibles.PHM NYSE/TOP/ALL, contract: Stock(conId=11109, symbol='PHM', exchange='SMART', primaryExchange='NYSE', currency='USD', localSymbol='PHM', tradingClass='PHM')
2026-04-09 00:21:06,821  ERROR  Error 10089, reqId 184: Les donn\u00e9es de march\u00e9 demand\u00e9es n\u00e9cessitent une souscription suppl\u00e9mentaire pour les connexions API. Pour plus de d\u00e9tails, veuillez consulter le lien de la bo\u00eetre de dialogue \u00ab\u00a0Connexions aux donn\u00e9es de march\u00e9\u00a0\u00bb.Des donn\u00e9es de march\u00e9 en diff\u00e9r\u00e9 sont disponibles.PWR NYSE/TOP/ALL, contract: Stock(conId=6608432, symbol='PWR', exchange='SMART', primaryExchange='NYSE', currency='USD', localSymbol='PWR', tradingClass='PWR')
2026-04-09 00:21:06,821  ERROR  Error 10089, reqId 185: Les donn\u00e9es de march\u00e9 demand\u00e9es n\u00e9cessitent une souscription suppl\u00e9mentaire pour les connexions API. Pour plus de d\u00e9tails, veuillez consulter le lien de la bo\u00eetre de dialogue \u00ab\u00a0Connexions aux donn\u00e9es de march\u00e9\u00a0\u00bb.Des donn\u00e9es de march\u00e9 en diff\u00e9r\u00e9 sont disponibles.RCL NYSE/TOP/ALL, contract: Stock(conId=11520, symbol='RCL', exchange='SMART', primaryExchange='NYSE', currency='USD', localSymbol='RCL', tradingClass='RCL')
2026-04-09 00:21:06,821  ERROR  Error 10089, reqId 187: Les donn\u00e9es de march\u00e9 demand\u00e9es n\u00e9cessitent une souscription suppl\u00e9mentaire pour les connexions API. Pour plus de d\u00e9tails, veuillez consulter le lien de la bo\u00eetre de dialogue \u00ab\u00a0Connexions aux donn\u00e9es de march\u00e9\u00a0\u00bb.Des donn\u00e9es de march\u00e9 en diff\u00e9r\u00e9 sont disponibles.SJM NYSE/TOP/ALL, contract: Stock(conId=15130038, symbol='SJM', exchange='SMART', primaryExchange='NYSE', currency='USD', localSymbol='SJM', tradingClass='SJM')
2026-04-09 00:21:06,821  ERROR  Error 10089, reqId 188: Les donn\u00e9es de march\u00e9 demand\u00e9es n\u00e9cessitent une souscription suppl\u00e9mentaire pour les connexions API. Pour plus de d\u00e9tails, veuillez consulter le lien de la bo\u00eetre de dialogue \u00ab\u00a0Connexions aux donn\u00e9es de march\u00e9\u00a0\u00bb.Des donn\u00e9es de march\u00e9 en diff\u00e9r\u00e9 sont disponibles.SW NYSE/TOP/ALL, contract: Stock(conId=713434903, symbol='SW', exchange='SMART', primaryExchange='NYSE', currency='USD', localSymbol='SW', tradingClass='SW')
2026-04-09 00:21:06,835  ERROR  Error 10089, reqId 189: Les donn\u00e9es de march\u00e9 demand\u00e9es n\u00e9cessitent une souscription suppl\u00e9mentaire pour les connexions API. Pour plus de d\u00e9tails, veuillez consulter le lien de la bo\u00eetre de dialogue \u00ab\u00a0Connexions aux donn\u00e9es de march\u00e9\u00a0\u00bb.Des donn\u00e9es de march\u00e9 en diff\u00e9r\u00e9 sont disponibles.SMCI NASDAQ.NMS/TOP/ALL, contract: Stock(conId=731466419, symbol='SMCI', exchange='SMART', primaryExchange='NASDAQ', currency='USD', localSymbol='SMCI', tradingClass='NMS')
2026-04-09 00:21:06,839  ERROR  Error 10089, reqId 190: Les donn\u00e9es de march\u00e9 demand\u00e9es n\u00e9cessitent une souscription suppl\u00e9mentaire pour les connexions API. Pour plus de d\u00e9tails, veuillez consulter le lien de la bo\u00eetre de dialogue \u00ab\u00a0Connexions aux donn\u00e9es de march\u00e9\u00a0\u00bb.Des donn\u00e9es de march\u00e9 en diff\u00e9r\u00e9 sont disponibles.TPL NYSE/TOP/ALL, contract: Stock(conId=463654490, symbol='TPL', exchange='SMART', primaryExchange='NYSE', currency='USD', localSymbol='TPL', tradingClass='TPL')
2026-04-09 00:21:06,840  ERROR  Error 10089, reqId 192: Les donn\u00e9es de march\u00e9 demand\u00e9es n\u00e9cessitent une souscription suppl\u00e9mentaire pour les connexions API. Pour plus de d\u00e9tails, veuillez consulter le lien de la bo\u00eetre de dialogue \u00ab\u00a0Connexions aux donn\u00e9es de march\u00e9\u00a0\u00bb.Des donn\u00e9es de march\u00e9 en diff\u00e9r\u00e9 sont disponibles.TT NYSE/TOP/ALL, contract: Stock(conId=406709270, symbol='TT', exchange='SMART', primaryExchange='NYSE', currency='USD', localSymbol='TT', tradingClass='TT')
2026-04-09 00:21:06,842  ERROR  Error 10089, reqId 193: Les donn\u00e9es de march\u00e9 demand\u00e9es n\u00e9cessitent une souscription suppl\u00e9mentaire pour les connexions API. Pour plus de d\u00e9tails, veuillez consulter le lien de la bo\u00eetre de dialogue \u00ab\u00a0Connexions aux donn\u00e9es de march\u00e9\u00a0\u00bb.Des donn\u00e9es de march\u00e9 en diff\u00e9r\u00e9 sont disponibles.TFC NYSE/TOP/ALL, contract: Stock(conId=393460310, symbol='TFC', exchange='SMART', primaryExchange='NYSE', currency='USD', localSymbol='TFC', tradingClass='TFC')
2026-04-09 00:21:06,844  ERROR  Error 10089, reqId 195: Les donn\u00e9es de march\u00e9 demand\u00e9es n\u00e9cessitent une souscription suppl\u00e9mentaire pour les connexions API. Pour plus de d\u00e9tails, veuillez consulter le lien de la bo\u00eetre de dialogue \u00ab\u00a0Connexions aux donn\u00e9es de march\u00e9\u00a0\u00bb.Des donn\u00e9es de march\u00e9 en diff\u00e9r\u00e9 sont disponibles.UBER NYSE/TOP/ALL, contract: Stock(conId=365207014, symbol='UBER', exchange='SMART', primaryExchange='NYSE', currency='USD', localSymbol='UBER', tradingClass='UBER')
2026-04-09 00:21:06,845  ERROR  Error 10089, reqId 197: Les donn\u00e9es de march\u00e9 demand\u00e9es n\u00e9cessitent une souscription suppl\u00e9mentaire pour les connexions API. Pour plus de d\u00e9tails, veuillez consulter le lien de la bo\u00eetre de dialogue \u00ab\u00a0Connexions aux donn\u00e9es de march\u00e9\u00a0\u00bb.Des donn\u00e9es de march\u00e9 en diff\u00e9r\u00e9 sont disponibles.UNH NYSE/TOP/ALL, contract: Stock(conId=13272, symbol='UNH', exchange='SMART', primaryExchange='NYSE', currency='USD', localSymbol='UNH', tradingClass='UNH')
2026-04-09 00:21:06,845  ERROR  Error 10089, reqId 198: Les donn\u00e9es de march\u00e9 demand\u00e9es n\u00e9cessitent une souscription suppl\u00e9mentaire pour les connexions API. Pour plus de d\u00e9tails, veuillez consulter le lien de la bo\u00eetre de dialogue \u00ab\u00a0Connexions aux donn\u00e9es de march\u00e9\u00a0\u00bb.Des donn\u00e9es de march\u00e9 en diff\u00e9r\u00e9 sont disponibles.VRSK NASDAQ.NMS/TOP/ALL, contract: Stock(conId=69293559, symbol='VRSK', exchange='SMART', primaryExchange='NASDAQ', currency='USD', localSymbol='VRSK', tradingClass='NMS')
2026-04-09 00:21:06,850  ERROR  Error 10089, reqId 199: Les donn\u00e9es de march\u00e9 demand\u00e9es n\u00e9cessitent une souscription suppl\u00e9mentaire pour les connexions API. Pour plus de d\u00e9tails, veuillez consulter le lien de la bo\u00eetre de dialogue \u00ab\u00a0Connexions aux donn\u00e9es de march\u00e9\u00a0\u00bb.Des donn\u00e9es de march\u00e9 en diff\u00e9r\u00e9 sont disponibles.VRT NYSE/TOP/ALL, contract: Stock(conId=402783527, symbol='VRT', exchange='SMART', primaryExchange='NYSE', currency='USD', localSymbol='VRT', tradingClass='VRT')
2026-04-09 00:21:06,850  ERROR  Error 10089, reqId 200: Les donn\u00e9es de march\u00e9 demand\u00e9es n\u00e9cessitent une souscription suppl\u00e9mentaire pour les connexions API. Pour plus de d\u00e9tails, veuillez consulter le lien de la bo\u00eetre de dialogue \u00ab\u00a0Connexions aux donn\u00e9es de march\u00e9\u00a0\u00bb.Des donn\u00e9es de march\u00e9 en diff\u00e9r\u00e9 sont disponibles.WMT NASDAQ.NMS/TOP/ALL, contract: Stock(conId=13824, symbol='WMT', exchange='SMART', primaryExchange='NASDAQ', currency='USD', localSymbol='WMT', tradingClass='NMS')
2026-04-09 00:21:07,024  ERROR  Error 300, reqId 153: Can't find EId with tickerId:153
2026-04-09 00:21:07,028  ERROR  Error 300, reqId 154: Can't find EId with tickerId:154
2026-04-09 00:21:07,028  ERROR  Error 300, reqId 155: Can't find EId with tickerId:155
2026-04-09 00:21:07,028  ERROR  Error 300, reqId 156: Can't find EId with tickerId:156
2026-04-09 00:21:07,028  ERROR  Error 300, reqId 157: Can't find EId with tickerId:157
2026-04-09 00:21:07,028  ERROR  Error 300, reqId 158: Can't find EId with tickerId:158
2026-04-09 00:21:07,028  ERROR  Error 300, reqId 159: Can't find EId with tickerId:159
2026-04-09 00:21:07,028  ERROR  Error 300, reqId 160: Can't find EId with tickerId:160
2026-04-09 00:21:07,028  ERROR  Error 300, reqId 161: Can't find EId with tickerId:161
2026-04-09 00:21:07,028  ERROR  Error 300, reqId 162: Can't find EId with tickerId:162
2026-04-09 00:21:07,036  ERROR  Error 300, reqId 163: Can't find EId with tickerId:163
2026-04-09 00:21:07,040  ERROR  Error 300, reqId 164: Can't find EId with tickerId:164
2026-04-09 00:21:07,042  ERROR  Error 300, reqId 165: Can't find EId with tickerId:165
2026-04-09 00:21:07,043  ERROR  Error 300, reqId 166: Can't find EId with tickerId:166
2026-04-09 00:21:07,043  ERROR  Error 300, reqId 167: Can't find EId with tickerId:167
2026-04-09 00:21:07,045  ERROR  Error 300, reqId 168: Can't find EId with tickerId:168
2026-04-09 00:21:07,047  ERROR  Error 300, reqId 169: Can't find EId with tickerId:169
2026-04-09 00:21:07,047  ERROR  Error 300, reqId 170: Can't find EId with tickerId:170
2026-04-09 00:21:07,047  ERROR  Error 300, reqId 171: Can't find EId with tickerId:171
2026-04-09 00:21:07,049  ERROR  Error 300, reqId 172: Can't find EId with tickerId:172
2026-04-09 00:21:07,049  ERROR  Error 300, reqId 173: Can't find EId with tickerId:173
2026-04-09 00:21:07,124  ERROR  Error 300, reqId 174: Can't find EId with tickerId:174
2026-04-09 00:21:07,124  ERROR  Error 300, reqId 175: Can't find EId with tickerId:175
2026-04-09 00:21:07,126  ERROR  Error 300, reqId 176: Can't find EId with tickerId:176
2026-04-09 00:21:07,126  ERROR  Error 300, reqId 177: Can't find EId with tickerId:177
2026-04-09 00:21:07,126  ERROR  Error 300, reqId 178: Can't find EId with tickerId:178
2026-04-09 00:21:07,129  ERROR  Error 300, reqId 179: Can't find EId with tickerId:179
2026-04-09 00:21:07,129  ERROR  Error 300, reqId 180: Can't find EId with tickerId:180
2026-04-09 00:21:07,129  ERROR  Error 300, reqId 181: Can't find EId with tickerId:181
2026-04-09 00:21:07,129  ERROR  Error 300, reqId 182: Can't find EId with tickerId:182
2026-04-09 00:21:07,129  ERROR  Error 300, reqId 183: Can't find EId with tickerId:183
2026-04-09 00:21:07,129  ERROR  Error 300, reqId 184: Can't find EId with tickerId:184
2026-04-09 00:21:07,226  ERROR  Error 300, reqId 185: Can't find EId with tickerId:185
2026-04-09 00:21:07,226  ERROR  Error 300, reqId 186: Can't find EId with tickerId:186
2026-04-09 00:21:07,226  ERROR  Error 300, reqId 187: Can't find EId with tickerId:187
2026-04-09 00:21:07,226  ERROR  Error 300, reqId 188: Can't find EId with tickerId:188
2026-04-09 00:21:07,226  ERROR  Error 300, reqId 189: Can't find EId with tickerId:189
2026-04-09 00:21:07,226  ERROR  Error 300, reqId 190: Can't find EId with tickerId:190
2026-04-09 00:21:07,324  ERROR  Error 300, reqId 191: Can't find EId with tickerId:191
2026-04-09 00:21:07,328  ERROR  Error 300, reqId 192: Can't find EId with tickerId:192
2026-04-09 00:21:07,328  ERROR  Error 300, reqId 193: Can't find EId with tickerId:193
2026-04-09 00:21:07,328  ERROR  Error 10089, reqId 201: Les donn\u00e9es de march\u00e9 demand\u00e9es n\u00e9cessitent une souscription suppl\u00e9mentaire pour les connexions API. Pour plus de d\u00e9tails, veuillez consulter le lien de la bo\u00eetre de dialogue \u00ab\u00a0Connexions aux donn\u00e9es de march\u00e9\u00a0\u00bb.Des donn\u00e9es de march\u00e9 en diff\u00e9r\u00e9 sont disponibles.WBD NASDAQ.NMS/TOP/ALL
2026-04-09 00:21:07,328  ERROR  Error 10089, reqId 202: Les donn\u00e9es de march\u00e9 demand\u00e9es n\u00e9cessitent une souscription suppl\u00e9mentaire pour les connexions API. Pour plus de d\u00e9tails, veuillez consulter le lien de la bo\u00eetre de dialogue \u00ab\u00a0Connexions aux donn\u00e9es de march\u00e9\u00a0\u00bb.Des donn\u00e9es de march\u00e9 en diff\u00e9r\u00e9 sont disponibles.WTW NASDAQ.NMS/TOP/ALL
2026-04-09 00:21:07,428  ERROR  Error 300, reqId 194: Can't find EId with tickerId:194
2026-04-09 00:21:07,428  ERROR  Error 300, reqId 195: Can't find EId with tickerId:195
2026-04-09 00:21:07,525  ERROR  Error 300, reqId 196: Can't find EId with tickerId:196
2026-04-09 00:21:07,625  ERROR  Error 300, reqId 197: Can't find EId with tickerId:197
2026-04-09 00:21:08,032  ERROR  Error 300, reqId 198: Can't find EId with tickerId:198
2026-04-09 00:21:08,032  ERROR  Error 300, reqId 199: Can't find EId with tickerId:199
2026-04-09 00:21:08,038  ERROR  Error 300, reqId 200: Can't find EId with tickerId:200
2026-04-09 00:21:08,132  ERROR  Error 300, reqId 201: Can't find EId with tickerId:201
2026-04-09 00:21:08,132  ERROR  Error 300, reqId 202: Can't find EId with tickerId:202
2026-04-09 00:21:10,088  ERROR  Error 200, reqId 246: Aucune d\u00e9finition de titre trouv\u00e9e pour cette requ\u00eate, contract: Stock(symbol='CVG', exchange='SMART', currency='USD')
2026-04-09 00:21:10,336  WARNING  Unknown contract: Stock(symbol='CVG', exchange='SMART', currency='USD')
2026-04-09 00:21:10,355  ERROR  Error 10089, reqId 257: Les donn\u00e9es de march\u00e9 demand\u00e9es n\u00e9cessitent une souscription suppl\u00e9mentaire pour les connexions API. Pour plus de d\u00e9tails, veuillez consulter le lien de la bo\u00eetre de dialogue \u00ab\u00a0Connexions aux donn\u00e9es de march\u00e9\u00a0\u00bb.Des donn\u00e9es de march\u00e9 en diff\u00e9r\u00e9 sont disponibles.CE NYSE/TOP/ALL, contract: Stock(conId=32943358, symbol='CE', exchange='SMART', primaryExchange='NYSE', currency='USD', localSymbol='CE', tradingClass='CE')
2026-04-09 00:21:10,360  ERROR  Error 10089, reqId 259: Les donn\u00e9es de march\u00e9 demand\u00e9es n\u00e9cessitent une souscription suppl\u00e9mentaire pour les connexions API. Pour plus de d\u00e9tails, veuillez consulter le lien de la bo\u00eetre de dialogue \u00ab\u00a0Connexions aux donn\u00e9es de march\u00e9\u00a0\u00bb.Des donn\u00e9es de march\u00e9 en diff\u00e9r\u00e9 sont disponibles.OGN NYSE/TOP/ALL, contract: Stock(conId=490414355, symbol='OGN', exchange='SMART', primaryExchange='NYSE', currency='USD', localSymbol='OGN', tradingClass='OGN')
2026-04-09 00:21:10,362  ERROR  Error 10089, reqId 262: Les donn\u00e9es de march\u00e9 demand\u00e9es n\u00e9cessitent une souscription suppl\u00e9mentaire pour les connexions API. Pour plus de d\u00e9tails, veuillez consulter le lien de la bo\u00eetre de dialogue \u00ab\u00a0Connexions aux donn\u00e9es de march\u00e9\u00a0\u00bb.Des donn\u00e9es de march\u00e9 en diff\u00e9r\u00e9 sont disponibles.PVH NYSE/TOP/ALL, contract: Stock(conId=90794895, symbol='PVH', exchange='SMART', primaryExchange='NYSE', currency='USD', localSymbol='PVH', tradingClass='PVH')
2026-04-09 00:21:10,368  ERROR  Error 10089, reqId 266: Les donn\u00e9es de march\u00e9 demand\u00e9es n\u00e9cessitent une souscription suppl\u00e9mentaire pour les connexions API. Pour plus de d\u00e9tails, veuillez consulter le lien de la bo\u00eetre de dialogue \u00ab\u00a0Connexions aux donn\u00e9es de march\u00e9\u00a0\u00bb.Des donn\u00e9es de march\u00e9 en diff\u00e9r\u00e9 sont disponibles.SLG NYSE/TOP/ALL, contract: Stock(conId=537789289, symbol='SLG', exchange='SMART', primaryExchange='NYSE', currency='USD', localSymbol='SLG', tradingClass='SLG')
2026-04-09 00:21:10,455  ERROR  Error 10089, reqId 271: Les donn\u00e9es de march\u00e9 demand\u00e9es n\u00e9cessitent une souscription suppl\u00e9mentaire pour les connexions API. Pour plus de d\u00e9tails, veuillez consulter le lien de la bo\u00eetre de dialogue \u00ab\u00a0Connexions aux donn\u00e9es de march\u00e9\u00a0\u00bb.Des donn\u00e9es de march\u00e9 en diff\u00e9r\u00e9 sont disponibles.MAC NYSE/TOP/ALL, contract: Stock(conId=9322, symbol='MAC', exchange='SMART', primaryExchange='NYSE', currency='USD', localSymbol='MAC', tradingClass='MAC')
2026-04-09 00:21:10,562  ERROR  Error 10089, reqId 253: Les donn\u00e9es de march\u00e9 demand\u00e9es n\u00e9cessitent une souscription suppl\u00e9mentaire pour les connexions API. Pour plus de d\u00e9tails, veuillez consulter le lien de la bo\u00eetre de dialogue \u00ab\u00a0Connexions aux donn\u00e9es de march\u00e9\u00a0\u00bb.Des donn\u00e9es de march\u00e9 en diff\u00e9r\u00e9 sont disponibles.MOH NYSE/TOP/ALL, contract: Stock(conId=19012089, symbol='MOH', exchange='SMART', primaryExchange='NYSE', currency='USD', localSymbol='MOH', tradingClass='MOH')
2026-04-09 00:21:10,656  ERROR  Error 10089, reqId 281: Les donn\u00e9es de march\u00e9 demand\u00e9es n\u00e9cessitent une souscription suppl\u00e9mentaire pour les connexions API. Pour plus de d\u00e9tails, veuillez consulter le lien de la bo\u00eetre de dialogue \u00ab\u00a0Connexions aux donn\u00e9es de march\u00e9\u00a0\u00bb.Des donn\u00e9es de march\u00e9 en diff\u00e9r\u00e9 sont disponibles.TE NYSE/TOP/ALL, contract: Stock(conId=674590140, symbol='TE', exchange='SMART', primaryExchange='NYSE', currency='USD', localSymbol='TE', tradingClass='TE')
2026-04-09 00:21:10,855  ERROR  Error 10089, reqId 284: Les donn\u00e9es de march\u00e9 demand\u00e9es n\u00e9cessitent une souscription suppl\u00e9mentaire pour les connexions API. Pour plus de d\u00e9tails, veuillez consulter le lien de la bo\u00eetre de dialogue \u00ab\u00a0Connexions aux donn\u00e9es de march\u00e9\u00a0\u00bb.Des donn\u00e9es de march\u00e9 en diff\u00e9r\u00e9 sont disponibles.THC NYSE/TOP/ALL, contract: Stock(conId=114929760, symbol='THC', exchange='SMART', primaryExchange='NYSE', currency='USD', localSymbol='THC', tradingClass='THC')
2026-04-09 00:21:11,065  ERROR  Error 10089, reqId 254: Les donn\u00e9es de march\u00e9 demand\u00e9es n\u00e9cessitent une souscription suppl\u00e9mentaire pour les connexions API. Pour plus de d\u00e9tails, veuillez consulter le lien de la bo\u00eetre de dialogue \u00ab\u00a0Connexions aux donn\u00e9es de march\u00e9\u00a0\u00bb.Des donn\u00e9es de march\u00e9 en diff\u00e9r\u00e9 sont disponibles.ENPH NASDAQ.NMS/TOP/ALL, contract: Stock(conId=105368327, symbol='ENPH', exchange='SMART', primaryExchange='NASDAQ', currency='USD', localSymbol='ENPH', tradingClass='NMS')
2026-04-09 00:21:11,072  ERROR  Error 10089, reqId 255: Les donn\u00e9es de march\u00e9 demand\u00e9es n\u00e9cessitent une souscription suppl\u00e9mentaire pour les connexions API. Pour plus de d\u00e9tails, veuillez consulter le lien de la bo\u00eetre de dialogue \u00ab\u00a0Connexions aux donn\u00e9es de march\u00e9\u00a0\u00bb.Des donn\u00e9es de march\u00e9 en diff\u00e9r\u00e9 sont disponibles.CZR NASDAQ.NMS/TOP/ALL, contract: Stock(conId=435774408, symbol='CZR', exchange='SMART', primaryExchange='NASDAQ', currency='USD', localSymbol='CZR', tradingClass='NMS')
2026-04-09 00:21:11,075  ERROR  Error 10089, reqId 256: Les donn\u00e9es de march\u00e9 demand\u00e9es n\u00e9cessitent une souscription suppl\u00e9mentaire pour les connexions API. Pour plus de d\u00e9tails, veuillez consulter le lien de la bo\u00eetre de dialogue \u00ab\u00a0Connexions aux donn\u00e9es de march\u00e9\u00a0\u00bb.Des donn\u00e9es de march\u00e9 en diff\u00e9r\u00e9 sont disponibles.BWA NYSE/TOP/ALL, contract: Stock(conId=5336, symbol='BWA', exchange='SMART', primaryExchange='NYSE', currency='USD', localSymbol='BWA', tradingClass='BWA')
2026-04-09 00:21:11,084  ERROR  Error 10089, reqId 258: Les donn\u00e9es de march\u00e9 demand\u00e9es n\u00e9cessitent une souscription suppl\u00e9mentaire pour les connexions API. Pour plus de d\u00e9tails, veuillez consulter le lien de la bo\u00eetre de dialogue \u00ab\u00a0Connexions aux donn\u00e9es de march\u00e9\u00a0\u00bb.Des donn\u00e9es de march\u00e9 en diff\u00e9r\u00e9 sont disponibles.ZION NASDAQ.NMS/TOP/ALL, contract: Stock(conId=276329, symbol='ZION', exchange='SMART', primaryExchange='NASDAQ', currency='USD', localSymbol='ZION', tradingClass='NMS')
2026-04-09 00:21:11,088  ERROR  Error 10089, reqId 260: Les donn\u00e9es de march\u00e9 demand\u00e9es n\u00e9cessitent une souscription suppl\u00e9mentaire pour les connexions API. Pour plus de d\u00e9tails, veuillez consulter le lien de la bo\u00eetre de dialogue \u00ab\u00a0Connexions aux donn\u00e9es de march\u00e9\u00a0\u00bb.Des donn\u00e9es de march\u00e9 en diff\u00e9r\u00e9 sont disponibles.LNC NYSE/TOP/ALL, contract: Stock(conId=9174, symbol='LNC', exchange='SMART', primaryExchange='NYSE', currency='USD', localSymbol='LNC', tradingClass='LNC')
2026-04-09 00:21:11,092  ERROR  Error 10089, reqId 261: Les donn\u00e9es de march\u00e9 demand\u00e9es n\u00e9cessitent une souscription suppl\u00e9mentaire pour les connexions API. Pour plus de d\u00e9tails, veuillez consulter le lien de la bo\u00eetre de dialogue \u00ab\u00a0Connexions aux donn\u00e9es de march\u00e9\u00a0\u00bb.Des donn\u00e9es de march\u00e9 en diff\u00e9r\u00e9 sont disponibles.VNO NYSE/TOP/ALL, contract: Stock(conId=13535, symbol='VNO', exchange='SMART', primaryExchange='NYSE', currency='USD', localSymbol='VNO', tradingClass='VNO')
2026-04-09 00:21:11,095  ERROR  Error 10089, reqId 263: Les donn\u00e9es de march\u00e9 demand\u00e9es n\u00e9cessitent une souscription suppl\u00e9mentaire pour les connexions API. Pour plus de d\u00e9tails, veuillez consulter le lien de la bo\u00eetre de dialogue \u00ab\u00a0Connexions aux donn\u00e9es de march\u00e9\u00a0\u00bb.Des donn\u00e9es de march\u00e9 en diff\u00e9r\u00e9 sont disponibles.PENN NASDAQ.NMS/TOP/ALL, contract: Stock(conId=4816415, symbol='PENN', exchange='SMART', primaryExchange='NASDAQ', currency='USD', localSymbol='PENN', tradingClass='NMS')
2026-04-09 00:21:11,097  ERROR  Error 10089, reqId 264: Les donn\u00e9es de march\u00e9 demand\u00e9es n\u00e9cessitent une souscription suppl\u00e9mentaire pour les connexions API. Pour plus de d\u00e9tails, veuillez consulter le lien de la bo\u00eetre de dialogue \u00ab\u00a0Connexions aux donn\u00e9es de march\u00e9\u00a0\u00bb.Des donn\u00e9es de march\u00e9 en diff\u00e9r\u00e9 sont disponibles.UA NYSE/TOP/ALL, contract: Stock(conId=225590118, symbol='UA', exchange='SMART', primaryExchange='NYSE', currency='USD', localSymbol='UA', tradingClass='UA')
2026-04-09 00:21:11,098  ERROR  Error 10089, reqId 265: Les donn\u00e9es de march\u00e9 demand\u00e9es n\u00e9cessitent une souscription suppl\u00e9mentaire pour les connexions API. Pour plus de d\u00e9tails, veuillez consulter le lien de la bo\u00eetre de dialogue \u00ab\u00a0Connexions aux donn\u00e9es de march\u00e9\u00a0\u00bb.Des donn\u00e9es de march\u00e9 en diff\u00e9r\u00e9 sont disponibles.UNM NYSE/TOP/ALL, contract: Stock(conId=13277, symbol='UNM', exchange='SMART', primaryExchange='NYSE', currency='USD', localSymbol='UNM', tradingClass='UNM')
2026-04-09 00:21:11,100  ERROR  Error 10089, reqId 267: Les donn\u00e9es de march\u00e9 demand\u00e9es n\u00e9cessitent une souscription suppl\u00e9mentaire pour les connexions API. Pour plus de d\u00e9tails, veuillez consulter le lien de la bo\u00eetre de dialogue \u00ab\u00a0Connexions aux donn\u00e9es de march\u00e9\u00a0\u00bb.Des donn\u00e9es de march\u00e9 en diff\u00e9r\u00e9 sont disponibles.FTI NYSE/TOP/ALL, contract: Stock(conId=262072228, symbol='FTI', exchange='SMART', primaryExchange='NYSE', currency='USD', localSymbol='FTI', tradingClass='FTI')
2026-04-09 00:21:11,102  ERROR  Error 10089, reqId 268: Les donn\u00e9es de march\u00e9 demand\u00e9es n\u00e9cessitent une souscription suppl\u00e9mentaire pour les connexions API. Pour plus de d\u00e9tails, veuillez consulter le lien de la bo\u00eetre de dialogue \u00ab\u00a0Connexions aux donn\u00e9es de march\u00e9\u00a0\u00bb.Des donn\u00e9es de march\u00e9 en diff\u00e9r\u00e9 sont disponibles.COTY NYSE/TOP/ALL, contract: Stock(conId=129131475, symbol='COTY', exchange='SMART', primaryExchange='NYSE', currency='USD', localSymbol='COTY', tradingClass='COTY')
2026-04-09 00:21:11,104  ERROR  Error 10089, reqId 269: Les donn\u00e9es de march\u00e9 demand\u00e9es n\u00e9cessitent une souscription suppl\u00e9mentaire pour les connexions API. Pour plus de d\u00e9tails, veuillez consulter le lien de la bo\u00eetre de dialogue \u00ab\u00a0Connexions aux donn\u00e9es de march\u00e9\u00a0\u00bb.Des donn\u00e9es de march\u00e9 en diff\u00e9r\u00e9 sont disponibles.CPRI NYSE/TOP/ALL, contract: Stock(conId=347409760, symbol='CPRI', exchange='SMART', primaryExchange='NYSE', currency='USD', localSymbol='CPRI', tradingClass='CPRI')
2026-04-09 00:21:11,106  ERROR  Error 10089, reqId 270: Les donn\u00e9es de march\u00e9 demand\u00e9es n\u00e9cessitent une souscription suppl\u00e9mentaire pour les connexions API. Pour plus de d\u00e9tails, veuillez consulter le lien de la bo\u00eetre de dialogue \u00ab\u00a0Connexions aux donn\u00e9es de march\u00e9\u00a0\u00bb.Des donn\u00e9es de march\u00e9 en diff\u00e9r\u00e9 sont disponibles.TRIP NASDAQ.NMS/TOP/ALL, contract: Stock(conId=98542026, symbol='TRIP', exchange='SMART', primaryExchange='NASDAQ', currency='USD', localSymbol='TRIP', tradingClass='NMS')
2026-04-09 00:21:11,108  ERROR  Error 10089, reqId 272: Les donn\u00e9es de march\u00e9 demand\u00e9es n\u00e9cessitent une souscription suppl\u00e9mentaire pour les connexions API. Pour plus de d\u00e9tails, veuillez consulter le lien de la bo\u00eetre de dialogue \u00ab\u00a0Connexions aux donn\u00e9es de march\u00e9\u00a0\u00bb.Des donn\u00e9es de march\u00e9 en diff\u00e9r\u00e9 sont disponibles.STI NASDAQ.SCM/TOP/ALL, contract: Stock(conId=782964354, symbol='STI', exchange='SMART', primaryExchange='NASDAQ', currency='USD', localSymbol='STI', tradingClass='SCM')
2026-04-09 00:21:11,108  ERROR  Error 10089, reqId 273: Les donn\u00e9es de march\u00e9 demand\u00e9es n\u00e9cessitent une souscription suppl\u00e9mentaire pour les connexions API. Pour plus de d\u00e9tails, veuillez consulter le lien de la bo\u00eetre de dialogue \u00ab\u00a0Connexions aux donn\u00e9es de march\u00e9\u00a0\u00bb.Des donn\u00e9es de march\u00e9 en diff\u00e9r\u00e9 sont disponibles.NKTR NASDAQ.SCM/TOP/ALL, contract: Stock(conId=789862827, symbol='NKTR', exchange='SMART', primaryExchange='NASDAQ', currency='USD', localSymbol='NKTR', tradingClass='SCM')
2026-04-09 00:21:11,110  ERROR  Error 10089, reqId 274: Les donn\u00e9es de march\u00e9 demand\u00e9es n\u00e9cessitent une souscription suppl\u00e9mentaire pour les connexions API. Pour plus de d\u00e9tails, veuillez consulter le lien de la bo\u00eetre de dialogue \u00ab\u00a0Connexions aux donn\u00e9es de march\u00e9\u00a0\u00bb.Des donn\u00e9es de march\u00e9 en diff\u00e9r\u00e9 sont disponibles.FLR NYSE/TOP/ALL, contract: Stock(conId=11218575, symbol='FLR', exchange='SMART', primaryExchange='NYSE', currency='USD', localSymbol='FLR', tradingClass='FLR')
2026-04-09 00:21:11,112  ERROR  Error 10089, reqId 275: Les donn\u00e9es de march\u00e9 demand\u00e9es n\u00e9cessitent une souscription suppl\u00e9mentaire pour les connexions API. Pour plus de d\u00e9tails, veuillez consulter le lien de la bo\u00eetre de dialogue \u00ab\u00a0Connexions aux donn\u00e9es de march\u00e9\u00a0\u00bb.Des donn\u00e9es de march\u00e9 en diff\u00e9r\u00e9 sont disponibles.BHF NASDAQ.NMS/TOP/ALL, contract: Stock(conId=282563276, symbol='BHF', exchange='SMART', primaryExchange='NASDAQ', currency='USD', localSymbol='BHF', tradingClass='NMS')
2026-04-09 00:21:11,116  ERROR  Error 10089, reqId 276: Les donn\u00e9es de march\u00e9 demand\u00e9es n\u00e9cessitent une souscription suppl\u00e9mentaire pour les connexions API. Pour plus de d\u00e9tails, veuillez consulter le lien de la bo\u00eetre de dialogue \u00ab\u00a0Connexions aux donn\u00e9es de march\u00e9\u00a0\u00bb.Des donn\u00e9es de march\u00e9 en diff\u00e9r\u00e9 sont disponibles.SIG NYSE/TOP/ALL, contract: Stock(conId=53747825, symbol='SIG', exchange='SMART', primaryExchange='NYSE', currency='USD', localSymbol='SIG', tradingClass='SIG')
2026-04-09 00:21:11,118  ERROR  Error 10089, reqId 277: Les donn\u00e9es de march\u00e9 demand\u00e9es n\u00e9cessitent une souscription suppl\u00e9mentaire pour les connexions API. Pour plus de d\u00e9tails, veuillez consulter le lien de la bo\u00eetre de dialogue \u00ab\u00a0Connexions aux donn\u00e9es de march\u00e9\u00a0\u00bb.Des donn\u00e9es de march\u00e9 en diff\u00e9r\u00e9 sont disponibles.RIG NYSE/TOP/ALL, contract: Stock(conId=56505491, symbol='RIG', exchange='SMART', primaryExchange='NYSE', currency='USD', localSymbol='RIG', tradingClass='RIG')
2026-04-09 00:21:11,119  ERROR  Error 10089, reqId 278: Les donn\u00e9es de march\u00e9 demand\u00e9es n\u00e9cessitent une souscription suppl\u00e9mentaire pour les connexions API. Pour plus de d\u00e9tails, veuillez consulter le lien de la bo\u00eetre de dialogue \u00ab\u00a0Connexions aux donn\u00e9es de march\u00e9\u00a0\u00bb.Des donn\u00e9es de march\u00e9 en diff\u00e9r\u00e9 sont disponibles.BBBY NYSE/TOP/ALL, contract: Stock(conId=15130059, symbol='BBBY', exchange='SMART', primaryExchange='NYSE', currency='USD', localSymbol='BBBY', tradingClass='BBBY')
2026-04-09 00:21:11,123  ERROR  Error 10089, reqId 279: Les donn\u00e9es de march\u00e9 demand\u00e9es n\u00e9cessitent une souscription suppl\u00e9mentaire pour les connexions API. Pour plus de d\u00e9tails, veuillez consulter le lien de la bo\u00eetre de dialogue \u00ab\u00a0Connexions aux donn\u00e9es de march\u00e9\u00a0\u00bb.Des donn\u00e9es de march\u00e9 en diff\u00e9r\u00e9 sont disponibles.PBI NYSE/TOP/ALL, contract: Stock(conId=10920, symbol='PBI', exchange='SMART', primaryExchange='NYSE', currency='USD', localSymbol='PBI', tradingClass='PBI')
2026-04-09 00:21:11,129  ERROR  Error 10089, reqId 280: Les donn\u00e9es de march\u00e9 demand\u00e9es n\u00e9cessitent une souscription suppl\u00e9mentaire pour les connexions API. Pour plus de d\u00e9tails, veuillez consulter le lien de la bo\u00eetre de dialogue \u00ab\u00a0Connexions aux donn\u00e9es de march\u00e9\u00a0\u00bb.Des donn\u00e9es de march\u00e9 en diff\u00e9r\u00e9 sont disponibles.SE NYSE/TOP/ALL, contract: Stock(conId=292735472, symbol='SE', exchange='SMART', primaryExchange='NYSE', currency='USD', localSymbol='SE', tradingClass='SE')
2026-04-09 00:21:11,131  ERROR  Error 10089, reqId 282: Les donn\u00e9es de march\u00e9 demand\u00e9es n\u00e9cessitent une souscription suppl\u00e9mentaire pour les connexions API. Pour plus de d\u00e9tails, veuillez consulter le lien de la bo\u00eetre de dialogue \u00ab\u00a0Connexions aux donn\u00e9es de march\u00e9\u00a0\u00bb.Des donn\u00e9es de march\u00e9 en diff\u00e9r\u00e9 sont disponibles.ADT NYSE/TOP/ALL, contract: Stock(conId=302902498, symbol='ADT', exchange='SMART', primaryExchange='NYSE', currency='USD', localSymbol='ADT', tradingClass='ADT')
2026-04-09 00:21:11,133  ERROR  Error 10089, reqId 283: Les donn\u00e9es de march\u00e9 demand\u00e9es n\u00e9cessitent une souscription suppl\u00e9mentaire pour les connexions API. Pour plus de d\u00e9tails, veuillez consulter le lien de la bo\u00eetre de dialogue \u00ab\u00a0Connexions aux donn\u00e9es de march\u00e9\u00a0\u00bb.Des donn\u00e9es de march\u00e9 en diff\u00e9r\u00e9 sont disponibles.GME NYSE/TOP/ALL, contract: Stock(conId=36285627, symbol='GME', exchange='SMART', primaryExchange='NYSE', currency='USD', localSymbol='GME', tradingClass='GME')
2026-04-09 00:21:11,255  ERROR  Error 10089, reqId 288: Les donn\u00e9es de march\u00e9 demand\u00e9es n\u00e9cessitent une souscription suppl\u00e9mentaire pour les connexions API. Pour plus de d\u00e9tails, veuillez consulter le lien de la bo\u00eetre de dialogue \u00ab\u00a0Connexions aux donn\u00e9es de march\u00e9\u00a0\u00bb.Des donn\u00e9es de march\u00e9 en diff\u00e9r\u00e9 sont disponibles.ANF NYSE/TOP/ALL, contract: Stock(conId=2585399, symbol='ANF', exchange='SMART', primaryExchange='NYSE', currency='USD', localSymbol='ANF', tradingClass='ANF')
2026-04-09 00:21:11,466  ERROR  Error 10089, reqId 295: Les donn\u00e9es de march\u00e9 demand\u00e9es n\u00e9cessitent une souscription suppl\u00e9mentaire pour les connexions API. Pour plus de d\u00e9tails, veuillez consulter le lien de la bo\u00eetre de dialogue \u00ab\u00a0Connexions aux donn\u00e9es de march\u00e9\u00a0\u00bb.Des donn\u00e9es de march\u00e9 en diff\u00e9r\u00e9 sont disponibles.KBH NYSE/TOP/ALL, contract: Stock(conId=8772, symbol='KBH', exchange='SMART', primaryExchange='NYSE', currency='USD', localSymbol='KBH', tradingClass='KBH')
2026-04-09 00:21:11,820  ERROR  Error 10089, reqId 285: Les donn\u00e9es de march\u00e9 demand\u00e9es n\u00e9cessitent une souscription suppl\u00e9mentaire pour les connexions API. Pour plus de d\u00e9tails, veuillez consulter le lien de la bo\u00eetre de dialogue \u00ab\u00a0Connexions aux donn\u00e9es de march\u00e9\u00a0\u00bb.Des donn\u00e9es de march\u00e9 en diff\u00e9r\u00e9 sont disponibles.NE NYSE/TOP/ALL, contract: Stock(conId=587257548, symbol='NE', exchange='SMART', primaryExchange='NYSE', currency='USD', localSymbol='NE', tradingClass='NE')
2026-04-09 00:21:11,822  ERROR  Error 10089, reqId 286: Les donn\u00e9es de march\u00e9 demand\u00e9es n\u00e9cessitent une souscription suppl\u00e9mentaire pour les connexions API. Pour plus de d\u00e9tails, veuillez consulter le lien de la bo\u00eetre de dialogue \u00ab\u00a0Connexions aux donn\u00e9es de march\u00e9\u00a0\u00bb.Des donn\u00e9es de march\u00e9 en diff\u00e9r\u00e9 sont disponibles.NBR NYSE/TOP/ALL, contract: Stock(conId=417915989, symbol='NBR', exchange='SMART', primaryExchange='NYSE', currency='USD', localSymbol='NBR', tradingClass='NBR')
2026-04-09 00:21:11,824  ERROR  Error 10089, reqId 287: Les donn\u00e9es de march\u00e9 demand\u00e9es n\u00e9cessitent une souscription suppl\u00e9mentaire pour les connexions API. Pour plus de d\u00e9tails, veuillez consulter le lien de la bo\u00eetre de dialogue \u00ab\u00a0Connexions aux donn\u00e9es de march\u00e9\u00a0\u00bb.Des donn\u00e9es de march\u00e9 en diff\u00e9r\u00e9 sont disponibles.BEAM NASDAQ.NMS/TOP/ALL, contract: Stock(conId=402800754, symbol='BEAM', exchange='SMART', primaryExchange='NASDAQ', currency='USD', localSymbol='BEAM', tradingClass='NMS')
2026-04-09 00:21:11,826  ERROR  Error 10089, reqId 289: Les donn\u00e9es de march\u00e9 demand\u00e9es n\u00e9cessitent une souscription suppl\u00e9mentaire pour les connexions API. Pour plus de d\u00e9tails, veuillez consulter le lien de la bo\u00eetre de dialogue \u00ab\u00a0Connexions aux donn\u00e9es de march\u00e9\u00a0\u00bb.Des donn\u00e9es de march\u00e9 en diff\u00e9r\u00e9 sont disponibles.S NYSE/TOP/ALL, contract: Stock(conId=499640681, symbol='S', exchange='SMART', primaryExchange='NYSE', currency='USD', localSymbol='S', tradingClass='S')
2026-04-09 00:21:11,831  ERROR  Error 10089, reqId 290: Les donn\u00e9es de march\u00e9 demand\u00e9es n\u00e9cessitent une souscription suppl\u00e9mentaire pour les connexions API. Pour plus de d\u00e9tails, veuillez consulter le lien de la bo\u00eetre de dialogue \u00ab\u00a0Connexions aux donn\u00e9es de march\u00e9\u00a0\u00bb.Des donn\u00e9es de march\u00e9 en diff\u00e9r\u00e9 sont disponibles.DV NYSE/TOP/ALL, contract: Stock(conId=483311209, symbol='DV', exchange='SMART', primaryExchange='NYSE', currency='USD', localSymbol='DV', tradingClass='DV')
2026-04-09 00:21:11,832  ERROR  Error 10089, reqId 291: Les donn\u00e9es de march\u00e9 demand\u00e9es n\u00e9cessitent une souscription suppl\u00e9mentaire pour les connexions API. Pour plus de d\u00e9tails, veuillez consulter le lien de la bo\u00eetre de dialogue \u00ab\u00a0Connexions aux donn\u00e9es de march\u00e9\u00a0\u00bb.Des donn\u00e9es de march\u00e9 en diff\u00e9r\u00e9 sont disponibles.SLE NASDAQ.SCM/TOP/ALL, contract: Stock(conId=848231171, symbol='SLE', exchange='SMART', primaryExchange='NASDAQ', currency='USD', localSymbol='SLE', tradingClass='SCM')
2026-04-09 00:21:11,836  ERROR  Error 10089, reqId 292: Les donn\u00e9es de march\u00e9 demand\u00e9es n\u00e9cessitent une souscription suppl\u00e9mentaire pour les connexions API. Pour plus de d\u00e9tails, veuillez consulter le lien de la bo\u00eetre de dialogue \u00ab\u00a0Connexions aux donn\u00e9es de march\u00e9\u00a0\u00bb.Des donn\u00e9es de march\u00e9 en diff\u00e9r\u00e9 sont disponibles.MMI NYSE/TOP/ALL, contract: Stock(conId=137498854, symbol='MMI', exchange='SMART', primaryExchange='NYSE', currency='USD', localSymbol='MMI', tradingClass='MMI')
2026-04-09 00:21:11,838  ERROR  Error 10089, reqId 293: Les donn\u00e9es de march\u00e9 demand\u00e9es n\u00e9cessitent une souscription suppl\u00e9mentaire pour les connexions API. Pour plus de d\u00e9tails, veuillez consulter le lien de la bo\u00eetre de dialogue \u00ab\u00a0Connexions aux donn\u00e9es de march\u00e9\u00a0\u00bb.Des donn\u00e9es de march\u00e9 en diff\u00e9r\u00e9 sont disponibles.MI AMEX/TOP/ALL, contract: Stock(conId=694721776, symbol='MI', exchange='SMART', primaryExchange='AMEX', currency='USD', localSymbol='MI', tradingClass='MI')
2026-04-09 00:21:12,321  ERROR  Error 10089, reqId 294: Les donn\u00e9es de march\u00e9 demand\u00e9es n\u00e9cessitent une souscription suppl\u00e9mentaire pour les connexions API. Pour plus de d\u00e9tails, veuillez consulter le lien de la bo\u00eetre de dialogue \u00ab\u00a0Connexions aux donn\u00e9es de march\u00e9\u00a0\u00bb.Des donn\u00e9es de march\u00e9 en diff\u00e9r\u00e9 sont disponibles.DYN NASDAQ.NMS/TOP/ALL, contract: Stock(conId=445554142, symbol='DYN', exchange='SMART', primaryExchange='NASDAQ', currency='USD', localSymbol='DYN', tradingClass='NMS')
2026-04-09 00:21:12,323  ERROR  Error 10089, reqId 296: Les donn\u00e9es de march\u00e9 demand\u00e9es n\u00e9cessitent une souscription suppl\u00e9mentaire pour les connexions API. Pour plus de d\u00e9tails, veuillez consulter le lien de la bo\u00eetre de dialogue \u00ab\u00a0Connexions aux donn\u00e9es de march\u00e9\u00a0\u00bb.Des donn\u00e9es de march\u00e9 en diff\u00e9r\u00e9 sont disponibles.MBI NYSE/TOP/ALL, contract: Stock(conId=9388, symbol='MBI', exchange='SMART', primaryExchange='NYSE', currency='USD', localSymbol='MBI', tradingClass='MBI')
2026-04-09 00:21:12,327  ERROR  Error 10089, reqId 297: Les donn\u00e9es de march\u00e9 demand\u00e9es n\u00e9cessitent une souscription suppl\u00e9mentaire pour les connexions API. Pour plus de d\u00e9tails, veuillez consulter le lien de la bo\u00eetre de dialogue \u00ab\u00a0Connexions aux donn\u00e9es de march\u00e9\u00a0\u00bb.Des donn\u00e9es de march\u00e9 en diff\u00e9r\u00e9 sont disponibles.WB NASDAQ.NMS/TOP/ALL, contract: Stock(conId=148782724, symbol='WB', exchange='SMART', primaryExchange='NASDAQ', currency='USD', localSymbol='WB', tradingClass='NMS')
2026-04-09 00:21:12,330  ERROR  Error 10089, reqId 298: Les donn\u00e9es de march\u00e9 demand\u00e9es n\u00e9cessitent une souscription suppl\u00e9mentaire pour les connexions API. Pour plus de d\u00e9tails, veuillez consulter le lien de la bo\u00eetre de dialogue \u00ab\u00a0Connexions aux donn\u00e9es de march\u00e9\u00a0\u00bb.Des donn\u00e9es de march\u00e9 en diff\u00e9r\u00e9 sont disponibles.BC NYSE/TOP/ALL, contract: Stock(conId=4820, symbol='BC', exchange='SMART', primaryExchange='NYSE', currency='USD', localSymbol='BC', tradingClass='BC')
2026-04-09 00:21:12,333  ERROR  Error 10089, reqId 299: Les donn\u00e9es de march\u00e9 demand\u00e9es n\u00e9cessitent une souscription suppl\u00e9mentaire pour les connexions API. Pour plus de d\u00e9tails, veuillez consulter le lien de la bo\u00eetre de dialogue \u00ab\u00a0Connexions aux donn\u00e9es de march\u00e9\u00a0\u00bb.Des donn\u00e9es de march\u00e9 en diff\u00e9r\u00e9 sont disponibles.ADCT NYSE/TOP/ALL, contract: Stock(conId=421686551, symbol='ADCT', exchange='SMART', primaryExchange='NYSE', currency='USD', localSymbol='ADCT', tradingClass='ADCT')
2026-04-09 00:21:12,340  ERROR  Error 10089, reqId 300: Les donn\u00e9es de march\u00e9 demand\u00e9es n\u00e9cessitent une souscription suppl\u00e9mentaire pour les connexions API. Pour plus de d\u00e9tails, veuillez consulter le lien de la bo\u00eetre de dialogue \u00ab\u00a0Connexions aux donn\u00e9es de march\u00e9\u00a0\u00bb.Des donn\u00e9es de march\u00e9 en diff\u00e9r\u00e9 sont disponibles.GRN ARCA/TOP/ALL, contract: Stock(conId=382539926, symbol='GRN', exchange='SMART', primaryExchange='ARCA', currency='USD', localSymbol='GRN', tradingClass='GRN')
2026-04-09 00:21:12,343  ERROR  Error 10089, reqId 301: Les donn\u00e9es de march\u00e9 demand\u00e9es n\u00e9cessitent une souscription suppl\u00e9mentaire pour les connexions API. Pour plus de d\u00e9tails, veuillez consulter le lien de la bo\u00eetre de dialogue \u00ab\u00a0Connexions aux donn\u00e9es de march\u00e9\u00a0\u00bb.Des donn\u00e9es de march\u00e9 en diff\u00e9r\u00e9 sont disponibles.USL ARCA/TOP/ALL, contract: Stock(conId=47566220, symbol='USL', exchange='SMART', primaryExchange='ARCA', currency='USD', localSymbol='USL', tradingClass='USL')
2026-04-09 00:26:34,516  INFO  Strategy modules loaded OK
2026-04-09 00:26:34,518  INFO  ============================================================
2026-04-09 00:26:34,518  INFO   IBKR Paper Trading Executor
2026-04-09 00:26:34,518  INFO   Mode: DRY RUN
2026-04-09 00:26:34,518  INFO   Capital: $100,000
2026-04-09 00:26:34,519  INFO  ============================================================
2026-04-09 00:26:34,519  INFO  Loading prices from data/prices_pit.csv...
2026-04-09 00:26:34,848  INFO  Prices loaded: 624 tickers × 400 days
2026-04-09 00:26:34,925  INFO  Computing factors...
2026-04-09 00:26:37,646  INFO  Generating signals...
2026-04-09 00:27:05,755  INFO  Using signal from 2023-12-22
2026-04-09 00:27:05,810  INFO  Target: 75 long, 75 short
2026-04-09 00:27:07,998  ERROR  Error 10089, reqId 53: Les donn\u00e9es de march\u00e9 demand\u00e9es n\u00e9cessitent une souscription suppl\u00e9mentaire pour les connexions API. Pour plus de d\u00e9tails, veuillez consulter le lien de la bo\u00eetre de dialogue \u00ab\u00a0Connexions aux donn\u00e9es de march\u00e9\u00a0\u00bb.Des donn\u00e9es de march\u00e9 en diff\u00e9r\u00e9 sont disponibles.ARE NYSE/TOP/ALL, contract: Stock(conId=6607487, symbol='ARE', exchange='SMART', primaryExchange='NYSE', currency='USD', localSymbol='ARE', tradingClass='ARE')
2026-04-09 00:27:08,750  ERROR  Error 10089, reqId 54: Les donn\u00e9es de march\u00e9 demand\u00e9es n\u00e9cessitent une souscription suppl\u00e9mentaire pour les connexions API. Pour plus de d\u00e9tails, veuillez consulter le lien de la bo\u00eetre de dialogue \u00ab\u00a0Connexions aux donn\u00e9es de march\u00e9\u00a0\u00bb.Des donn\u00e9es de march\u00e9 en diff\u00e9r\u00e9 sont disponibles.AEE NYSE/TOP/ALL, contract: Stock(conId=13181, symbol='AEE', exchange='SMART', primaryExchange='NYSE', currency='USD', localSymbol='AEE', tradingClass='AEE')
2026-04-09 00:27:08,751  ERROR  Error 10089, reqId 55: Les donn\u00e9es de march\u00e9 demand\u00e9es n\u00e9cessitent une souscription suppl\u00e9mentaire pour les connexions API. Pour plus de d\u00e9tails, veuillez consulter le lien de la bo\u00eetre de dialogue \u00ab\u00a0Connexions aux donn\u00e9es de march\u00e9\u00a0\u00bb.Des donn\u00e9es de march\u00e9 en diff\u00e9r\u00e9 sont disponibles.AON NYSE/TOP/ALL, contract: Stock(conId=414366114, symbol='AON', exchange='SMART', primaryExchange='NYSE', currency='USD', localSymbol='AON', tradingClass='AON')
2026-04-09 00:27:08,751  ERROR  Error 10089, reqId 56: Les donn\u00e9es de march\u00e9 demand\u00e9es n\u00e9cessitent une souscription suppl\u00e9mentaire pour les connexions API. Pour plus de d\u00e9tails, veuillez consulter le lien de la bo\u00eetre de dialogue \u00ab\u00a0Connexions aux donn\u00e9es de march\u00e9\u00a0\u00bb.Des donn\u00e9es de march\u00e9 en diff\u00e9r\u00e9 sont disponibles.APA NASDAQ.NMS/TOP/ALL, contract: Stock(conId=474515500, symbol='APA', exchange='SMART', primaryExchange='NASDAQ', currency='USD', localSymbol='APA', tradingClass='NMS')
2026-04-09 00:27:08,752  ERROR  Error 10089, reqId 57: Les donn\u00e9es de march\u00e9 demand\u00e9es n\u00e9cessitent une souscription suppl\u00e9mentaire pour les connexions API. Pour plus de d\u00e9tails, veuillez consulter le lien de la bo\u00eetre de dialogue \u00ab\u00a0Connexions aux donn\u00e9es de march\u00e9\u00a0\u00bb.Des donn\u00e9es de march\u00e9 en diff\u00e9r\u00e9 sont disponibles.ACGL NASDAQ.NMS/TOP/ALL, contract: Stock(conId=10763362, symbol='ACGL', exchange='SMART', primaryExchange='NASDAQ', currency='USD', localSymbol='ACGL', tradingClass='NMS')
2026-04-09 00:27:08,752  ERROR  Error 10089, reqId 58: Les donn\u00e9es de march\u00e9 demand\u00e9es n\u00e9cessitent une souscription suppl\u00e9mentaire pour les connexions API. Pour plus de d\u00e9tails, veuillez consulter le lien de la bo\u00eetre de dialogue \u00ab\u00a0Connexions aux donn\u00e9es de march\u00e9\u00a0\u00bb.Des donn\u00e9es de march\u00e9 en diff\u00e9r\u00e9 sont disponibles.ADM NYSE/TOP/ALL, contract: Stock(conId=4165, symbol='ADM', exchange='SMART', primaryExchange='NYSE', currency='USD', localSymbol='ADM', tradingClass='ADM')
2026-04-09 00:27:08,752  ERROR  Error 10089, reqId 59: Les donn\u00e9es de march\u00e9 demand\u00e9es n\u00e9cessitent une souscription suppl\u00e9mentaire pour les connexions API. Pour plus de d\u00e9tails, veuillez consulter le lien de la bo\u00eetre de dialogue \u00ab\u00a0Connexions aux donn\u00e9es de march\u00e9\u00a0\u00bb.Des donn\u00e9es de march\u00e9 en diff\u00e9r\u00e9 sont disponibles.AJG NYSE/TOP/ALL, contract: Stock(conId=4325, symbol='AJG', exchange='SMART', primaryExchange='NYSE', currency='USD', localSymbol='AJG', tradingClass='AJG')
2026-04-09 00:27:08,754  ERROR  Error 10089, reqId 60: Les donn\u00e9es de march\u00e9 demand\u00e9es n\u00e9cessitent une souscription suppl\u00e9mentaire pour les connexions API. Pour plus de d\u00e9tails, veuillez consulter le lien de la bo\u00eetre de dialogue \u00ab\u00a0Connexions aux donn\u00e9es de march\u00e9\u00a0\u00bb.Des donn\u00e9es de march\u00e9 en diff\u00e9r\u00e9 sont disponibles.T NYSE/TOP/ALL, contract: Stock(conId=37018770, symbol='T', exchange='SMART', primaryExchange='NYSE', currency='USD', localSymbol='T', tradingClass='T')
2026-04-09 00:27:08,755  ERROR  Error 10089, reqId 61: Les donn\u00e9es de march\u00e9 demand\u00e9es n\u00e9cessitent une souscription suppl\u00e9mentaire pour les connexions API. Pour plus de d\u00e9tails, veuillez consulter le lien de la bo\u00eetre de dialogue \u00ab\u00a0Connexions aux donn\u00e9es de march\u00e9\u00a0\u00bb.Des donn\u00e9es de march\u00e9 en diff\u00e9r\u00e9 sont disponibles.AXON NASDAQ.NMS/TOP/ALL, contract: Stock(conId=272104927, symbol='AXON', exchange='SMART', primaryExchange='NASDAQ', currency='USD', localSymbol='AXON', tradingClass='NMS')
2026-04-09 00:27:08,755  ERROR  Error 10089, reqId 62: Les donn\u00e9es de march\u00e9 demand\u00e9es n\u00e9cessitent une souscription suppl\u00e9mentaire pour les connexions API. Pour plus de d\u00e9tails, veuillez consulter le lien de la bo\u00eetre de dialogue \u00ab\u00a0Connexions aux donn\u00e9es de march\u00e9\u00a0\u00bb.Des donn\u00e9es de march\u00e9 en diff\u00e9r\u00e9 sont disponibles.BX NYSE/TOP/ALL, contract: Stock(conId=372834689, symbol='BX', exchange='SMART', primaryExchange='NYSE', currency='USD', localSymbol='BX', tradingClass='BX')
2026-04-09 00:27:08,756  ERROR  Error 10089, reqId 63: Les donn\u00e9es de march\u00e9 demand\u00e9es n\u00e9cessitent une souscription suppl\u00e9mentaire pour les connexions API. Pour plus de d\u00e9tails, veuillez consulter le lien de la bo\u00eetre de dialogue \u00ab\u00a0Connexions aux donn\u00e9es de march\u00e9\u00a0\u00bb.Des donn\u00e9es de march\u00e9 en diff\u00e9r\u00e9 sont disponibles.XYZ NYSE/TOP/ALL, contract: Stock(conId=212671971, symbol='XYZ', exchange='SMART', primaryExchange='NYSE', currency='USD', localSymbol='XYZ', tradingClass='XYZ')
2026-04-09 00:27:08,757  ERROR  Error 10089, reqId 64: Les donn\u00e9es de march\u00e9 demand\u00e9es n\u00e9cessitent une souscription suppl\u00e9mentaire pour les connexions API. Pour plus de d\u00e9tails, veuillez consulter le lien de la bo\u00eetre de dialogue \u00ab\u00a0Connexions aux donn\u00e9es de march\u00e9\u00a0\u00bb.Des donn\u00e9es de march\u00e9 en diff\u00e9r\u00e9 sont disponibles.BRO NYSE/TOP/ALL, contract: Stock(conId=6607613, symbol='BRO', exchange='SMART', primaryExchange='NYSE', currency='USD', localSymbol='BRO', tradingClass='BRO')
2026-04-09 00:27:08,757  ERROR  Error 10089, reqId 65: Les donn\u00e9es de march\u00e9 demand\u00e9es n\u00e9cessitent une souscription suppl\u00e9mentaire pour les connexions API. Pour plus de d\u00e9tails, veuillez consulter le lien de la bo\u00eetre de dialogue \u00ab\u00a0Connexions aux donn\u00e9es de march\u00e9\u00a0\u00bb.Des donn\u00e9es de march\u00e9 en diff\u00e9r\u00e9 sont disponibles.BF B NYSE/TOP/ALL, contract: Stock(conId=4931, symbol='BF B', exchange='SMART', primaryExchange='NYSE', currency='USD', localSymbol='BF B', tradingClass='BF B')
2026-04-09 00:27:08,758  ERROR  Error 10089, reqId 66: Les donn\u00e9es de march\u00e9 demand\u00e9es n\u00e9cessitent une souscription suppl\u00e9mentaire pour les connexions API. Pour plus de d\u00e9tails, veuillez consulter le lien de la bo\u00eetre de dialogue \u00ab\u00a0Connexions aux donn\u00e9es de march\u00e9\u00a0\u00bb.Des donn\u00e9es de march\u00e9 en diff\u00e9r\u00e9 sont disponibles.BLDR NYSE/TOP/ALL, contract: Stock(conId=34851874, symbol='BLDR', exchange='SMART', primaryExchange='NYSE', currency='USD', localSymbol='BLDR', tradingClass='BLDR')
2026-04-09 00:27:08,758  ERROR  Error 10089, reqId 67: Les donn\u00e9es de march\u00e9 demand\u00e9es n\u00e9cessitent une souscription suppl\u00e9mentaire pour les connexions API. Pour plus de d\u00e9tails, veuillez consulter le lien de la bo\u00eetre de dialogue \u00ab\u00a0Connexions aux donn\u00e9es de march\u00e9\u00a0\u00bb.Des donn\u00e9es de march\u00e9 en diff\u00e9r\u00e9 sont disponibles.BG NYSE/TOP/ALL, contract: Stock(conId=663174498, symbol='BG', exchange='SMART', primaryExchange='NYSE', currency='USD', localSymbol='BG', tradingClass='BG')
2026-04-09 00:27:08,758  ERROR  Error 10089, reqId 68: Les donn\u00e9es de march\u00e9 demand\u00e9es n\u00e9cessitent une souscription suppl\u00e9mentaire pour les connexions API. Pour plus de d\u00e9tails, veuillez consulter le lien de la bo\u00eetre de dialogue \u00ab\u00a0Connexions aux donn\u00e9es de march\u00e9\u00a0\u00bb.Des donn\u00e9es de march\u00e9 en diff\u00e9r\u00e9 sont disponibles.BXP NYSE/TOP/ALL, contract: Stock(conId=5021340, symbol='BXP', exchange='SMART', primaryExchange='NYSE', currency='USD', localSymbol='BXP', tradingClass='BXP')
2026-04-09 00:27:08,759  ERROR  Error 10089, reqId 69: Les donn\u00e9es de march\u00e9 demand\u00e9es n\u00e9cessitent une souscription suppl\u00e9mentaire pour les connexions API. Pour plus de d\u00e9tails, veuillez consulter le lien de la bo\u00eetre de dialogue \u00ab\u00a0Connexions aux donn\u00e9es de march\u00e9\u00a0\u00bb.Des donn\u00e9es de march\u00e9 en diff\u00e9r\u00e9 sont disponibles.CPB NASDAQ.NMS/TOP/ALL, contract: Stock(conId=5980, symbol='CPB', exchange='SMART', primaryExchange='NASDAQ', currency='USD', localSymbol='CPB', tradingClass='NMS')
2026-04-09 00:27:08,761  ERROR  Error 10089, reqId 70: Les donn\u00e9es de march\u00e9 demand\u00e9es n\u00e9cessitent une souscription suppl\u00e9mentaire pour les connexions API. Pour plus de d\u00e9tails, veuillez consulter le lien de la bo\u00eetre de dialogue \u00ab\u00a0Connexions aux donn\u00e9es de march\u00e9\u00a0\u00bb.Des donn\u00e9es de march\u00e9 en diff\u00e9r\u00e9 sont disponibles.CCL NYSE/TOP/ALL, contract: Stock(conId=5516, symbol='CCL', exchange='SMART', primaryExchange='NYSE', currency='USD', localSymbol='CCL', tradingClass='CCL')
2026-04-09 00:27:08,761  ERROR  Error 10089, reqId 71: Les donn\u00e9es de march\u00e9 demand\u00e9es n\u00e9cessitent une souscription suppl\u00e9mentaire pour les connexions API. Pour plus de d\u00e9tails, veuillez consulter le lien de la bo\u00eetre de dialogue \u00ab\u00a0Connexions aux donn\u00e9es de march\u00e9\u00a0\u00bb.Des donn\u00e9es de march\u00e9 en diff\u00e9r\u00e9 sont disponibles.CVNA NYSE/TOP/ALL, contract: Stock(conId=274144952, symbol='CVNA', exchange='SMART', primaryExchange='NYSE', currency='USD', localSymbol='CVNA', tradingClass='CVNA')
2026-04-09 00:27:08,762  ERROR  Error 10089, reqId 72: Les donn\u00e9es de march\u00e9 demand\u00e9es n\u00e9cessitent une souscription suppl\u00e9mentaire pour les connexions API. Pour plus de d\u00e9tails, veuillez consulter le lien de la bo\u00eetre de dialogue \u00ab\u00a0Connexions aux donn\u00e9es de march\u00e9\u00a0\u00bb.Des donn\u00e9es de march\u00e9 en diff\u00e9r\u00e9 sont disponibles.CBOE BATS/TOP/ALL, contract: Stock(conId=76227954, symbol='CBOE', exchange='SMART', primaryExchange='BATS', currency='USD', localSymbol='CBOE', tradingClass='CBOE')
2026-04-09 00:27:08,762  ERROR  Error 10089, reqId 73: Les donn\u00e9es de march\u00e9 demand\u00e9es n\u00e9cessitent une souscription suppl\u00e9mentaire pour les connexions API. Pour plus de d\u00e9tails, veuillez consulter le lien de la bo\u00eetre de dialogue \u00ab\u00a0Connexions aux donn\u00e9es de march\u00e9\u00a0\u00bb.Des donn\u00e9es de march\u00e9 en diff\u00e9r\u00e9 sont disponibles.CNC NYSE/TOP/ALL, contract: Stock(conId=13878278, symbol='CNC', exchange='SMART', primaryExchange='NYSE', currency='USD', localSymbol='CNC', tradingClass='CNC')
2026-04-09 00:27:08,764  ERROR  Error 10089, reqId 74: Les donn\u00e9es de march\u00e9 demand\u00e9es n\u00e9cessitent une souscription suppl\u00e9mentaire pour les connexions API. Pour plus de d\u00e9tails, veuillez consulter le lien de la bo\u00eetre de dialogue \u00ab\u00a0Connexions aux donn\u00e9es de march\u00e9\u00a0\u00bb.Des donn\u00e9es de march\u00e9 en diff\u00e9r\u00e9 sont disponibles.CF NYSE/TOP/ALL, contract: Stock(conId=35447205, symbol='CF', exchange='SMART', primaryExchange='NYSE', currency='USD', localSymbol='CF', tradingClass='CF')
2026-04-09 00:27:08,764  ERROR  Error 10089, reqId 75: Les donn\u00e9es de march\u00e9 demand\u00e9es n\u00e9cessitent une souscription suppl\u00e9mentaire pour les connexions API. Pour plus de d\u00e9tails, veuillez consulter le lien de la bo\u00eetre de dialogue \u00ab\u00a0Connexions aux donn\u00e9es de march\u00e9\u00a0\u00bb.Des donn\u00e9es de march\u00e9 en diff\u00e9r\u00e9 sont disponibles.CRL NYSE/TOP/ALL, contract: Stock(conId=2730877, symbol='CRL', exchange='SMART', primaryExchange='NYSE', currency='USD', localSymbol='CRL', tradingClass='CRL')
2026-04-09 00:27:08,765  ERROR  Error 10089, reqId 76: Les donn\u00e9es de march\u00e9 demand\u00e9es n\u00e9cessitent une souscription suppl\u00e9mentaire pour les connexions API. Pour plus de d\u00e9tails, veuillez consulter le lien de la bo\u00eetre de dialogue \u00ab\u00a0Connexions aux donn\u00e9es de march\u00e9\u00a0\u00bb.Des donn\u00e9es de march\u00e9 en diff\u00e9r\u00e9 sont disponibles.CHD NYSE/TOP/ALL, contract: Stock(conId=5651, symbol='CHD', exchange='SMART', primaryExchange='NYSE', currency='USD', localSymbol='CHD', tradingClass='CHD')
2026-04-09 00:27:08,765  ERROR  Error 10089, reqId 77: Les donn\u00e9es de march\u00e9 demand\u00e9es n\u00e9cessitent une souscription suppl\u00e9mentaire pour les connexions API. Pour plus de d\u00e9tails, veuillez consulter le lien de la bo\u00eetre de dialogue \u00ab\u00a0Connexions aux donn\u00e9es de march\u00e9\u00a0\u00bb.Des donn\u00e9es de march\u00e9 en diff\u00e9r\u00e9 sont disponibles.CI NYSE/TOP/ALL, contract: Stock(conId=346403540, symbol='CI', exchange='SMART', primaryExchange='NYSE', currency='USD', localSymbol='CI', tradingClass='CI')
2026-04-09 00:27:08,765  ERROR  Error 10089, reqId 78: Les donn\u00e9es de march\u00e9 demand\u00e9es n\u00e9cessitent une souscription suppl\u00e9mentaire pour les connexions API. Pour plus de d\u00e9tails, veuillez consulter le lien de la bo\u00eetre de dialogue \u00ab\u00a0Connexions aux donn\u00e9es de march\u00e9\u00a0\u00bb.Des donn\u00e9es de march\u00e9 en diff\u00e9r\u00e9 sont disponibles.CFG NYSE/TOP/ALL, contract: Stock(conId=167955370, symbol='CFG', exchange='SMART', primaryExchange='NYSE', currency='USD', localSymbol='CFG', tradingClass='CFG')
2026-04-09 00:27:08,836  ERROR  Error 10089, reqId 79: Les donn\u00e9es de march\u00e9 demand\u00e9es n\u00e9cessitent une souscription suppl\u00e9mentaire pour les connexions API. Pour plus de d\u00e9tails, veuillez consulter le lien de la bo\u00eetre de dialogue \u00ab\u00a0Connexions aux donn\u00e9es de march\u00e9\u00a0\u00bb.Des donn\u00e9es de march\u00e9 en diff\u00e9r\u00e9 sont disponibles.CME NASDAQ.NMS/TOP/ALL, contract: Stock(conId=45127739, symbol='CME', exchange='SMART', primaryExchange='NASDAQ', currency='USD', localSymbol='CME', tradingClass='NMS')
2026-04-09 00:27:08,836  ERROR  Error 10089, reqId 80: Les donn\u00e9es de march\u00e9 demand\u00e9es n\u00e9cessitent une souscription suppl\u00e9mentaire pour les connexions API. Pour plus de d\u00e9tails, veuillez consulter le lien de la bo\u00eetre de dialogue \u00ab\u00a0Connexions aux donn\u00e9es de march\u00e9\u00a0\u00bb.Des donn\u00e9es de march\u00e9 en diff\u00e9r\u00e9 sont disponibles.COHR NYSE/TOP/ALL, contract: Stock(conId=584127832, symbol='COHR', exchange='SMART', primaryExchange='NYSE', currency='USD', localSymbol='COHR', tradingClass='COHR')
2026-04-09 00:27:08,837  ERROR  Error 10089, reqId 81: Les donn\u00e9es de march\u00e9 demand\u00e9es n\u00e9cessitent une souscription suppl\u00e9mentaire pour les connexions API. Pour plus de d\u00e9tails, veuillez consulter le lien de la bo\u00eetre de dialogue \u00ab\u00a0Connexions aux donn\u00e9es de march\u00e9\u00a0\u00bb.Des donn\u00e9es de march\u00e9 en diff\u00e9r\u00e9 sont disponibles.COIN NASDAQ.NMS/TOP/ALL, contract: Stock(conId=481691285, symbol='COIN', exchange='SMART', primaryExchange='NASDAQ', currency='USD', localSymbol='COIN', tradingClass='NMS')
2026-04-09 00:27:09,250  ERROR  Error 10089, reqId 82: Les donn\u00e9es de march\u00e9 demand\u00e9es n\u00e9cessitent une souscription suppl\u00e9mentaire pour les connexions API. Pour plus de d\u00e9tails, veuillez consulter le lien de la bo\u00eetre de dialogue \u00ab\u00a0Connexions aux donn\u00e9es de march\u00e9\u00a0\u00bb.Des donn\u00e9es de march\u00e9 en diff\u00e9r\u00e9 sont disponibles.CL NYSE/TOP/ALL, contract: Stock(conId=5749, symbol='CL', exchange='SMART', primaryExchange='NYSE', currency='USD', localSymbol='CL', tradingClass='CL')
2026-04-09 00:27:09,250  ERROR  Error 10089, reqId 83: Les donn\u00e9es de march\u00e9 demand\u00e9es n\u00e9cessitent une souscription suppl\u00e9mentaire pour les connexions API. Pour plus de d\u00e9tails, veuillez consulter le lien de la bo\u00eetre de dialogue \u00ab\u00a0Connexions aux donn\u00e9es de march\u00e9\u00a0\u00bb.Des donn\u00e9es de march\u00e9 en diff\u00e9r\u00e9 sont disponibles.CRWD NASDAQ.NMS/TOP/ALL, contract: Stock(conId=370757467, symbol='CRWD', exchange='SMART', primaryExchange='NASDAQ', currency='USD', localSymbol='CRWD', tradingClass='NMS')
2026-04-09 00:27:09,251  ERROR  Error 10089, reqId 84: Les donn\u00e9es de march\u00e9 demand\u00e9es n\u00e9cessitent une souscription suppl\u00e9mentaire pour les connexions API. Pour plus de d\u00e9tails, veuillez consulter le lien de la bo\u00eetre de dialogue \u00ab\u00a0Connexions aux donn\u00e9es de march\u00e9\u00a0\u00bb.Des donn\u00e9es de march\u00e9 en diff\u00e9r\u00e9 sont disponibles.DDOG NASDAQ.NMS/TOP/ALL, contract: Stock(conId=383858515, symbol='DDOG', exchange='SMART', primaryExchange='NASDAQ', currency='USD', localSymbol='DDOG', tradingClass='NMS')
2026-04-09 00:27:09,251  ERROR  Error 10089, reqId 85: Les donn\u00e9es de march\u00e9 demand\u00e9es n\u00e9cessitent une souscription suppl\u00e9mentaire pour les connexions API. Pour plus de d\u00e9tails, veuillez consulter le lien de la bo\u00eetre de dialogue \u00ab\u00a0Connexions aux donn\u00e9es de march\u00e9\u00a0\u00bb.Des donn\u00e9es de march\u00e9 en diff\u00e9r\u00e9 sont disponibles.DASH NASDAQ.NMS/TOP/ALL, contract: Stock(conId=459309417, symbol='DASH', exchange='SMART', primaryExchange='NASDAQ', currency='USD', localSymbol='DASH', tradingClass='NMS')
2026-04-09 00:27:09,253  ERROR  Error 10089, reqId 86: Les donn\u00e9es de march\u00e9 demand\u00e9es n\u00e9cessitent une souscription suppl\u00e9mentaire pour les connexions API. Pour plus de d\u00e9tails, veuillez consulter le lien de la bo\u00eetre de dialogue \u00ab\u00a0Connexions aux donn\u00e9es de march\u00e9\u00a0\u00bb.Des donn\u00e9es de march\u00e9 en diff\u00e9r\u00e9 sont disponibles.DHI NYSE/TOP/ALL, contract: Stock(conId=268627, symbol='DHI', exchange='SMART', primaryExchange='NYSE', currency='USD', localSymbol='DHI', tradingClass='DHI')
2026-04-09 00:27:09,253  ERROR  Error 10089, reqId 87: Les donn\u00e9es de march\u00e9 demand\u00e9es n\u00e9cessitent une souscription suppl\u00e9mentaire pour les connexions API. Pour plus de d\u00e9tails, veuillez consulter le lien de la bo\u00eetre de dialogue \u00ab\u00a0Connexions aux donn\u00e9es de march\u00e9\u00a0\u00bb.Des donn\u00e9es de march\u00e9 en diff\u00e9r\u00e9 sont disponibles.EPAM NYSE/TOP/ALL, contract: Stock(conId=101898880, symbol='EPAM', exchange='SMART', primaryExchange='NYSE', currency='USD', localSymbol='EPAM', tradingClass='EPAM')
2026-04-09 00:27:09,254  ERROR  Error 10089, reqId 88: Les donn\u00e9es de march\u00e9 demand\u00e9es n\u00e9cessitent une souscription suppl\u00e9mentaire pour les connexions API. Pour plus de d\u00e9tails, veuillez consulter le lien de la bo\u00eetre de dialogue \u00ab\u00a0Connexions aux donn\u00e9es de march\u00e9\u00a0\u00bb.Des donn\u00e9es de march\u00e9 en diff\u00e9r\u00e9 sont disponibles.EFX NYSE/TOP/ALL, contract: Stock(conId=6735, symbol='EFX', exchange='SMART', primaryExchange='NYSE', currency='USD', localSymbol='EFX', tradingClass='EFX')
2026-04-09 00:27:09,254  ERROR  Error 10089, reqId 89: Les donn\u00e9es de march\u00e9 demand\u00e9es n\u00e9cessitent une souscription suppl\u00e9mentaire pour les connexions API. Pour plus de d\u00e9tails, veuillez consulter le lien de la bo\u00eetre de dialogue \u00ab\u00a0Connexions aux donn\u00e9es de march\u00e9\u00a0\u00bb.Des donn\u00e9es de march\u00e9 en diff\u00e9r\u00e9 sont disponibles.EG NYSE/TOP/ALL, contract: Stock(conId=6477725, symbol='EG', exchange='SMART', primaryExchange='NYSE', currency='USD', localSymbol='EG', tradingClass='EG')
2026-04-09 00:27:09,255  ERROR  Error 10089, reqId 90: Les donn\u00e9es de march\u00e9 demand\u00e9es n\u00e9cessitent une souscription suppl\u00e9mentaire pour les connexions API. Pour plus de d\u00e9tails, veuillez consulter le lien de la bo\u00eetre de dialogue \u00ab\u00a0Connexions aux donn\u00e9es de march\u00e9\u00a0\u00bb.Des donn\u00e9es de march\u00e9 en diff\u00e9r\u00e9 sont disponibles.EXC NASDAQ.NMS/TOP/ALL, contract: Stock(conId=11000, symbol='EXC', exchange='SMART', primaryExchange='NASDAQ', currency='USD', localSymbol='EXC', tradingClass='NMS')
2026-04-09 00:27:09,255  ERROR  Error 10089, reqId 91: Les donn\u00e9es de march\u00e9 demand\u00e9es n\u00e9cessitent une souscription suppl\u00e9mentaire pour les connexions API. Pour plus de d\u00e9tails, veuillez consulter le lien de la bo\u00eetre de dialogue \u00ab\u00a0Connexions aux donn\u00e9es de march\u00e9\u00a0\u00bb.Des donn\u00e9es de march\u00e9 en diff\u00e9r\u00e9 sont disponibles.EXPE NASDAQ.NMS/TOP/ALL, contract: Stock(conId=98542021, symbol='EXPE', exchange='SMART', primaryExchange='NASDAQ', currency='USD', localSymbol='EXPE', tradingClass='NMS')
2026-04-09 00:27:09,762  ERROR  Error 10089, reqId 92: Les donn\u00e9es de march\u00e9 demand\u00e9es n\u00e9cessitent une souscription suppl\u00e9mentaire pour les connexions API. Pour plus de d\u00e9tails, veuillez consulter le lien de la bo\u00eetre de dialogue \u00ab\u00a0Connexions aux donn\u00e9es de march\u00e9\u00a0\u00bb.Des donn\u00e9es de march\u00e9 en diff\u00e9r\u00e9 sont disponibles.EXR NYSE/TOP/ALL, contract: Stock(conId=30351205, symbol='EXR', exchange='SMART', primaryExchange='NYSE', currency='USD', localSymbol='EXR', tradingClass='EXR')
2026-04-09 00:27:09,764  ERROR  Error 10089, reqId 93: Les donn\u00e9es de march\u00e9 demand\u00e9es n\u00e9cessitent une souscription suppl\u00e9mentaire pour les connexions API. Pour plus de d\u00e9tails, veuillez consulter le lien de la bo\u00eetre de dialogue \u00ab\u00a0Connexions aux donn\u00e9es de march\u00e9\u00a0\u00bb.Des donn\u00e9es de march\u00e9 en diff\u00e9r\u00e9 sont disponibles.XOM NYSE/TOP/ALL, contract: Stock(conId=13977, symbol='XOM', exchange='SMART', primaryExchange='NYSE', currency='USD', localSymbol='XOM', tradingClass='XOM')
2026-04-09 00:27:09,764  ERROR  Error 10089, reqId 94: Les donn\u00e9es de march\u00e9 demand\u00e9es n\u00e9cessitent une souscription suppl\u00e9mentaire pour les connexions API. Pour plus de d\u00e9tails, veuillez consulter le lien de la bo\u00eetre de dialogue \u00ab\u00a0Connexions aux donn\u00e9es de march\u00e9\u00a0\u00bb.Des donn\u00e9es de march\u00e9 en diff\u00e9r\u00e9 sont disponibles.FITB NASDAQ.NMS/TOP/ALL, contract: Stock(conId=269318, symbol='FITB', exchange='SMART', primaryExchange='NASDAQ', currency='USD', localSymbol='FITB', tradingClass='NMS')
2026-04-09 00:27:09,765  ERROR  Error 10089, reqId 95: Les donn\u00e9es de march\u00e9 demand\u00e9es n\u00e9cessitent une souscription suppl\u00e9mentaire pour les connexions API. Pour plus de d\u00e9tails, veuillez consulter le lien de la bo\u00eetre de dialogue \u00ab\u00a0Connexions aux donn\u00e9es de march\u00e9\u00a0\u00bb.Des donn\u00e9es de march\u00e9 en diff\u00e9r\u00e9 sont disponibles.FTNT NASDAQ.NMS/TOP/ALL, contract: Stock(conId=70236214, symbol='FTNT', exchange='SMART', primaryExchange='NASDAQ', currency='USD', localSymbol='FTNT', tradingClass='NMS')
2026-04-09 00:27:09,766  ERROR  Error 10089, reqId 96: Les donn\u00e9es de march\u00e9 demand\u00e9es n\u00e9cessitent une souscription suppl\u00e9mentaire pour les connexions API. Pour plus de d\u00e9tails, veuillez consulter le lien de la bo\u00eetre de dialogue \u00ab\u00a0Connexions aux donn\u00e9es de march\u00e9\u00a0\u00bb.Des donn\u00e9es de march\u00e9 en diff\u00e9r\u00e9 sont disponibles.GNRC NYSE/TOP/ALL, contract: Stock(conId=72529783, symbol='GNRC', exchange='SMART', primaryExchange='NYSE', currency='USD', localSymbol='GNRC', tradingClass='GNRC')
2026-04-09 00:27:09,766  ERROR  Error 10089, reqId 97: Les donn\u00e9es de march\u00e9 demand\u00e9es n\u00e9cessitent une souscription suppl\u00e9mentaire pour les connexions API. Pour plus de d\u00e9tails, veuillez consulter le lien de la bo\u00eetre de dialogue \u00ab\u00a0Connexions aux donn\u00e9es de march\u00e9\u00a0\u00bb.Des donn\u00e9es de march\u00e9 en diff\u00e9r\u00e9 sont disponibles.GIS NYSE/TOP/ALL, contract: Stock(conId=7616, symbol='GIS', exchange='SMART', primaryExchange='NYSE', currency='USD', localSymbol='GIS', tradingClass='GIS')
2026-04-09 00:27:09,768  ERROR  Error 10089, reqId 98: Les donn\u00e9es de march\u00e9 demand\u00e9es n\u00e9cessitent une souscription suppl\u00e9mentaire pour les connexions API. Pour plus de d\u00e9tails, veuillez consulter le lien de la bo\u00eetre de dialogue \u00ab\u00a0Connexions aux donn\u00e9es de march\u00e9\u00a0\u00bb.Des donn\u00e9es de march\u00e9 en diff\u00e9r\u00e9 sont disponibles.GDDY NYSE/TOP/ALL, contract: Stock(conId=188986978, symbol='GDDY', exchange='SMART', primaryExchange='NYSE', currency='USD', localSymbol='GDDY', tradingClass='GDDY')
2026-04-09 00:27:09,768  ERROR  Error 10089, reqId 99: Les donn\u00e9es de march\u00e9 demand\u00e9es n\u00e9cessitent une souscription suppl\u00e9mentaire pour les connexions API. Pour plus de d\u00e9tails, veuillez consulter le lien de la bo\u00eetre de dialogue \u00ab\u00a0Connexions aux donn\u00e9es de march\u00e9\u00a0\u00bb.Des donn\u00e9es de march\u00e9 en diff\u00e9r\u00e9 sont disponibles.HAL NYSE/TOP/ALL, contract: Stock(conId=7890, symbol='HAL', exchange='SMART', primaryExchange='NYSE', currency='USD', localSymbol='HAL', tradingClass='HAL')
2026-04-09 00:27:09,916  ERROR  Error 300, reqId 53: Can't find EId with tickerId:53
2026-04-09 00:27:09,917  ERROR  Error 300, reqId 54: Can't find EId with tickerId:54
2026-04-09 00:27:09,918  ERROR  Error 300, reqId 55: Can't find EId with tickerId:55
2026-04-09 00:27:09,918  ERROR  Error 300, reqId 56: Can't find EId with tickerId:56
2026-04-09 00:27:09,919  ERROR  Error 300, reqId 57: Can't find EId with tickerId:57
2026-04-09 00:27:09,919  ERROR  Error 300, reqId 58: Can't find EId with tickerId:58
2026-04-09 00:27:09,919  ERROR  Error 300, reqId 59: Can't find EId with tickerId:59
2026-04-09 00:27:09,920  ERROR  Error 300, reqId 60: Can't find EId with tickerId:60
2026-04-09 00:27:09,920  ERROR  Error 300, reqId 61: Can't find EId with tickerId:61
2026-04-09 00:27:09,920  ERROR  Error 300, reqId 62: Can't find EId with tickerId:62
2026-04-09 00:27:09,921  ERROR  Error 300, reqId 63: Can't find EId with tickerId:63
2026-04-09 00:27:09,921  ERROR  Error 300, reqId 64: Can't find EId with tickerId:64
2026-04-09 00:27:09,921  ERROR  Error 300, reqId 65: Can't find EId with tickerId:65
2026-04-09 00:27:09,921  ERROR  Error 300, reqId 66: Can't find EId with tickerId:66
2026-04-09 00:27:09,922  ERROR  Error 300, reqId 67: Can't find EId with tickerId:67
2026-04-09 00:27:09,922  ERROR  Error 300, reqId 68: Can't find EId with tickerId:68
2026-04-09 00:27:09,922  ERROR  Error 300, reqId 69: Can't find EId with tickerId:69
2026-04-09 00:27:09,923  ERROR  Error 300, reqId 70: Can't find EId with tickerId:70
2026-04-09 00:27:09,923  ERROR  Error 300, reqId 71: Can't find EId with tickerId:71
2026-04-09 00:27:09,924  ERROR  Error 300, reqId 72: Can't find EId with tickerId:72
2026-04-09 00:27:09,924  ERROR  Error 300, reqId 73: Can't find EId with tickerId:73
2026-04-09 00:27:09,924  ERROR  Error 300, reqId 74: Can't find EId with tickerId:74
2026-04-09 00:27:09,925  ERROR  Error 300, reqId 75: Can't find EId with tickerId:75
2026-04-09 00:27:10,017  ERROR  Error 300, reqId 76: Can't find EId with tickerId:76
2026-04-09 00:27:10,017  ERROR  Error 300, reqId 77: Can't find EId with tickerId:77
2026-04-09 00:27:10,018  ERROR  Error 300, reqId 78: Can't find EId with tickerId:78
2026-04-09 00:27:10,018  ERROR  Error 300, reqId 79: Can't find EId with tickerId:79
2026-04-09 00:27:10,018  ERROR  Error 300, reqId 80: Can't find EId with tickerId:80
2026-04-09 00:27:10,019  ERROR  Error 300, reqId 81: Can't find EId with tickerId:81
2026-04-09 00:27:10,019  ERROR  Error 300, reqId 82: Can't find EId with tickerId:82
2026-04-09 00:27:10,019  ERROR  Error 300, reqId 83: Can't find EId with tickerId:83
2026-04-09 00:27:10,020  ERROR  Error 300, reqId 84: Can't find EId with tickerId:84
2026-04-09 00:27:10,020  ERROR  Error 300, reqId 85: Can't find EId with tickerId:85
2026-04-09 00:27:10,020  ERROR  Error 300, reqId 86: Can't find EId with tickerId:86
2026-04-09 00:27:10,117  ERROR  Error 300, reqId 87: Can't find EId with tickerId:87
2026-04-09 00:27:10,117  ERROR  Error 300, reqId 88: Can't find EId with tickerId:88
2026-04-09 00:27:10,118  ERROR  Error 300, reqId 89: Can't find EId with tickerId:89
2026-04-09 00:27:10,118  ERROR  Error 300, reqId 90: Can't find EId with tickerId:90
2026-04-09 00:27:10,119  ERROR  Error 300, reqId 91: Can't find EId with tickerId:91
2026-04-09 00:27:10,119  ERROR  Error 300, reqId 92: Can't find EId with tickerId:92
2026-04-09 00:27:10,217  ERROR  Error 300, reqId 93: Can't find EId with tickerId:93
2026-04-09 00:27:10,217  ERROR  Error 300, reqId 94: Can't find EId with tickerId:94
2026-04-09 00:27:10,218  ERROR  Error 300, reqId 95: Can't find EId with tickerId:95
2026-04-09 00:27:10,257  ERROR  Error 10089, reqId 100: Les donn\u00e9es de march\u00e9 demand\u00e9es n\u00e9cessitent une souscription suppl\u00e9mentaire pour les connexions API. Pour plus de d\u00e9tails, veuillez consulter le lien de la bo\u00eetre de dialogue \u00ab\u00a0Connexions aux donn\u00e9es de march\u00e9\u00a0\u00bb.Des donn\u00e9es de march\u00e9 en diff\u00e9r\u00e9 sont disponibles.HSY NYSE/TOP/ALL
2026-04-09 00:27:10,257  ERROR  Error 10089, reqId 101: Les donn\u00e9es de march\u00e9 demand\u00e9es n\u00e9cessitent une souscription suppl\u00e9mentaire pour les connexions API. Pour plus de d\u00e9tails, veuillez consulter le lien de la bo\u00eetre de dialogue \u00ab\u00a0Connexions aux donn\u00e9es de march\u00e9\u00a0\u00bb.Des donn\u00e9es de march\u00e9 en diff\u00e9r\u00e9 sont disponibles.HRL NYSE/TOP/ALL
2026-04-09 00:27:10,258  ERROR  Error 10089, reqId 102: Les donn\u00e9es de march\u00e9 demand\u00e9es n\u00e9cessitent une souscription suppl\u00e9mentaire pour les connexions API. Pour plus de d\u00e9tails, veuillez consulter le lien de la bo\u00eetre de dialogue \u00ab\u00a0Connexions aux donn\u00e9es de march\u00e9\u00a0\u00bb.Des donn\u00e9es de march\u00e9 en diff\u00e9r\u00e9 sont disponibles.HUM NYSE/TOP/ALL
2026-04-09 00:27:10,317  ERROR  Error 300, reqId 96: Can't find EId with tickerId:96
2026-04-09 00:27:10,317  ERROR  Error 300, reqId 97: Can't find EId with tickerId:97
2026-04-09 00:27:10,931  ERROR  Error 300, reqId 98: Can't find EId with tickerId:98
2026-04-09 00:27:10,931  ERROR  Error 300, reqId 99: Can't find EId with tickerId:99
2026-04-09 00:27:10,932  ERROR  Error 300, reqId 100: Can't find EId with tickerId:100
2026-04-09 00:27:11,028  ERROR  Error 300, reqId 101: Can't find EId with tickerId:101
2026-04-09 00:27:11,028  ERROR  Error 300, reqId 102: Can't find EId with tickerId:102
2026-04-09 00:27:13,257  ERROR  Error 10089, reqId 155: Les donn\u00e9es de march\u00e9 demand\u00e9es n\u00e9cessitent une souscription suppl\u00e9mentaire pour les connexions API. Pour plus de d\u00e9tails, veuillez consulter le lien de la bo\u00eetre de dialogue \u00ab\u00a0Connexions aux donn\u00e9es de march\u00e9\u00a0\u00bb.IBKR NASDAQ.NMS/TOP/ALL, contract: Stock(conId=43645865, symbol='IBKR', exchange='SMART', primaryExchange='NASDAQ', currency='USD', localSymbol='IBKR', tradingClass='NMS')
2026-04-09 00:27:13,506  ERROR  Error 10089, reqId 153: Les donn\u00e9es de march\u00e9 demand\u00e9es n\u00e9cessitent une souscription suppl\u00e9mentaire pour les connexions API. Pour plus de d\u00e9tails, veuillez consulter le lien de la bo\u00eetre de dialogue \u00ab\u00a0Connexions aux donn\u00e9es de march\u00e9\u00a0\u00bb.Des donn\u00e9es de march\u00e9 en diff\u00e9r\u00e9 sont disponibles.INCY NASDAQ.NMS/TOP/ALL, contract: Stock(conId=4369855, symbol='INCY', exchange='SMART', primaryExchange='NASDAQ', currency='USD', localSymbol='INCY', tradingClass='NMS')
2026-04-09 00:27:13,654  ERROR  Error 10089, reqId 154: Les donn\u00e9es de march\u00e9 demand\u00e9es n\u00e9cessitent une souscription suppl\u00e9mentaire pour les connexions API. Pour plus de d\u00e9tails, veuillez consulter le lien de la bo\u00eetre de dialogue \u00ab\u00a0Connexions aux donn\u00e9es de march\u00e9\u00a0\u00bb.Des donn\u00e9es de march\u00e9 en diff\u00e9r\u00e9 sont disponibles.PODD NASDAQ.NMS/TOP/ALL, contract: Stock(conId=44061838, symbol='PODD', exchange='SMART', primaryExchange='NASDAQ', currency='USD', localSymbol='PODD', tradingClass='NMS')
2026-04-09 00:27:14,102  ERROR  Error 10089, reqId 156: Les donn\u00e9es de march\u00e9 demand\u00e9es n\u00e9cessitent une souscription suppl\u00e9mentaire pour les connexions API. Pour plus de d\u00e9tails, veuillez consulter le lien de la bo\u00eetre de dialogue \u00ab\u00a0Connexions aux donn\u00e9es de march\u00e9\u00a0\u00bb.Des donn\u00e9es de march\u00e9 en diff\u00e9r\u00e9 sont disponibles.IVZ NYSE/TOP/ALL, contract: Stock(conId=47550606, symbol='IVZ', exchange='SMART', primaryExchange='NYSE', currency='USD', localSymbol='IVZ', tradingClass='IVZ')
2026-04-09 00:27:14,103  ERROR  Error 10089, reqId 157: Les donn\u00e9es de march\u00e9 demand\u00e9es n\u00e9cessitent une souscription suppl\u00e9mentaire pour les connexions API. Pour plus de d\u00e9tails, veuillez consulter le lien de la bo\u00eetre de dialogue \u00ab\u00a0Connexions aux donn\u00e9es de march\u00e9\u00a0\u00bb.Des donn\u00e9es de march\u00e9 en diff\u00e9r\u00e9 sont disponibles.IQV NYSE/TOP/ALL, contract: Stock(conId=295757261, symbol='IQV', exchange='SMART', primaryExchange='NYSE', currency='USD', localSymbol='IQV', tradingClass='IQV')
2026-04-09 00:27:14,104  ERROR  Error 10089, reqId 158: Les donn\u00e9es de march\u00e9 demand\u00e9es n\u00e9cessitent une souscription suppl\u00e9mentaire pour les connexions API. Pour plus de d\u00e9tails, veuillez consulter le lien de la bo\u00eetre de dialogue \u00ab\u00a0Connexions aux donn\u00e9es de march\u00e9\u00a0\u00bb.Des donn\u00e9es de march\u00e9 en diff\u00e9r\u00e9 sont disponibles.KEY NYSE/TOP/ALL, contract: Stock(conId=8809, symbol='KEY', exchange='SMART', primaryExchange='NYSE', currency='USD', localSymbol='KEY', tradingClass='KEY')
2026-04-09 00:27:14,104  ERROR  Error 10089, reqId 159: Les donn\u00e9es de march\u00e9 demand\u00e9es n\u00e9cessitent une souscription suppl\u00e9mentaire pour les connexions API. Pour plus de d\u00e9tails, veuillez consulter le lien de la bo\u00eetre de dialogue \u00ab\u00a0Connexions aux donn\u00e9es de march\u00e9\u00a0\u00bb.Des donn\u00e9es de march\u00e9 en diff\u00e9r\u00e9 sont disponibles.KMB NASDAQ.NMS/TOP/ALL, contract: Stock(conId=8864, symbol='KMB', exchange='SMART', primaryExchange='NASDAQ', currency='USD', localSymbol='KMB', tradingClass='NMS')
2026-04-09 00:27:14,105  ERROR  Error 10089, reqId 160: Les donn\u00e9es de march\u00e9 demand\u00e9es n\u00e9cessitent une souscription suppl\u00e9mentaire pour les connexions API. Pour plus de d\u00e9tails, veuillez consulter le lien de la bo\u00eetre de dialogue \u00ab\u00a0Connexions aux donn\u00e9es de march\u00e9\u00a0\u00bb.Des donn\u00e9es de march\u00e9 en diff\u00e9r\u00e9 sont disponibles.KKR NYSE/TOP/ALL, contract: Stock(conId=321328198, symbol='KKR', exchange='SMART', primaryExchange='NYSE', currency='USD', localSymbol='KKR', tradingClass='KKR')
2026-04-09 00:27:14,105  ERROR  Error 10089, reqId 161: Les donn\u00e9es de march\u00e9 demand\u00e9es n\u00e9cessitent une souscription suppl\u00e9mentaire pour les connexions API. Pour plus de d\u00e9tails, veuillez consulter le lien de la bo\u00eetre de dialogue \u00ab\u00a0Connexions aux donn\u00e9es de march\u00e9\u00a0\u00bb.Des donn\u00e9es de march\u00e9 en diff\u00e9r\u00e9 sont disponibles.KR NYSE/TOP/ALL, contract: Stock(conId=8908, symbol='KR', exchange='SMART', primaryExchange='NYSE', currency='USD', localSymbol='KR', tradingClass='KR')
2026-04-09 00:27:14,106  ERROR  Error 10089, reqId 162: Les donn\u00e9es de march\u00e9 demand\u00e9es n\u00e9cessitent une souscription suppl\u00e9mentaire pour les connexions API. Pour plus de d\u00e9tails, veuillez consulter le lien de la bo\u00eetre de dialogue \u00ab\u00a0Connexions aux donn\u00e9es de march\u00e9\u00a0\u00bb.Des donn\u00e9es de march\u00e9 en diff\u00e9r\u00e9 sont disponibles.LEN NYSE/TOP/ALL, contract: Stock(conId=9091, symbol='LEN', exchange='SMART', primaryExchange='NYSE', currency='USD', localSymbol='LEN', tradingClass='LEN')
2026-04-09 00:27:14,106  ERROR  Error 10089, reqId 163: Les donn\u00e9es de march\u00e9 demand\u00e9es n\u00e9cessitent une souscription suppl\u00e9mentaire pour les connexions API. Pour plus de d\u00e9tails, veuillez consulter le lien de la bo\u00eetre de dialogue \u00ab\u00a0Connexions aux donn\u00e9es de march\u00e9\u00a0\u00bb.Des donn\u00e9es de march\u00e9 en diff\u00e9r\u00e9 sont disponibles.LITE NASDAQ.NMS/TOP/ALL, contract: Stock(conId=201113895, symbol='LITE', exchange='SMART', primaryExchange='NASDAQ', currency='USD', localSymbol='LITE', tradingClass='NMS')
2026-04-09 00:27:14,108  ERROR  Error 10089, reqId 164: Les donn\u00e9es de march\u00e9 demand\u00e9es n\u00e9cessitent une souscription suppl\u00e9mentaire pour les connexions API. Pour plus de d\u00e9tails, veuillez consulter le lien de la bo\u00eetre de dialogue \u00ab\u00a0Connexions aux donn\u00e9es de march\u00e9\u00a0\u00bb.Des donn\u00e9es de march\u00e9 en diff\u00e9r\u00e9 sont disponibles.MRSH NYSE/TOP/ALL, contract: Stock(conId=9705, symbol='MRSH', exchange='SMART', primaryExchange='NYSE', currency='USD', localSymbol='MRSH', tradingClass='MRSH')
2026-04-09 00:27:14,109  ERROR  Error 10089, reqId 165: Les donn\u00e9es de march\u00e9 demand\u00e9es n\u00e9cessitent une souscription suppl\u00e9mentaire pour les connexions API. Pour plus de d\u00e9tails, veuillez consulter le lien de la bo\u00eetre de dialogue \u00ab\u00a0Connexions aux donn\u00e9es de march\u00e9\u00a0\u00bb.Des donn\u00e9es de march\u00e9 en diff\u00e9r\u00e9 sont disponibles.MAS NYSE/TOP/ALL, contract: Stock(conId=9360, symbol='MAS', exchange='SMART', primaryExchange='NYSE', currency='USD', localSymbol='MAS', tradingClass='MAS')
2026-04-09 00:27:14,109  ERROR  Error 10089, reqId 166: Les donn\u00e9es de march\u00e9 demand\u00e9es n\u00e9cessitent une souscription suppl\u00e9mentaire pour les connexions API. Pour plus de d\u00e9tails, veuillez consulter le lien de la bo\u00eetre de dialogue \u00ab\u00a0Connexions aux donn\u00e9es de march\u00e9\u00a0\u00bb.Des donn\u00e9es de march\u00e9 en diff\u00e9r\u00e9 sont disponibles.MCK NYSE/TOP/ALL, contract: Stock(conId=9657, symbol='MCK', exchange='SMART', primaryExchange='NYSE', currency='USD', localSymbol='MCK', tradingClass='MCK')
2026-04-09 00:27:14,110  ERROR  Error 10089, reqId 167: Les donn\u00e9es de march\u00e9 demand\u00e9es n\u00e9cessitent une souscription suppl\u00e9mentaire pour les connexions API. Pour plus de d\u00e9tails, veuillez consulter le lien de la bo\u00eetre de dialogue \u00ab\u00a0Connexions aux donn\u00e9es de march\u00e9\u00a0\u00bb.Des donn\u00e9es de march\u00e9 en diff\u00e9r\u00e9 sont disponibles.MRK NYSE/TOP/ALL, contract: Stock(conId=70101545, symbol='MRK', exchange='SMART', primaryExchange='NYSE', currency='USD', localSymbol='MRK', tradingClass='MRK')
2026-04-09 00:27:14,110  ERROR  Error 10089, reqId 168: Les donn\u00e9es de march\u00e9 demand\u00e9es n\u00e9cessitent une souscription suppl\u00e9mentaire pour les connexions API. Pour plus de d\u00e9tails, veuillez consulter le lien de la bo\u00eetre de dialogue \u00ab\u00a0Connexions aux donn\u00e9es de march\u00e9\u00a0\u00bb.Des donn\u00e9es de march\u00e9 en diff\u00e9r\u00e9 sont disponibles.MCHP NASDAQ.NMS/TOP/ALL, contract: Stock(conId=271568, symbol='MCHP', exchange='SMART', primaryExchange='NASDAQ', currency='USD', localSymbol='MCHP', tradingClass='NMS')
2026-04-09 00:27:14,111  ERROR  Error 10089, reqId 169: Les donn\u00e9es de march\u00e9 demand\u00e9es n\u00e9cessitent une souscription suppl\u00e9mentaire pour les connexions API. Pour plus de d\u00e9tails, veuillez consulter le lien de la bo\u00eetre de dialogue \u00ab\u00a0Connexions aux donn\u00e9es de march\u00e9\u00a0\u00bb.Des donn\u00e9es de march\u00e9 en diff\u00e9r\u00e9 sont disponibles.MPWR NASDAQ.NMS/TOP/ALL, contract: Stock(conId=32106121, symbol='MPWR', exchange='SMART', primaryExchange='NASDAQ', currency='USD', localSymbol='MPWR', tradingClass='NMS')
2026-04-09 00:27:14,111  ERROR  Error 10089, reqId 170: Les donn\u00e9es de march\u00e9 demand\u00e9es n\u00e9cessitent une souscription suppl\u00e9mentaire pour les connexions API. Pour plus de d\u00e9tails, veuillez consulter le lien de la bo\u00eetre de dialogue \u00ab\u00a0Connexions aux donn\u00e9es de march\u00e9\u00a0\u00bb.Des donn\u00e9es de march\u00e9 en diff\u00e9r\u00e9 sont disponibles.NTAP NASDAQ.NMS/TOP/ALL, contract: Stock(conId=49921110, symbol='NTAP', exchange='SMART', primaryExchange='NASDAQ', currency='USD', localSymbol='NTAP', tradingClass='NMS')
2026-04-09 00:27:14,112  ERROR  Error 10089, reqId 171: Les donn\u00e9es de march\u00e9 demand\u00e9es n\u00e9cessitent une souscription suppl\u00e9mentaire pour les connexions API. Pour plus de d\u00e9tails, veuillez consulter le lien de la bo\u00eetre de dialogue \u00ab\u00a0Connexions aux donn\u00e9es de march\u00e9\u00a0\u00bb.Des donn\u00e9es de march\u00e9 en diff\u00e9r\u00e9 sont disponibles.NKE NYSE/TOP/ALL, contract: Stock(conId=10291, symbol='NKE', exchange='SMART', primaryExchange='NYSE', currency='USD', localSymbol='NKE', tradingClass='NKE')
2026-04-09 00:27:14,112  ERROR  Error 10089, reqId 172: Les donn\u00e9es de march\u00e9 demand\u00e9es n\u00e9cessitent une souscription suppl\u00e9mentaire pour les connexions API. Pour plus de d\u00e9tails, veuillez consulter le lien de la bo\u00eetre de dialogue \u00ab\u00a0Connexions aux donn\u00e9es de march\u00e9\u00a0\u00bb.Des donn\u00e9es de march\u00e9 en diff\u00e9r\u00e9 sont disponibles.NOC NYSE/TOP/ALL, contract: Stock(conId=10376, symbol='NOC', exchange='SMART', primaryExchange='NYSE', currency='USD', localSymbol='NOC', tradingClass='NOC')
2026-04-09 00:27:14,114  ERROR  Error 10089, reqId 173: Les donn\u00e9es de march\u00e9 demand\u00e9es n\u00e9cessitent une souscription suppl\u00e9mentaire pour les connexions API. Pour plus de d\u00e9tails, veuillez consulter le lien de la bo\u00eetre de dialogue \u00ab\u00a0Connexions aux donn\u00e9es de march\u00e9\u00a0\u00bb.Des donn\u00e9es de march\u00e9 en diff\u00e9r\u00e9 sont disponibles.NCLH NYSE/TOP/ALL, contract: Stock(conId=120643512, symbol='NCLH', exchange='SMART', primaryExchange='NYSE', currency='USD', localSymbol='NCLH', tradingClass='NCLH')
2026-04-09 00:27:14,114  ERROR  Error 10089, reqId 174: Les donn\u00e9es de march\u00e9 demand\u00e9es n\u00e9cessitent une souscription suppl\u00e9mentaire pour les connexions API. Pour plus de d\u00e9tails, veuillez consulter le lien de la bo\u00eetre de dialogue \u00ab\u00a0Connexions aux donn\u00e9es de march\u00e9\u00a0\u00bb.Des donn\u00e9es de march\u00e9 en diff\u00e9r\u00e9 sont disponibles.ORLY NASDAQ.NMS/TOP/ALL, contract: Stock(conId=82457808, symbol='ORLY', exchange='SMART', primaryExchange='NASDAQ', currency='USD', localSymbol='ORLY', tradingClass='NMS')
2026-04-09 00:27:14,115  ERROR  Error 10089, reqId 175: Les donn\u00e9es de march\u00e9 demand\u00e9es n\u00e9cessitent une souscription suppl\u00e9mentaire pour les connexions API. Pour plus de d\u00e9tails, veuillez consulter le lien de la bo\u00eetre de dialogue \u00ab\u00a0Connexions aux donn\u00e9es de march\u00e9\u00a0\u00bb.Des donn\u00e9es de march\u00e9 en diff\u00e9r\u00e9 sont disponibles.OXY NYSE/TOP/ALL, contract: Stock(conId=10880, symbol='OXY', exchange='SMART', primaryExchange='NYSE', currency='USD', localSymbol='OXY', tradingClass='OXY')
2026-04-09 00:27:14,115  ERROR  Error 10089, reqId 176: Les donn\u00e9es de march\u00e9 demand\u00e9es n\u00e9cessitent une souscription suppl\u00e9mentaire pour les connexions API. Pour plus de d\u00e9tails, veuillez consulter le lien de la bo\u00eetre de dialogue \u00ab\u00a0Connexions aux donn\u00e9es de march\u00e9\u00a0\u00bb.Des donn\u00e9es de march\u00e9 en diff\u00e9r\u00e9 sont disponibles.ORCL NYSE/TOP/ALL, contract: Stock(conId=272800, symbol='ORCL', exchange='SMART', primaryExchange='NYSE', currency='USD', localSymbol='ORCL', tradingClass='ORCL')
2026-04-09 00:27:14,115  ERROR  Error 10089, reqId 177: Les donn\u00e9es de march\u00e9 demand\u00e9es n\u00e9cessitent une souscription suppl\u00e9mentaire pour les connexions API. Pour plus de d\u00e9tails, veuillez consulter le lien de la bo\u00eetre de dialogue \u00ab\u00a0Connexions aux donn\u00e9es de march\u00e9\u00a0\u00bb.Des donn\u00e9es de march\u00e9 en diff\u00e9r\u00e9 sont disponibles.PLTR NASDAQ.NMS/TOP/ALL, contract: Stock(conId=444857009, symbol='PLTR', exchange='SMART', primaryExchange='NASDAQ', currency='USD', localSymbol='PLTR', tradingClass='NMS')
2026-04-09 00:27:14,115  ERROR  Error 10089, reqId 178: Les donn\u00e9es de march\u00e9 demand\u00e9es n\u00e9cessitent une souscription suppl\u00e9mentaire pour les connexions API. Pour plus de d\u00e9tails, veuillez consulter le lien de la bo\u00eetre de dialogue \u00ab\u00a0Connexions aux donn\u00e9es de march\u00e9\u00a0\u00bb.Des donn\u00e9es de march\u00e9 en diff\u00e9r\u00e9 sont disponibles.PAYX NASDAQ.NMS/TOP/ALL, contract: Stock(conId=272942, symbol='PAYX', exchange='SMART', primaryExchange='NASDAQ', currency='USD', localSymbol='PAYX', tradingClass='NMS')
2026-04-09 00:27:14,115  ERROR  Error 10089, reqId 179: Les donn\u00e9es de march\u00e9 demand\u00e9es n\u00e9cessitent une souscription suppl\u00e9mentaire pour les connexions API. Pour plus de d\u00e9tails, veuillez consulter le lien de la bo\u00eetre de dialogue \u00ab\u00a0Connexions aux donn\u00e9es de march\u00e9\u00a0\u00bb.Des donn\u00e9es de march\u00e9 en diff\u00e9r\u00e9 sont disponibles.PFE NYSE/TOP/ALL, contract: Stock(conId=11031, symbol='PFE', exchange='SMART', primaryExchange='NYSE', currency='USD', localSymbol='PFE', tradingClass='PFE')
2026-04-09 00:27:14,117  ERROR  Error 10089, reqId 180: Les donn\u00e9es de march\u00e9 demand\u00e9es n\u00e9cessitent une souscription suppl\u00e9mentaire pour les connexions API. Pour plus de d\u00e9tails, veuillez consulter le lien de la bo\u00eetre de dialogue \u00ab\u00a0Connexions aux donn\u00e9es de march\u00e9\u00a0\u00bb.Des donn\u00e9es de march\u00e9 en diff\u00e9r\u00e9 sont disponibles.PNW NYSE/TOP/ALL, contract: Stock(conId=11257, symbol='PNW', exchange='SMART', primaryExchange='NYSE', currency='USD', localSymbol='PNW', tradingClass='PNW')
2026-04-09 00:27:14,117  ERROR  Error 10089, reqId 181: Les donn\u00e9es de march\u00e9 demand\u00e9es n\u00e9cessitent une souscription suppl\u00e9mentaire pour les connexions API. Pour plus de d\u00e9tails, veuillez consulter le lien de la bo\u00eetre de dialogue \u00ab\u00a0Connexions aux donn\u00e9es de march\u00e9\u00a0\u00bb.Des donn\u00e9es de march\u00e9 en diff\u00e9r\u00e9 sont disponibles.PG NYSE/TOP/ALL, contract: Stock(conId=11054, symbol='PG', exchange='SMART', primaryExchange='NYSE', currency='USD', localSymbol='PG', tradingClass='PG')
2026-04-09 00:27:14,117  ERROR  Error 10089, reqId 182: Les donn\u00e9es de march\u00e9 demand\u00e9es n\u00e9cessitent une souscription suppl\u00e9mentaire pour les connexions API. Pour plus de d\u00e9tails, veuillez consulter le lien de la bo\u00eetre de dialogue \u00ab\u00a0Connexions aux donn\u00e9es de march\u00e9\u00a0\u00bb.Des donn\u00e9es de march\u00e9 en diff\u00e9r\u00e9 sont disponibles.PGR NYSE/TOP/ALL, contract: Stock(conId=11080, symbol='PGR', exchange='SMART', primaryExchange='NYSE', currency='USD', localSymbol='PGR', tradingClass='PGR')
2026-04-09 00:27:14,118  ERROR  Error 10089, reqId 183: Les donn\u00e9es de march\u00e9 demand\u00e9es n\u00e9cessitent une souscription suppl\u00e9mentaire pour les connexions API. Pour plus de d\u00e9tails, veuillez consulter le lien de la bo\u00eetre de dialogue \u00ab\u00a0Connexions aux donn\u00e9es de march\u00e9\u00a0\u00bb.Des donn\u00e9es de march\u00e9 en diff\u00e9r\u00e9 sont disponibles.PHM NYSE/TOP/ALL, contract: Stock(conId=11109, symbol='PHM', exchange='SMART', primaryExchange='NYSE', currency='USD', localSymbol='PHM', tradingClass='PHM')
2026-04-09 00:27:14,118  ERROR  Error 10089, reqId 184: Les donn\u00e9es de march\u00e9 demand\u00e9es n\u00e9cessitent une souscription suppl\u00e9mentaire pour les connexions API. Pour plus de d\u00e9tails, veuillez consulter le lien de la bo\u00eetre de dialogue \u00ab\u00a0Connexions aux donn\u00e9es de march\u00e9\u00a0\u00bb.Des donn\u00e9es de march\u00e9 en diff\u00e9r\u00e9 sont disponibles.PWR NYSE/TOP/ALL, contract: Stock(conId=6608432, symbol='PWR', exchange='SMART', primaryExchange='NYSE', currency='USD', localSymbol='PWR', tradingClass='PWR')
2026-04-09 00:27:14,118  ERROR  Error 10089, reqId 185: Les donn\u00e9es de march\u00e9 demand\u00e9es n\u00e9cessitent une souscription suppl\u00e9mentaire pour les connexions API. Pour plus de d\u00e9tails, veuillez consulter le lien de la bo\u00eetre de dialogue \u00ab\u00a0Connexions aux donn\u00e9es de march\u00e9\u00a0\u00bb.Des donn\u00e9es de march\u00e9 en diff\u00e9r\u00e9 sont disponibles.RCL NYSE/TOP/ALL, contract: Stock(conId=11520, symbol='RCL', exchange='SMART', primaryExchange='NYSE', currency='USD', localSymbol='RCL', tradingClass='RCL')
2026-04-09 00:27:14,118  ERROR  Error 10089, reqId 186: Les donn\u00e9es de march\u00e9 demand\u00e9es n\u00e9cessitent une souscription suppl\u00e9mentaire pour les connexions API. Pour plus de d\u00e9tails, veuillez consulter le lien de la bo\u00eetre de dialogue \u00ab\u00a0Connexions aux donn\u00e9es de march\u00e9\u00a0\u00bb.Des donn\u00e9es de march\u00e9 en diff\u00e9r\u00e9 sont disponibles.SLB NYSE/TOP/ALL, contract: Stock(conId=12200, symbol='SLB', exchange='SMART', primaryExchange='NYSE', currency='USD', localSymbol='SLB', tradingClass='SLB')
2026-04-09 00:27:14,118  ERROR  Error 10089, reqId 187: Les donn\u00e9es de march\u00e9 demand\u00e9es n\u00e9cessitent une souscription suppl\u00e9mentaire pour les connexions API. Pour plus de d\u00e9tails, veuillez consulter le lien de la bo\u00eetre de dialogue \u00ab\u00a0Connexions aux donn\u00e9es de march\u00e9\u00a0\u00bb.Des donn\u00e9es de march\u00e9 en diff\u00e9r\u00e9 sont disponibles.SJM NYSE/TOP/ALL, contract: Stock(conId=15130038, symbol='SJM', exchange='SMART', primaryExchange='NYSE', currency='USD', localSymbol='SJM', tradingClass='SJM')
2026-04-09 00:27:14,120  ERROR  Error 10089, reqId 188: Les donn\u00e9es de march\u00e9 demand\u00e9es n\u00e9cessitent une souscription suppl\u00e9mentaire pour les connexions API. Pour plus de d\u00e9tails, veuillez consulter le lien de la bo\u00eetre de dialogue \u00ab\u00a0Connexions aux donn\u00e9es de march\u00e9\u00a0\u00bb.Des donn\u00e9es de march\u00e9 en diff\u00e9r\u00e9 sont disponibles.SW NYSE/TOP/ALL, contract: Stock(conId=713434903, symbol='SW', exchange='SMART', primaryExchange='NYSE', currency='USD', localSymbol='SW', tradingClass='SW')
2026-04-09 00:27:14,120  ERROR  Error 10089, reqId 189: Les donn\u00e9es de march\u00e9 demand\u00e9es n\u00e9cessitent une souscription suppl\u00e9mentaire pour les connexions API. Pour plus de d\u00e9tails, veuillez consulter le lien de la bo\u00eetre de dialogue \u00ab\u00a0Connexions aux donn\u00e9es de march\u00e9\u00a0\u00bb.Des donn\u00e9es de march\u00e9 en diff\u00e9r\u00e9 sont disponibles.SMCI NASDAQ.NMS/TOP/ALL, contract: Stock(conId=731466419, symbol='SMCI', exchange='SMART', primaryExchange='NASDAQ', currency='USD', localSymbol='SMCI', tradingClass='NMS')
2026-04-09 00:27:14,120  ERROR  Error 10089, reqId 190: Les donn\u00e9es de march\u00e9 demand\u00e9es n\u00e9cessitent une souscription suppl\u00e9mentaire pour les connexions API. Pour plus de d\u00e9tails, veuillez consulter le lien de la bo\u00eetre de dialogue \u00ab\u00a0Connexions aux donn\u00e9es de march\u00e9\u00a0\u00bb.Des donn\u00e9es de march\u00e9 en diff\u00e9r\u00e9 sont disponibles.TPL NYSE/TOP/ALL, contract: Stock(conId=463654490, symbol='TPL', exchange='SMART', primaryExchange='NYSE', currency='USD', localSymbol='TPL', tradingClass='TPL')
2026-04-09 00:27:14,506  ERROR  Error 10089, reqId 191: Les donn\u00e9es de march\u00e9 demand\u00e9es n\u00e9cessitent une souscription suppl\u00e9mentaire pour les connexions API. Pour plus de d\u00e9tails, veuillez consulter le lien de la bo\u00eetre de dialogue \u00ab\u00a0Connexions aux donn\u00e9es de march\u00e9\u00a0\u00bb.Des donn\u00e9es de march\u00e9 en diff\u00e9r\u00e9 sont disponibles.TKO NYSE/TOP/ALL, contract: Stock(conId=652841542, symbol='TKO', exchange='SMART', primaryExchange='NYSE', currency='USD', localSymbol='TKO', tradingClass='TKO')
2026-04-09 00:27:14,507  ERROR  Error 10089, reqId 192: Les donn\u00e9es de march\u00e9 demand\u00e9es n\u00e9cessitent une souscription suppl\u00e9mentaire pour les connexions API. Pour plus de d\u00e9tails, veuillez consulter le lien de la bo\u00eetre de dialogue \u00ab\u00a0Connexions aux donn\u00e9es de march\u00e9\u00a0\u00bb.Des donn\u00e9es de march\u00e9 en diff\u00e9r\u00e9 sont disponibles.TT NYSE/TOP/ALL, contract: Stock(conId=406709270, symbol='TT', exchange='SMART', primaryExchange='NYSE', currency='USD', localSymbol='TT', tradingClass='TT')
2026-04-09 00:27:14,507  ERROR  Error 10089, reqId 193: Les donn\u00e9es de march\u00e9 demand\u00e9es n\u00e9cessitent une souscription suppl\u00e9mentaire pour les connexions API. Pour plus de d\u00e9tails, veuillez consulter le lien de la bo\u00eetre de dialogue \u00ab\u00a0Connexions aux donn\u00e9es de march\u00e9\u00a0\u00bb.Des donn\u00e9es de march\u00e9 en diff\u00e9r\u00e9 sont disponibles.TFC NYSE/TOP/ALL, contract: Stock(conId=393460310, symbol='TFC', exchange='SMART', primaryExchange='NYSE', currency='USD', localSymbol='TFC', tradingClass='TFC')
2026-04-09 00:27:14,508  ERROR  Error 10089, reqId 194: Les donn\u00e9es de march\u00e9 demand\u00e9es n\u00e9cessitent une souscription suppl\u00e9mentaire pour les connexions API. Pour plus de d\u00e9tails, veuillez consulter le lien de la bo\u00eetre de dialogue \u00ab\u00a0Connexions aux donn\u00e9es de march\u00e9\u00a0\u00bb.Des donn\u00e9es de march\u00e9 en diff\u00e9r\u00e9 sont disponibles.USB NYSE/TOP/ALL, contract: Stock(conId=11669769, symbol='USB', exchange='SMART', primaryExchange='NYSE', currency='USD', localSymbol='USB', tradingClass='USB')
2026-04-09 00:27:14,508  ERROR  Error 10089, reqId 195: Les donn\u00e9es de march\u00e9 demand\u00e9es n\u00e9cessitent une souscription suppl\u00e9mentaire pour les connexions API. Pour plus de d\u00e9tails, veuillez consulter le lien de la bo\u00eetre de dialogue \u00ab\u00a0Connexions aux donn\u00e9es de march\u00e9\u00a0\u00bb.Des donn\u00e9es de march\u00e9 en diff\u00e9r\u00e9 sont disponibles.UBER NYSE/TOP/ALL, contract: Stock(conId=365207014, symbol='UBER', exchange='SMART', primaryExchange='NYSE', currency='USD', localSymbol='UBER', tradingClass='UBER')
2026-04-09 00:27:14,509  ERROR  Error 10089, reqId 196: Les donn\u00e9es de march\u00e9 demand\u00e9es n\u00e9cessitent une souscription suppl\u00e9mentaire pour les connexions API. Pour plus de d\u00e9tails, veuillez consulter le lien de la bo\u00eetre de dialogue \u00ab\u00a0Connexions aux donn\u00e9es de march\u00e9\u00a0\u00bb.Des donn\u00e9es de march\u00e9 en diff\u00e9r\u00e9 sont disponibles.URI NYSE/TOP/ALL, contract: Stock(conId=3629755, symbol='URI', exchange='SMART', primaryExchange='NYSE', currency='USD', localSymbol='URI', tradingClass='URI')
2026-04-09 00:27:15,115  ERROR  Error 10089, reqId 197: Les donn\u00e9es de march\u00e9 demand\u00e9es n\u00e9cessitent une souscription suppl\u00e9mentaire pour les connexions API. Pour plus de d\u00e9tails, veuillez consulter le lien de la bo\u00eetre de dialogue \u00ab\u00a0Connexions aux donn\u00e9es de march\u00e9\u00a0\u00bb.Des donn\u00e9es de march\u00e9 en diff\u00e9r\u00e9 sont disponibles.UNH NYSE/TOP/ALL, contract: Stock(conId=13272, symbol='UNH', exchange='SMART', primaryExchange='NYSE', currency='USD', localSymbol='UNH', tradingClass='UNH')
2026-04-09 00:27:15,115  ERROR  Error 10089, reqId 198: Les donn\u00e9es de march\u00e9 demand\u00e9es n\u00e9cessitent une souscription suppl\u00e9mentaire pour les connexions API. Pour plus de d\u00e9tails, veuillez consulter le lien de la bo\u00eetre de dialogue \u00ab\u00a0Connexions aux donn\u00e9es de march\u00e9\u00a0\u00bb.Des donn\u00e9es de march\u00e9 en diff\u00e9r\u00e9 sont disponibles.VRSK NASDAQ.NMS/TOP/ALL, contract: Stock(conId=69293559, symbol='VRSK', exchange='SMART', primaryExchange='NASDAQ', currency='USD', localSymbol='VRSK', tradingClass='NMS')
2026-04-09 00:27:15,117  ERROR  Error 10089, reqId 199: Les donn\u00e9es de march\u00e9 demand\u00e9es n\u00e9cessitent une souscription suppl\u00e9mentaire pour les connexions API. Pour plus de d\u00e9tails, veuillez consulter le lien de la bo\u00eetre de dialogue \u00ab\u00a0Connexions aux donn\u00e9es de march\u00e9\u00a0\u00bb.Des donn\u00e9es de march\u00e9 en diff\u00e9r\u00e9 sont disponibles.VRT NYSE/TOP/ALL, contract: Stock(conId=402783527, symbol='VRT', exchange='SMART', primaryExchange='NYSE', currency='USD', localSymbol='VRT', tradingClass='VRT')
2026-04-09 00:27:15,118  ERROR  Error 10089, reqId 200: Les donn\u00e9es de march\u00e9 demand\u00e9es n\u00e9cessitent une souscription suppl\u00e9mentaire pour les connexions API. Pour plus de d\u00e9tails, veuillez consulter le lien de la bo\u00eetre de dialogue \u00ab\u00a0Connexions aux donn\u00e9es de march\u00e9\u00a0\u00bb.Des donn\u00e9es de march\u00e9 en diff\u00e9r\u00e9 sont disponibles.WMT NASDAQ.NMS/TOP/ALL, contract: Stock(conId=13824, symbol='WMT', exchange='SMART', primaryExchange='NASDAQ', currency='USD', localSymbol='WMT', tradingClass='NMS')
2026-04-09 00:27:15,118  ERROR  Error 10089, reqId 201: Les donn\u00e9es de march\u00e9 demand\u00e9es n\u00e9cessitent une souscription suppl\u00e9mentaire pour les connexions API. Pour plus de d\u00e9tails, veuillez consulter le lien de la bo\u00eetre de dialogue \u00ab\u00a0Connexions aux donn\u00e9es de march\u00e9\u00a0\u00bb.Des donn\u00e9es de march\u00e9 en diff\u00e9r\u00e9 sont disponibles.WBD NASDAQ.NMS/TOP/ALL, contract: Stock(conId=554208351, symbol='WBD', exchange='SMART', primaryExchange='NASDAQ', currency='USD', localSymbol='WBD', tradingClass='NMS')
2026-04-09 00:27:15,251  ERROR  Error 300, reqId 153: Can't find EId with tickerId:153
2026-04-09 00:27:15,251  ERROR  Error 300, reqId 154: Can't find EId with tickerId:154
2026-04-09 00:27:15,252  ERROR  Error 300, reqId 155: Can't find EId with tickerId:155
2026-04-09 00:27:15,252  ERROR  Error 300, reqId 156: Can't find EId with tickerId:156
2026-04-09 00:27:15,253  ERROR  Error 300, reqId 157: Can't find EId with tickerId:157
2026-04-09 00:27:15,350  ERROR  Error 300, reqId 158: Can't find EId with tickerId:158
2026-04-09 00:27:15,350  ERROR  Error 300, reqId 159: Can't find EId with tickerId:159
2026-04-09 00:27:15,351  ERROR  Error 300, reqId 160: Can't find EId with tickerId:160
2026-04-09 00:27:15,450  ERROR  Error 300, reqId 161: Can't find EId with tickerId:161
2026-04-09 00:27:15,450  ERROR  Error 300, reqId 162: Can't find EId with tickerId:162
2026-04-09 00:27:15,550  ERROR  Error 300, reqId 163: Can't find EId with tickerId:163
2026-04-09 00:27:15,650  ERROR  Error 300, reqId 164: Can't find EId with tickerId:164
2026-04-09 00:27:15,750  ERROR  Error 300, reqId 165: Can't find EId with tickerId:165
2026-04-09 00:27:15,757  ERROR  Error 10089, reqId 202: Les donn\u00e9es de march\u00e9 demand\u00e9es n\u00e9cessitent une souscription suppl\u00e9mentaire pour les connexions API. Pour plus de d\u00e9tails, veuillez consulter le lien de la bo\u00eetre de dialogue \u00ab\u00a0Connexions aux donn\u00e9es de march\u00e9\u00a0\u00bb.Des donn\u00e9es de march\u00e9 en diff\u00e9r\u00e9 sont disponibles.WTW NASDAQ.NMS/TOP/ALL
2026-04-09 00:27:15,850  ERROR  Error 300, reqId 166: Can't find EId with tickerId:166
2026-04-09 00:27:15,950  ERROR  Error 300, reqId 167: Can't find EId with tickerId:167
2026-04-09 00:27:16,050  ERROR  Error 300, reqId 168: Can't find EId with tickerId:168
2026-04-09 00:27:16,150  ERROR  Error 300, reqId 169: Can't find EId with tickerId:169
2026-04-09 00:27:16,251  ERROR  Error 300, reqId 170: Can't find EId with tickerId:170
2026-04-09 00:27:16,251  ERROR  Error 300, reqId 171: Can't find EId with tickerId:171
2026-04-09 00:27:16,252  ERROR  Error 300, reqId 172: Can't find EId with tickerId:172
2026-04-09 00:27:16,253  ERROR  Error 300, reqId 173: Can't find EId with tickerId:173
2026-04-09 00:27:16,253  ERROR  Error 300, reqId 174: Can't find EId with tickerId:174
2026-04-09 00:27:16,253  ERROR  Error 300, reqId 175: Can't find EId with tickerId:175
2026-04-09 00:27:16,254  ERROR  Error 300, reqId 176: Can't find EId with tickerId:176
2026-04-09 00:27:16,254  ERROR  Error 300, reqId 177: Can't find EId with tickerId:177
2026-04-09 00:27:16,254  ERROR  Error 300, reqId 178: Can't find EId with tickerId:178
2026-04-09 00:27:16,255  ERROR  Error 300, reqId 179: Can't find EId with tickerId:179
2026-04-09 00:27:16,255  ERROR  Error 300, reqId 180: Can't find EId with tickerId:180
2026-04-09 00:27:16,255  ERROR  Error 300, reqId 181: Can't find EId with tickerId:181
2026-04-09 00:27:16,256  ERROR  Error 300, reqId 182: Can't find EId with tickerId:182
2026-04-09 00:27:16,256  ERROR  Error 300, reqId 183: Can't find EId with tickerId:183
2026-04-09 00:27:16,350  ERROR  Error 300, reqId 184: Can't find EId with tickerId:184
2026-04-09 00:27:16,351  ERROR  Error 300, reqId 185: Can't find EId with tickerId:185
2026-04-09 00:27:16,351  ERROR  Error 300, reqId 186: Can't find EId with tickerId:186
2026-04-09 00:27:16,351  ERROR  Error 300, reqId 187: Can't find EId with tickerId:187
2026-04-09 00:27:16,352  ERROR  Error 300, reqId 188: Can't find EId with tickerId:188
2026-04-09 00:27:16,352  ERROR  Error 300, reqId 189: Can't find EId with tickerId:189
2026-04-09 00:27:16,352  ERROR  Error 300, reqId 190: Can't find EId with tickerId:190
2026-04-09 00:27:16,450  ERROR  Error 300, reqId 191: Can't find EId with tickerId:191
2026-04-09 00:27:16,451  ERROR  Error 300, reqId 192: Can't find EId with tickerId:192
2026-04-09 00:27:16,451  ERROR  Error 300, reqId 193: Can't find EId with tickerId:193
2026-04-09 00:27:16,452  ERROR  Error 300, reqId 194: Can't find EId with tickerId:194
2026-04-09 00:27:16,550  ERROR  Error 300, reqId 195: Can't find EId with tickerId:195
2026-04-09 00:27:16,550  ERROR  Error 300, reqId 196: Can't find EId with tickerId:196
2026-04-09 00:27:16,650  ERROR  Error 300, reqId 197: Can't find EId with tickerId:197
2026-04-09 00:27:16,750  ERROR  Error 300, reqId 198: Can't find EId with tickerId:198
2026-04-09 00:27:16,850  ERROR  Error 300, reqId 199: Can't find EId with tickerId:199
2026-04-09 00:27:16,950  ERROR  Error 300, reqId 200: Can't find EId with tickerId:200
2026-04-09 00:27:17,050  ERROR  Error 300, reqId 201: Can't find EId with tickerId:201
2026-04-09 00:27:17,158  ERROR  Error 300, reqId 202: Can't find EId with tickerId:202
2026-04-09 00:27:18,130  ERROR  Error 200, reqId 246: Aucune d\u00e9finition de titre trouv\u00e9e pour cette requ\u00eate, contract: Stock(symbol='CVG', exchange='SMART', currency='USD')
2026-04-09 00:27:18,516  WARNING  Unknown contract: Stock(symbol='CVG', exchange='SMART', currency='USD')
2026-04-09 00:27:18,753  ERROR  Error 10089, reqId 253: Les donn\u00e9es de march\u00e9 demand\u00e9es n\u00e9cessitent une souscription suppl\u00e9mentaire pour les connexions API. Pour plus de d\u00e9tails, veuillez consulter le lien de la bo\u00eetre de dialogue \u00ab\u00a0Connexions aux donn\u00e9es de march\u00e9\u00a0\u00bb.Des donn\u00e9es de march\u00e9 en diff\u00e9r\u00e9 sont disponibles.MOH NYSE/TOP/ALL, contract: Stock(conId=19012089, symbol='MOH', exchange='SMART', primaryExchange='NYSE', currency='USD', localSymbol='MOH', tradingClass='MOH')
2026-04-09 00:27:19,350  ERROR  Error 10089, reqId 254: Les donn\u00e9es de march\u00e9 demand\u00e9es n\u00e9cessitent une souscription suppl\u00e9mentaire pour les connexions API. Pour plus de d\u00e9tails, veuillez consulter le lien de la bo\u00eetre de dialogue \u00ab\u00a0Connexions aux donn\u00e9es de march\u00e9\u00a0\u00bb.Des donn\u00e9es de march\u00e9 en diff\u00e9r\u00e9 sont disponibles.ENPH NASDAQ.NMS/TOP/ALL, contract: Stock(conId=105368327, symbol='ENPH', exchange='SMART', primaryExchange='NASDAQ', currency='USD', localSymbol='ENPH', tradingClass='NMS')
2026-04-09 00:27:19,350  ERROR  Error 10089, reqId 255: Les donn\u00e9es de march\u00e9 demand\u00e9es n\u00e9cessitent une souscription suppl\u00e9mentaire pour les connexions API. Pour plus de d\u00e9tails, veuillez consulter le lien de la bo\u00eetre de dialogue \u00ab\u00a0Connexions aux donn\u00e9es de march\u00e9\u00a0\u00bb.Des donn\u00e9es de march\u00e9 en diff\u00e9r\u00e9 sont disponibles.CZR NASDAQ.NMS/TOP/ALL, contract: Stock(conId=435774408, symbol='CZR', exchange='SMART', primaryExchange='NASDAQ', currency='USD', localSymbol='CZR', tradingClass='NMS')
2026-04-09 00:27:19,350  ERROR  Error 10089, reqId 256: Les donn\u00e9es de march\u00e9 demand\u00e9es n\u00e9cessitent une souscription suppl\u00e9mentaire pour les connexions API. Pour plus de d\u00e9tails, veuillez consulter le lien de la bo\u00eetre de dialogue \u00ab\u00a0Connexions aux donn\u00e9es de march\u00e9\u00a0\u00bb.Des donn\u00e9es de march\u00e9 en diff\u00e9r\u00e9 sont disponibles.BWA NYSE/TOP/ALL, contract: Stock(conId=5336, symbol='BWA', exchange='SMART', primaryExchange='NYSE', currency='USD', localSymbol='BWA', tradingClass='BWA')
2026-04-09 00:27:19,350  ERROR  Error 10089, reqId 257: Les donn\u00e9es de march\u00e9 demand\u00e9es n\u00e9cessitent une souscription suppl\u00e9mentaire pour les connexions API. Pour plus de d\u00e9tails, veuillez consulter le lien de la bo\u00eetre de dialogue \u00ab\u00a0Connexions aux donn\u00e9es de march\u00e9\u00a0\u00bb.Des donn\u00e9es de march\u00e9 en diff\u00e9r\u00e9 sont disponibles.CE NYSE/TOP/ALL, contract: Stock(conId=32943358, symbol='CE', exchange='SMART', primaryExchange='NYSE', currency='USD', localSymbol='CE', tradingClass='CE')
2026-04-09 00:27:19,350  ERROR  Error 10089, reqId 258: Les donn\u00e9es de march\u00e9 demand\u00e9es n\u00e9cessitent une souscription suppl\u00e9mentaire pour les connexions API. Pour plus de d\u00e9tails, veuillez consulter le lien de la bo\u00eetre de dialogue \u00ab\u00a0Connexions aux donn\u00e9es de march\u00e9\u00a0\u00bb.Des donn\u00e9es de march\u00e9 en diff\u00e9r\u00e9 sont disponibles.ZION NASDAQ.NMS/TOP/ALL, contract: Stock(conId=276329, symbol='ZION', exchange='SMART', primaryExchange='NASDAQ', currency='USD', localSymbol='ZION', tradingClass='NMS')
2026-04-09 00:27:19,353  ERROR  Error 10089, reqId 259: Les donn\u00e9es de march\u00e9 demand\u00e9es n\u00e9cessitent une souscription suppl\u00e9mentaire pour les connexions API. Pour plus de d\u00e9tails, veuillez consulter le lien de la bo\u00eetre de dialogue \u00ab\u00a0Connexions aux donn\u00e9es de march\u00e9\u00a0\u00bb.Des donn\u00e9es de march\u00e9 en diff\u00e9r\u00e9 sont disponibles.OGN NYSE/TOP/ALL, contract: Stock(conId=490414355, symbol='OGN', exchange='SMART', primaryExchange='NYSE', currency='USD', localSymbol='OGN', tradingClass='OGN')
2026-04-09 00:27:19,353  ERROR  Error 10089, reqId 260: Les donn\u00e9es de march\u00e9 demand\u00e9es n\u00e9cessitent une souscription suppl\u00e9mentaire pour les connexions API. Pour plus de d\u00e9tails, veuillez consulter le lien de la bo\u00eetre de dialogue \u00ab\u00a0Connexions aux donn\u00e9es de march\u00e9\u00a0\u00bb.Des donn\u00e9es de march\u00e9 en diff\u00e9r\u00e9 sont disponibles.LNC NYSE/TOP/ALL, contract: Stock(conId=9174, symbol='LNC', exchange='SMART', primaryExchange='NYSE', currency='USD', localSymbol='LNC', tradingClass='LNC')
2026-04-09 00:27:19,353  ERROR  Error 10089, reqId 261: Les donn\u00e9es de march\u00e9 demand\u00e9es n\u00e9cessitent une souscription suppl\u00e9mentaire pour les connexions API. Pour plus de d\u00e9tails, veuillez consulter le lien de la bo\u00eetre de dialogue \u00ab\u00a0Connexions aux donn\u00e9es de march\u00e9\u00a0\u00bb.Des donn\u00e9es de march\u00e9 en diff\u00e9r\u00e9 sont disponibles.VNO NYSE/TOP/ALL, contract: Stock(conId=13535, symbol='VNO', exchange='SMART', primaryExchange='NYSE', currency='USD', localSymbol='VNO', tradingClass='VNO')
2026-04-09 00:27:19,353  ERROR  Error 10089, reqId 262: Les donn\u00e9es de march\u00e9 demand\u00e9es n\u00e9cessitent une souscription suppl\u00e9mentaire pour les connexions API. Pour plus de d\u00e9tails, veuillez consulter le lien de la bo\u00eetre de dialogue \u00ab\u00a0Connexions aux donn\u00e9es de march\u00e9\u00a0\u00bb.Des donn\u00e9es de march\u00e9 en diff\u00e9r\u00e9 sont disponibles.PVH NYSE/TOP/ALL, contract: Stock(conId=90794895, symbol='PVH', exchange='SMART', primaryExchange='NYSE', currency='USD', localSymbol='PVH', tradingClass='PVH')
2026-04-09 00:27:19,359  ERROR  Error 10089, reqId 263: Les donn\u00e9es de march\u00e9 demand\u00e9es n\u00e9cessitent une souscription suppl\u00e9mentaire pour les connexions API. Pour plus de d\u00e9tails, veuillez consulter le lien de la bo\u00eetre de dialogue \u00ab\u00a0Connexions aux donn\u00e9es de march\u00e9\u00a0\u00bb.Des donn\u00e9es de march\u00e9 en diff\u00e9r\u00e9 sont disponibles.PENN NASDAQ.NMS/TOP/ALL, contract: Stock(conId=4816415, symbol='PENN', exchange='SMART', primaryExchange='NASDAQ', currency='USD', localSymbol='PENN', tradingClass='NMS')
2026-04-09 00:27:19,359  ERROR  Error 10089, reqId 264: Les donn\u00e9es de march\u00e9 demand\u00e9es n\u00e9cessitent une souscription suppl\u00e9mentaire pour les connexions API. Pour plus de d\u00e9tails, veuillez consulter le lien de la bo\u00eetre de dialogue \u00ab\u00a0Connexions aux donn\u00e9es de march\u00e9\u00a0\u00bb.Des donn\u00e9es de march\u00e9 en diff\u00e9r\u00e9 sont disponibles.UA NYSE/TOP/ALL, contract: Stock(conId=225590118, symbol='UA', exchange='SMART', primaryExchange='NYSE', currency='USD', localSymbol='UA', tradingClass='UA')
2026-04-09 00:27:19,360  ERROR  Error 10089, reqId 265: Les donn\u00e9es de march\u00e9 demand\u00e9es n\u00e9cessitent une souscription suppl\u00e9mentaire pour les connexions API. Pour plus de d\u00e9tails, veuillez consulter le lien de la bo\u00eetre de dialogue \u00ab\u00a0Connexions aux donn\u00e9es de march\u00e9\u00a0\u00bb.Des donn\u00e9es de march\u00e9 en diff\u00e9r\u00e9 sont disponibles.UNM NYSE/TOP/ALL, contract: Stock(conId=13277, symbol='UNM', exchange='SMART', primaryExchange='NYSE', currency='USD', localSymbol='UNM', tradingClass='UNM')
2026-04-09 00:27:19,360  ERROR  Error 10089, reqId 266: Les donn\u00e9es de march\u00e9 demand\u00e9es n\u00e9cessitent une souscription suppl\u00e9mentaire pour les connexions API. Pour plus de d\u00e9tails, veuillez consulter le lien de la bo\u00eetre de dialogue \u00ab\u00a0Connexions aux donn\u00e9es de march\u00e9\u00a0\u00bb.Des donn\u00e9es de march\u00e9 en diff\u00e9r\u00e9 sont disponibles.SLG NYSE/TOP/ALL, contract: Stock(conId=537789289, symbol='SLG', exchange='SMART', primaryExchange='NYSE', currency='USD', localSymbol='SLG', tradingClass='SLG')
2026-04-09 00:27:19,363  ERROR  Error 10089, reqId 267: Les donn\u00e9es de march\u00e9 demand\u00e9es n\u00e9cessitent une souscription suppl\u00e9mentaire pour les connexions API. Pour plus de d\u00e9tails, veuillez consulter le lien de la bo\u00eetre de dialogue \u00ab\u00a0Connexions aux donn\u00e9es de march\u00e9\u00a0\u00bb.Des donn\u00e9es de march\u00e9 en diff\u00e9r\u00e9 sont disponibles.FTI NYSE/TOP/ALL, contract: Stock(conId=262072228, symbol='FTI', exchange='SMART', primaryExchange='NYSE', currency='USD', localSymbol='FTI', tradingClass='FTI')
2026-04-09 00:27:19,363  ERROR  Error 10089, reqId 268: Les donn\u00e9es de march\u00e9 demand\u00e9es n\u00e9cessitent une souscription suppl\u00e9mentaire pour les connexions API. Pour plus de d\u00e9tails, veuillez consulter le lien de la bo\u00eetre de dialogue \u00ab\u00a0Connexions aux donn\u00e9es de march\u00e9\u00a0\u00bb.Des donn\u00e9es de march\u00e9 en diff\u00e9r\u00e9 sont disponibles.COTY NYSE/TOP/ALL, contract: Stock(conId=129131475, symbol='COTY', exchange='SMART', primaryExchange='NYSE', currency='USD', localSymbol='COTY', tradingClass='COTY')
2026-04-09 00:27:19,366  ERROR  Error 10089, reqId 269: Les donn\u00e9es de march\u00e9 demand\u00e9es n\u00e9cessitent une souscription suppl\u00e9mentaire pour les connexions API. Pour plus de d\u00e9tails, veuillez consulter le lien de la bo\u00eetre de dialogue \u00ab\u00a0Connexions aux donn\u00e9es de march\u00e9\u00a0\u00bb.Des donn\u00e9es de march\u00e9 en diff\u00e9r\u00e9 sont disponibles.CPRI NYSE/TOP/ALL, contract: Stock(conId=347409760, symbol='CPRI', exchange='SMART', primaryExchange='NYSE', currency='USD', localSymbol='CPRI', tradingClass='CPRI')
2026-04-09 00:27:19,367  ERROR  Error 10089, reqId 270: Les donn\u00e9es de march\u00e9 demand\u00e9es n\u00e9cessitent une souscription suppl\u00e9mentaire pour les connexions API. Pour plus de d\u00e9tails, veuillez consulter le lien de la bo\u00eetre de dialogue \u00ab\u00a0Connexions aux donn\u00e9es de march\u00e9\u00a0\u00bb.Des donn\u00e9es de march\u00e9 en diff\u00e9r\u00e9 sont disponibles.TRIP NASDAQ.NMS/TOP/ALL, contract: Stock(conId=98542026, symbol='TRIP', exchange='SMART', primaryExchange='NASDAQ', currency='USD', localSymbol='TRIP', tradingClass='NMS')
2026-04-09 00:27:19,367  ERROR  Error 10089, reqId 271: Les donn\u00e9es de march\u00e9 demand\u00e9es n\u00e9cessitent une souscription suppl\u00e9mentaire pour les connexions API. Pour plus de d\u00e9tails, veuillez consulter le lien de la bo\u00eetre de dialogue \u00ab\u00a0Connexions aux donn\u00e9es de march\u00e9\u00a0\u00bb.Des donn\u00e9es de march\u00e9 en diff\u00e9r\u00e9 sont disponibles.MAC NYSE/TOP/ALL, contract: Stock(conId=9322, symbol='MAC', exchange='SMART', primaryExchange='NYSE', currency='USD', localSymbol='MAC', tradingClass='MAC')
2026-04-09 00:27:19,368  ERROR  Error 10089, reqId 272: Les donn\u00e9es de march\u00e9 demand\u00e9es n\u00e9cessitent une souscription suppl\u00e9mentaire pour les connexions API. Pour plus de d\u00e9tails, veuillez consulter le lien de la bo\u00eetre de dialogue \u00ab\u00a0Connexions aux donn\u00e9es de march\u00e9\u00a0\u00bb.Des donn\u00e9es de march\u00e9 en diff\u00e9r\u00e9 sont disponibles.STI NASDAQ.SCM/TOP/ALL, contract: Stock(conId=782964354, symbol='STI', exchange='SMART', primaryExchange='NASDAQ', currency='USD', localSymbol='STI', tradingClass='SCM')
2026-04-09 00:27:19,368  ERROR  Error 10089, reqId 273: Les donn\u00e9es de march\u00e9 demand\u00e9es n\u00e9cessitent une souscription suppl\u00e9mentaire pour les connexions API. Pour plus de d\u00e9tails, veuillez consulter le lien de la bo\u00eetre de dialogue \u00ab\u00a0Connexions aux donn\u00e9es de march\u00e9\u00a0\u00bb.Des donn\u00e9es de march\u00e9 en diff\u00e9r\u00e9 sont disponibles.NKTR NASDAQ.SCM/TOP/ALL, contract: Stock(conId=789862827, symbol='NKTR', exchange='SMART', primaryExchange='NASDAQ', currency='USD', localSymbol='NKTR', tradingClass='SCM')
2026-04-09 00:27:19,369  ERROR  Error 10089, reqId 274: Les donn\u00e9es de march\u00e9 demand\u00e9es n\u00e9cessitent une souscription suppl\u00e9mentaire pour les connexions API. Pour plus de d\u00e9tails, veuillez consulter le lien de la bo\u00eetre de dialogue \u00ab\u00a0Connexions aux donn\u00e9es de march\u00e9\u00a0\u00bb.Des donn\u00e9es de march\u00e9 en diff\u00e9r\u00e9 sont disponibles.FLR NYSE/TOP/ALL, contract: Stock(conId=11218575, symbol='FLR', exchange='SMART', primaryExchange='NYSE', currency='USD', localSymbol='FLR', tradingClass='FLR')
2026-04-09 00:27:19,369  ERROR  Error 10089, reqId 275: Les donn\u00e9es de march\u00e9 demand\u00e9es n\u00e9cessitent une souscription suppl\u00e9mentaire pour les connexions API. Pour plus de d\u00e9tails, veuillez consulter le lien de la bo\u00eetre de dialogue \u00ab\u00a0Connexions aux donn\u00e9es de march\u00e9\u00a0\u00bb.Des donn\u00e9es de march\u00e9 en diff\u00e9r\u00e9 sont disponibles.BHF NASDAQ.NMS/TOP/ALL, contract: Stock(conId=282563276, symbol='BHF', exchange='SMART', primaryExchange='NASDAQ', currency='USD', localSymbol='BHF', tradingClass='NMS')
2026-04-09 00:27:19,370  ERROR  Error 10089, reqId 276: Les donn\u00e9es de march\u00e9 demand\u00e9es n\u00e9cessitent une souscription suppl\u00e9mentaire pour les connexions API. Pour plus de d\u00e9tails, veuillez consulter le lien de la bo\u00eetre de dialogue \u00ab\u00a0Connexions aux donn\u00e9es de march\u00e9\u00a0\u00bb.Des donn\u00e9es de march\u00e9 en diff\u00e9r\u00e9 sont disponibles.SIG NYSE/TOP/ALL, contract: Stock(conId=53747825, symbol='SIG', exchange='SMART', primaryExchange='NYSE', currency='USD', localSymbol='SIG', tradingClass='SIG')
2026-04-09 00:27:19,370  ERROR  Error 10089, reqId 277: Les donn\u00e9es de march\u00e9 demand\u00e9es n\u00e9cessitent une souscription suppl\u00e9mentaire pour les connexions API. Pour plus de d\u00e9tails, veuillez consulter le lien de la bo\u00eetre de dialogue \u00ab\u00a0Connexions aux donn\u00e9es de march\u00e9\u00a0\u00bb.Des donn\u00e9es de march\u00e9 en diff\u00e9r\u00e9 sont disponibles.RIG NYSE/TOP/ALL, contract: Stock(conId=56505491, symbol='RIG', exchange='SMART', primaryExchange='NYSE', currency='USD', localSymbol='RIG', tradingClass='RIG')
2026-04-09 00:27:19,370  ERROR  Error 10089, reqId 278: Les donn\u00e9es de march\u00e9 demand\u00e9es n\u00e9cessitent une souscription suppl\u00e9mentaire pour les connexions API. Pour plus de d\u00e9tails, veuillez consulter le lien de la bo\u00eetre de dialogue \u00ab\u00a0Connexions aux donn\u00e9es de march\u00e9\u00a0\u00bb.Des donn\u00e9es de march\u00e9 en diff\u00e9r\u00e9 sont disponibles.BBBY NYSE/TOP/ALL, contract: Stock(conId=15130059, symbol='BBBY', exchange='SMART', primaryExchange='NYSE', currency='USD', localSymbol='BBBY', tradingClass='BBBY')
2026-04-09 00:27:19,372  ERROR  Error 10089, reqId 279: Les donn\u00e9es de march\u00e9 demand\u00e9es n\u00e9cessitent une souscription suppl\u00e9mentaire pour les connexions API. Pour plus de d\u00e9tails, veuillez consulter le lien de la bo\u00eetre de dialogue \u00ab\u00a0Connexions aux donn\u00e9es de march\u00e9\u00a0\u00bb.Des donn\u00e9es de march\u00e9 en diff\u00e9r\u00e9 sont disponibles.PBI NYSE/TOP/ALL, contract: Stock(conId=10920, symbol='PBI', exchange='SMART', primaryExchange='NYSE', currency='USD', localSymbol='PBI', tradingClass='PBI')
2026-04-09 00:27:19,373  ERROR  Error 10089, reqId 280: Les donn\u00e9es de march\u00e9 demand\u00e9es n\u00e9cessitent une souscription suppl\u00e9mentaire pour les connexions API. Pour plus de d\u00e9tails, veuillez consulter le lien de la bo\u00eetre de dialogue \u00ab\u00a0Connexions aux donn\u00e9es de march\u00e9\u00a0\u00bb.Des donn\u00e9es de march\u00e9 en diff\u00e9r\u00e9 sont disponibles.SE NYSE/TOP/ALL, contract: Stock(conId=292735472, symbol='SE', exchange='SMART', primaryExchange='NYSE', currency='USD', localSymbol='SE', tradingClass='SE')
2026-04-09 00:27:19,373  ERROR  Error 10089, reqId 281: Les donn\u00e9es de march\u00e9 demand\u00e9es n\u00e9cessitent une souscription suppl\u00e9mentaire pour les connexions API. Pour plus de d\u00e9tails, veuillez consulter le lien de la bo\u00eetre de dialogue \u00ab\u00a0Connexions aux donn\u00e9es de march\u00e9\u00a0\u00bb.Des donn\u00e9es de march\u00e9 en diff\u00e9r\u00e9 sont disponibles.TE NYSE/TOP/ALL, contract: Stock(conId=674590140, symbol='TE', exchange='SMART', primaryExchange='NYSE', currency='USD', localSymbol='TE', tradingClass='TE')
2026-04-09 00:27:19,373  ERROR  Error 10089, reqId 282: Les donn\u00e9es de march\u00e9 demand\u00e9es n\u00e9cessitent une souscription suppl\u00e9mentaire pour les connexions API. Pour plus de d\u00e9tails, veuillez consulter le lien de la bo\u00eetre de dialogue \u00ab\u00a0Connexions aux donn\u00e9es de march\u00e9\u00a0\u00bb.Des donn\u00e9es de march\u00e9 en diff\u00e9r\u00e9 sont disponibles.ADT NYSE/TOP/ALL, contract: Stock(conId=302902498, symbol='ADT', exchange='SMART', primaryExchange='NYSE', currency='USD', localSymbol='ADT', tradingClass='ADT')
2026-04-09 00:27:19,375  ERROR  Error 10089, reqId 283: Les donn\u00e9es de march\u00e9 demand\u00e9es n\u00e9cessitent une souscription suppl\u00e9mentaire pour les connexions API. Pour plus de d\u00e9tails, veuillez consulter le lien de la bo\u00eetre de dialogue \u00ab\u00a0Connexions aux donn\u00e9es de march\u00e9\u00a0\u00bb.Des donn\u00e9es de march\u00e9 en diff\u00e9r\u00e9 sont disponibles.GME NYSE/TOP/ALL, contract: Stock(conId=36285627, symbol='GME', exchange='SMART', primaryExchange='NYSE', currency='USD', localSymbol='GME', tradingClass='GME')
2026-04-09 00:27:19,376  ERROR  Error 10089, reqId 284: Les donn\u00e9es de march\u00e9 demand\u00e9es n\u00e9cessitent une souscription suppl\u00e9mentaire pour les connexions API. Pour plus de d\u00e9tails, veuillez consulter le lien de la bo\u00eetre de dialogue \u00ab\u00a0Connexions aux donn\u00e9es de march\u00e9\u00a0\u00bb.Des donn\u00e9es de march\u00e9 en diff\u00e9r\u00e9 sont disponibles.THC NYSE/TOP/ALL, contract: Stock(conId=114929760, symbol='THC', exchange='SMART', primaryExchange='NYSE', currency='USD', localSymbol='THC', tradingClass='THC')
2026-04-09 00:27:19,376  ERROR  Error 10089, reqId 285: Les donn\u00e9es de march\u00e9 demand\u00e9es n\u00e9cessitent une souscription suppl\u00e9mentaire pour les connexions API. Pour plus de d\u00e9tails, veuillez consulter le lien de la bo\u00eetre de dialogue \u00ab\u00a0Connexions aux donn\u00e9es de march\u00e9\u00a0\u00bb.Des donn\u00e9es de march\u00e9 en diff\u00e9r\u00e9 sont disponibles.NE NYSE/TOP/ALL, contract: Stock(conId=587257548, symbol='NE', exchange='SMART', primaryExchange='NYSE', currency='USD', localSymbol='NE', tradingClass='NE')
2026-04-09 00:27:19,376  ERROR  Error 10089, reqId 286: Les donn\u00e9es de march\u00e9 demand\u00e9es n\u00e9cessitent une souscription suppl\u00e9mentaire pour les connexions API. Pour plus de d\u00e9tails, veuillez consulter le lien de la bo\u00eetre de dialogue \u00ab\u00a0Connexions aux donn\u00e9es de march\u00e9\u00a0\u00bb.Des donn\u00e9es de march\u00e9 en diff\u00e9r\u00e9 sont disponibles.NBR NYSE/TOP/ALL, contract: Stock(conId=417915989, symbol='NBR', exchange='SMART', primaryExchange='NYSE', currency='USD', localSymbol='NBR', tradingClass='NBR')
2026-04-09 00:27:19,376  ERROR  Error 10089, reqId 287: Les donn\u00e9es de march\u00e9 demand\u00e9es n\u00e9cessitent une souscription suppl\u00e9mentaire pour les connexions API. Pour plus de d\u00e9tails, veuillez consulter le lien de la bo\u00eetre de dialogue \u00ab\u00a0Connexions aux donn\u00e9es de march\u00e9\u00a0\u00bb.Des donn\u00e9es de march\u00e9 en diff\u00e9r\u00e9 sont disponibles.BEAM NASDAQ.NMS/TOP/ALL, contract: Stock(conId=402800754, symbol='BEAM', exchange='SMART', primaryExchange='NASDAQ', currency='USD', localSymbol='BEAM', tradingClass='NMS')
2026-04-09 00:27:19,376  ERROR  Error 10089, reqId 288: Les donn\u00e9es de march\u00e9 demand\u00e9es n\u00e9cessitent une souscription suppl\u00e9mentaire pour les connexions API. Pour plus de d\u00e9tails, veuillez consulter le lien de la bo\u00eetre de dialogue \u00ab\u00a0Connexions aux donn\u00e9es de march\u00e9\u00a0\u00bb.Des donn\u00e9es de march\u00e9 en diff\u00e9r\u00e9 sont disponibles.ANF NYSE/TOP/ALL, contract: Stock(conId=2585399, symbol='ANF', exchange='SMART', primaryExchange='NYSE', currency='USD', localSymbol='ANF', tradingClass='ANF')
2026-04-09 00:27:19,381  ERROR  Error 10089, reqId 289: Les donn\u00e9es de march\u00e9 demand\u00e9es n\u00e9cessitent une souscription suppl\u00e9mentaire pour les connexions API. Pour plus de d\u00e9tails, veuillez consulter le lien de la bo\u00eetre de dialogue \u00ab\u00a0Connexions aux donn\u00e9es de march\u00e9\u00a0\u00bb.Des donn\u00e9es de march\u00e9 en diff\u00e9r\u00e9 sont disponibles.S NYSE/TOP/ALL, contract: Stock(conId=499640681, symbol='S', exchange='SMART', primaryExchange='NYSE', currency='USD', localSymbol='S', tradingClass='S')
2026-04-09 00:27:19,381  ERROR  Error 10089, reqId 290: Les donn\u00e9es de march\u00e9 demand\u00e9es n\u00e9cessitent une souscription suppl\u00e9mentaire pour les connexions API. Pour plus de d\u00e9tails, veuillez consulter le lien de la bo\u00eetre de dialogue \u00ab\u00a0Connexions aux donn\u00e9es de march\u00e9\u00a0\u00bb.Des donn\u00e9es de march\u00e9 en diff\u00e9r\u00e9 sont disponibles.DV NYSE/TOP/ALL, contract: Stock(conId=483311209, symbol='DV', exchange='SMART', primaryExchange='NYSE', currency='USD', localSymbol='DV', tradingClass='DV')
2026-04-09 00:27:19,383  ERROR  Error 10089, reqId 291: Les donn\u00e9es de march\u00e9 demand\u00e9es n\u00e9cessitent une souscription suppl\u00e9mentaire pour les connexions API. Pour plus de d\u00e9tails, veuillez consulter le lien de la bo\u00eetre de dialogue \u00ab\u00a0Connexions aux donn\u00e9es de march\u00e9\u00a0\u00bb.Des donn\u00e9es de march\u00e9 en diff\u00e9r\u00e9 sont disponibles.SLE NASDAQ.SCM/TOP/ALL, contract: Stock(conId=848231171, symbol='SLE', exchange='SMART', primaryExchange='NASDAQ', currency='USD', localSymbol='SLE', tradingClass='SCM')
2026-04-09 00:27:19,383  ERROR  Error 10089, reqId 292: Les donn\u00e9es de march\u00e9 demand\u00e9es n\u00e9cessitent une souscription suppl\u00e9mentaire pour les connexions API. Pour plus de d\u00e9tails, veuillez consulter le lien de la bo\u00eetre de dialogue \u00ab\u00a0Connexions aux donn\u00e9es de march\u00e9\u00a0\u00bb.Des donn\u00e9es de march\u00e9 en diff\u00e9r\u00e9 sont disponibles.MMI NYSE/TOP/ALL, contract: Stock(conId=137498854, symbol='MMI', exchange='SMART', primaryExchange='NYSE', currency='USD', localSymbol='MMI', tradingClass='MMI')
2026-04-09 00:27:19,384  ERROR  Error 10089, reqId 293: Les donn\u00e9es de march\u00e9 demand\u00e9es n\u00e9cessitent une souscription suppl\u00e9mentaire pour les connexions API. Pour plus de d\u00e9tails, veuillez consulter le lien de la bo\u00eetre de dialogue \u00ab\u00a0Connexions aux donn\u00e9es de march\u00e9\u00a0\u00bb.Des donn\u00e9es de march\u00e9 en diff\u00e9r\u00e9 sont disponibles.MI AMEX/TOP/ALL, contract: Stock(conId=694721776, symbol='MI', exchange='SMART', primaryExchange='AMEX', currency='USD', localSymbol='MI', tradingClass='MI')
2026-04-09 00:27:19,386  ERROR  Error 10089, reqId 294: Les donn\u00e9es de march\u00e9 demand\u00e9es n\u00e9cessitent une souscription suppl\u00e9mentaire pour les connexions API. Pour plus de d\u00e9tails, veuillez consulter le lien de la bo\u00eetre de dialogue \u00ab\u00a0Connexions aux donn\u00e9es de march\u00e9\u00a0\u00bb.Des donn\u00e9es de march\u00e9 en diff\u00e9r\u00e9 sont disponibles.DYN NASDAQ.NMS/TOP/ALL, contract: Stock(conId=445554142, symbol='DYN', exchange='SMART', primaryExchange='NASDAQ', currency='USD', localSymbol='DYN', tradingClass='NMS')
2026-04-09 00:27:19,386  ERROR  Error 10089, reqId 295: Les donn\u00e9es de march\u00e9 demand\u00e9es n\u00e9cessitent une souscription suppl\u00e9mentaire pour les connexions API. Pour plus de d\u00e9tails, veuillez consulter le lien de la bo\u00eetre de dialogue \u00ab\u00a0Connexions aux donn\u00e9es de march\u00e9\u00a0\u00bb.Des donn\u00e9es de march\u00e9 en diff\u00e9r\u00e9 sont disponibles.KBH NYSE/TOP/ALL, contract: Stock(conId=8772, symbol='KBH', exchange='SMART', primaryExchange='NYSE', currency='USD', localSymbol='KBH', tradingClass='KBH')
2026-04-09 00:27:19,387  ERROR  Error 10089, reqId 296: Les donn\u00e9es de march\u00e9 demand\u00e9es n\u00e9cessitent une souscription suppl\u00e9mentaire pour les connexions API. Pour plus de d\u00e9tails, veuillez consulter le lien de la bo\u00eetre de dialogue \u00ab\u00a0Connexions aux donn\u00e9es de march\u00e9\u00a0\u00bb.Des donn\u00e9es de march\u00e9 en diff\u00e9r\u00e9 sont disponibles.MBI NYSE/TOP/ALL, contract: Stock(conId=9388, symbol='MBI', exchange='SMART', primaryExchange='NYSE', currency='USD', localSymbol='MBI', tradingClass='MBI')
2026-04-09 00:27:19,387  ERROR  Error 10089, reqId 297: Les donn\u00e9es de march\u00e9 demand\u00e9es n\u00e9cessitent une souscription suppl\u00e9mentaire pour les connexions API. Pour plus de d\u00e9tails, veuillez consulter le lien de la bo\u00eetre de dialogue \u00ab\u00a0Connexions aux donn\u00e9es de march\u00e9\u00a0\u00bb.Des donn\u00e9es de march\u00e9 en diff\u00e9r\u00e9 sont disponibles.WB NASDAQ.NMS/TOP/ALL, contract: Stock(conId=148782724, symbol='WB', exchange='SMART', primaryExchange='NASDAQ', currency='USD', localSymbol='WB', tradingClass='NMS')
2026-04-09 00:27:20,009  ERROR  Error 10089, reqId 298: Les donn\u00e9es de march\u00e9 demand\u00e9es n\u00e9cessitent une souscription suppl\u00e9mentaire pour les connexions API. Pour plus de d\u00e9tails, veuillez consulter le lien de la bo\u00eetre de dialogue \u00ab\u00a0Connexions aux donn\u00e9es de march\u00e9\u00a0\u00bb.Des donn\u00e9es de march\u00e9 en diff\u00e9r\u00e9 sont disponibles.BC NYSE/TOP/ALL, contract: Stock(conId=4820, symbol='BC', exchange='SMART', primaryExchange='NYSE', currency='USD', localSymbol='BC', tradingClass='BC')
2026-04-09 00:27:20,009  ERROR  Error 10089, reqId 299: Les donn\u00e9es de march\u00e9 demand\u00e9es n\u00e9cessitent une souscription suppl\u00e9mentaire pour les connexions API. Pour plus de d\u00e9tails, veuillez consulter le lien de la bo\u00eetre de dialogue \u00ab\u00a0Connexions aux donn\u00e9es de march\u00e9\u00a0\u00bb.Des donn\u00e9es de march\u00e9 en diff\u00e9r\u00e9 sont disponibles.ADCT NYSE/TOP/ALL, contract: Stock(conId=421686551, symbol='ADCT', exchange='SMART', primaryExchange='NYSE', currency='USD', localSymbol='ADCT', tradingClass='ADCT')
2026-04-09 00:27:20,263  ERROR  Error 10089, reqId 300: Les donn\u00e9es de march\u00e9 demand\u00e9es n\u00e9cessitent une souscription suppl\u00e9mentaire pour les connexions API. Pour plus de d\u00e9tails, veuillez consulter le lien de la bo\u00eetre de dialogue \u00ab\u00a0Connexions aux donn\u00e9es de march\u00e9\u00a0\u00bb.Des donn\u00e9es de march\u00e9 en diff\u00e9r\u00e9 sont disponibles.GRN ARCA/TOP/ALL, contract: Stock(conId=382539926, symbol='GRN', exchange='SMART', primaryExchange='ARCA', currency='USD', localSymbol='GRN', tradingClass='GRN')
2026-04-09 00:27:20,263  ERROR  Error 10089, reqId 301: Les donn\u00e9es de march\u00e9 demand\u00e9es n\u00e9cessitent une souscription suppl\u00e9mentaire pour les connexions API. Pour plus de d\u00e9tails, veuillez consulter le lien de la bo\u00eetre de dialogue \u00ab\u00a0Connexions aux donn\u00e9es de march\u00e9\u00a0\u00bb.Des donn\u00e9es de march\u00e9 en diff\u00e9r\u00e9 sont disponibles.USL ARCA/TOP/ALL, contract: Stock(conId=47566220, symbol='USL', exchange='SMART', primaryExchange='ARCA', currency='USD', localSymbol='USL', tradingClass='USL')
2026-04-11 19:18:50,764  INFO  Strategy modules loaded OK
2026-04-11 19:18:50,780  INFO  ============================================================
2026-04-11 19:18:50,780  INFO   IBKR Paper Trading Executor
2026-04-11 19:18:50,780  INFO   Mode: DRY RUN
2026-04-11 19:18:50,780  INFO   Capital: $100,000
2026-04-11 19:18:50,780  INFO  ============================================================
2026-04-11 19:18:50,780  INFO  Loading prices from data/prices_pit.csv...
2026-04-11 19:18:51,245  INFO  Prices loaded: 624 tickers × 400 days
2026-04-11 19:18:51,313  INFO  Computing factors...
2026-04-11 19:18:53,171  INFO  Generating signals...
2026-04-11 19:19:14,773  INFO  Using signal from 2023-12-22
2026-04-11 19:19:14,847  INFO  Target: 75 long, 75 short
2026-04-11 19:19:17,217  ERROR  API connection failed: ConnectionRefusedError(22, 'Le système distant a refusé la connexion réseau', None, 1225, None)
2026-04-11 19:19:17,217  ERROR  Make sure API port on TWS/IBG is open
2026-04-11 19:19:17,257  ERROR  Connection failed: [WinError 1225] Le système distant a refusé la connexion réseau
2026-04-11 19:19:17,257  ERROR  Make sure TWS is open and API is enabled (port 7497 for paper)
2026-04-11 19:24:41,892  INFO  Strategy modules loaded OK
2026-04-11 19:24:41,902  INFO  ============================================================
2026-04-11 19:24:41,902  INFO   IBKR Paper Trading Executor
2026-04-11 19:24:41,902  INFO   Mode: DRY RUN
2026-04-11 19:24:41,902  INFO   Capital: $100,000
2026-04-11 19:24:41,903  INFO  ============================================================
2026-04-11 19:24:41,903  INFO  Loading prices from data/prices_pit.csv...
2026-04-11 19:24:42,407  INFO  Prices loaded: 624 tickers × 400 days
2026-04-11 19:24:42,509  INFO  Computing factors...
2026-04-11 19:24:45,153  INFO  Generating signals...
2026-04-11 19:25:08,115  INFO  Using signal from 2023-12-22
2026-04-11 19:25:08,176  INFO  Target: 75 long, 75 short
2026-04-11 19:25:11,518  ERROR  Error 10089, reqId 53: Les donn\u00e9es de march\u00e9 demand\u00e9es n\u00e9cessitent une souscription suppl\u00e9mentaire pour les connexions API. Pour plus de d\u00e9tails, veuillez consulter le lien de la bo\u00eetre de dialogue \u00ab\u00a0Connexions aux donn\u00e9es de march\u00e9\u00a0\u00bb.Des donn\u00e9es de march\u00e9 en diff\u00e9r\u00e9 sont disponibles.ARE NYSE/TOP/ALL, contract: Stock(conId=6607487, symbol='ARE', exchange='SMART', primaryExchange='NYSE', currency='USD', localSymbol='ARE', tradingClass='ARE')
2026-04-11 19:25:11,762  ERROR  Error 10089, reqId 54: Les donn\u00e9es de march\u00e9 demand\u00e9es n\u00e9cessitent une souscription suppl\u00e9mentaire pour les connexions API. Pour plus de d\u00e9tails, veuillez consulter le lien de la bo\u00eetre de dialogue \u00ab\u00a0Connexions aux donn\u00e9es de march\u00e9\u00a0\u00bb.Des donn\u00e9es de march\u00e9 en diff\u00e9r\u00e9 sont disponibles.AEE NYSE/TOP/ALL, contract: Stock(conId=13181, symbol='AEE', exchange='SMART', primaryExchange='NYSE', currency='USD', localSymbol='AEE', tradingClass='AEE')
2026-04-11 19:25:11,762  ERROR  Error 10089, reqId 55: Les donn\u00e9es de march\u00e9 demand\u00e9es n\u00e9cessitent une souscription suppl\u00e9mentaire pour les connexions API. Pour plus de d\u00e9tails, veuillez consulter le lien de la bo\u00eetre de dialogue \u00ab\u00a0Connexions aux donn\u00e9es de march\u00e9\u00a0\u00bb.Des donn\u00e9es de march\u00e9 en diff\u00e9r\u00e9 sont disponibles.AON NYSE/TOP/ALL, contract: Stock(conId=414366114, symbol='AON', exchange='SMART', primaryExchange='NYSE', currency='USD', localSymbol='AON', tradingClass='AON')
2026-04-11 19:25:11,764  ERROR  Error 10089, reqId 56: Les donn\u00e9es de march\u00e9 demand\u00e9es n\u00e9cessitent une souscription suppl\u00e9mentaire pour les connexions API. Pour plus de d\u00e9tails, veuillez consulter le lien de la bo\u00eetre de dialogue \u00ab\u00a0Connexions aux donn\u00e9es de march\u00e9\u00a0\u00bb.Des donn\u00e9es de march\u00e9 en diff\u00e9r\u00e9 sont disponibles.APA NASDAQ.NMS/TOP/ALL, contract: Stock(conId=474515500, symbol='APA', exchange='SMART', primaryExchange='NASDAQ', currency='USD', localSymbol='APA', tradingClass='NMS')
2026-04-11 19:25:11,875  ERROR  Error 10089, reqId 57: Les donn\u00e9es de march\u00e9 demand\u00e9es n\u00e9cessitent une souscription suppl\u00e9mentaire pour les connexions API. Pour plus de d\u00e9tails, veuillez consulter le lien de la bo\u00eetre de dialogue \u00ab\u00a0Connexions aux donn\u00e9es de march\u00e9\u00a0\u00bb.Des donn\u00e9es de march\u00e9 en diff\u00e9r\u00e9 sont disponibles.ACGL NASDAQ.NMS/TOP/ALL, contract: Stock(conId=10763362, symbol='ACGL', exchange='SMART', primaryExchange='NASDAQ', currency='USD', localSymbol='ACGL', tradingClass='NMS')
2026-04-11 19:25:11,887  ERROR  Error 10089, reqId 58: Les donn\u00e9es de march\u00e9 demand\u00e9es n\u00e9cessitent une souscription suppl\u00e9mentaire pour les connexions API. Pour plus de d\u00e9tails, veuillez consulter le lien de la bo\u00eetre de dialogue \u00ab\u00a0Connexions aux donn\u00e9es de march\u00e9\u00a0\u00bb.Des donn\u00e9es de march\u00e9 en diff\u00e9r\u00e9 sont disponibles.ADM NYSE/TOP/ALL, contract: Stock(conId=4165, symbol='ADM', exchange='SMART', primaryExchange='NYSE', currency='USD', localSymbol='ADM', tradingClass='ADM')
2026-04-11 19:25:11,887  ERROR  Error 10089, reqId 59: Les donn\u00e9es de march\u00e9 demand\u00e9es n\u00e9cessitent une souscription suppl\u00e9mentaire pour les connexions API. Pour plus de d\u00e9tails, veuillez consulter le lien de la bo\u00eetre de dialogue \u00ab\u00a0Connexions aux donn\u00e9es de march\u00e9\u00a0\u00bb.Des donn\u00e9es de march\u00e9 en diff\u00e9r\u00e9 sont disponibles.AJG NYSE/TOP/ALL, contract: Stock(conId=4325, symbol='AJG', exchange='SMART', primaryExchange='NYSE', currency='USD', localSymbol='AJG', tradingClass='AJG')
2026-04-11 19:25:12,003  ERROR  Error 10089, reqId 60: Les donn\u00e9es de march\u00e9 demand\u00e9es n\u00e9cessitent une souscription suppl\u00e9mentaire pour les connexions API. Pour plus de d\u00e9tails, veuillez consulter le lien de la bo\u00eetre de dialogue \u00ab\u00a0Connexions aux donn\u00e9es de march\u00e9\u00a0\u00bb.Des donn\u00e9es de march\u00e9 en diff\u00e9r\u00e9 sont disponibles.T NYSE/TOP/ALL, contract: Stock(conId=37018770, symbol='T', exchange='SMART', primaryExchange='NYSE', currency='USD', localSymbol='T', tradingClass='T')
2026-04-11 19:25:12,162  ERROR  Error 10089, reqId 61: Les donn\u00e9es de march\u00e9 demand\u00e9es n\u00e9cessitent une souscription suppl\u00e9mentaire pour les connexions API. Pour plus de d\u00e9tails, veuillez consulter le lien de la bo\u00eetre de dialogue \u00ab\u00a0Connexions aux donn\u00e9es de march\u00e9\u00a0\u00bb.Des donn\u00e9es de march\u00e9 en diff\u00e9r\u00e9 sont disponibles.AXON NASDAQ.NMS/TOP/ALL, contract: Stock(conId=272104927, symbol='AXON', exchange='SMART', primaryExchange='NASDAQ', currency='USD', localSymbol='AXON', tradingClass='NMS')
2026-04-11 19:25:12,166  ERROR  Error 10089, reqId 62: Les donn\u00e9es de march\u00e9 demand\u00e9es n\u00e9cessitent une souscription suppl\u00e9mentaire pour les connexions API. Pour plus de d\u00e9tails, veuillez consulter le lien de la bo\u00eetre de dialogue \u00ab\u00a0Connexions aux donn\u00e9es de march\u00e9\u00a0\u00bb.Des donn\u00e9es de march\u00e9 en diff\u00e9r\u00e9 sont disponibles.BX NYSE/TOP/ALL, contract: Stock(conId=372834689, symbol='BX', exchange='SMART', primaryExchange='NYSE', currency='USD', localSymbol='BX', tradingClass='BX')
2026-04-11 19:25:12,339  ERROR  Error 10089, reqId 63: Les donn\u00e9es de march\u00e9 demand\u00e9es n\u00e9cessitent une souscription suppl\u00e9mentaire pour les connexions API. Pour plus de d\u00e9tails, veuillez consulter le lien de la bo\u00eetre de dialogue \u00ab\u00a0Connexions aux donn\u00e9es de march\u00e9\u00a0\u00bb.Des donn\u00e9es de march\u00e9 en diff\u00e9r\u00e9 sont disponibles.XYZ NYSE/TOP/ALL, contract: Stock(conId=212671971, symbol='XYZ', exchange='SMART', primaryExchange='NYSE', currency='USD', localSymbol='XYZ', tradingClass='XYZ')
2026-04-11 19:25:12,339  ERROR  Error 10089, reqId 64: Les donn\u00e9es de march\u00e9 demand\u00e9es n\u00e9cessitent une souscription suppl\u00e9mentaire pour les connexions API. Pour plus de d\u00e9tails, veuillez consulter le lien de la bo\u00eetre de dialogue \u00ab\u00a0Connexions aux donn\u00e9es de march\u00e9\u00a0\u00bb.Des donn\u00e9es de march\u00e9 en diff\u00e9r\u00e9 sont disponibles.BRO NYSE/TOP/ALL, contract: Stock(conId=6607613, symbol='BRO', exchange='SMART', primaryExchange='NYSE', currency='USD', localSymbol='BRO', tradingClass='BRO')
2026-04-11 19:25:12,634  ERROR  Error 10089, reqId 65: Les donn\u00e9es de march\u00e9 demand\u00e9es n\u00e9cessitent une souscription suppl\u00e9mentaire pour les connexions API. Pour plus de d\u00e9tails, veuillez consulter le lien de la bo\u00eetre de dialogue \u00ab\u00a0Connexions aux donn\u00e9es de march\u00e9\u00a0\u00bb.Des donn\u00e9es de march\u00e9 en diff\u00e9r\u00e9 sont disponibles.BF B NYSE/TOP/ALL, contract: Stock(conId=4931, symbol='BF B', exchange='SMART', primaryExchange='NYSE', currency='USD', localSymbol='BF B', tradingClass='BF B')
2026-04-11 19:25:12,648  ERROR  Error 10089, reqId 66: Les donn\u00e9es de march\u00e9 demand\u00e9es n\u00e9cessitent une souscription suppl\u00e9mentaire pour les connexions API. Pour plus de d\u00e9tails, veuillez consulter le lien de la bo\u00eetre de dialogue \u00ab\u00a0Connexions aux donn\u00e9es de march\u00e9\u00a0\u00bb.Des donn\u00e9es de march\u00e9 en diff\u00e9r\u00e9 sont disponibles.BLDR NYSE/TOP/ALL, contract: Stock(conId=34851874, symbol='BLDR', exchange='SMART', primaryExchange='NYSE', currency='USD', localSymbol='BLDR', tradingClass='BLDR')
2026-04-11 19:25:12,648  ERROR  Error 10089, reqId 67: Les donn\u00e9es de march\u00e9 demand\u00e9es n\u00e9cessitent une souscription suppl\u00e9mentaire pour les connexions API. Pour plus de d\u00e9tails, veuillez consulter le lien de la bo\u00eetre de dialogue \u00ab\u00a0Connexions aux donn\u00e9es de march\u00e9\u00a0\u00bb.Des donn\u00e9es de march\u00e9 en diff\u00e9r\u00e9 sont disponibles.BG NYSE/TOP/ALL, contract: Stock(conId=663174498, symbol='BG', exchange='SMART', primaryExchange='NYSE', currency='USD', localSymbol='BG', tradingClass='BG')
2026-04-11 19:25:12,652  ERROR  Error 10089, reqId 68: Les donn\u00e9es de march\u00e9 demand\u00e9es n\u00e9cessitent une souscription suppl\u00e9mentaire pour les connexions API. Pour plus de d\u00e9tails, veuillez consulter le lien de la bo\u00eetre de dialogue \u00ab\u00a0Connexions aux donn\u00e9es de march\u00e9\u00a0\u00bb.Des donn\u00e9es de march\u00e9 en diff\u00e9r\u00e9 sont disponibles.BXP NYSE/TOP/ALL, contract: Stock(conId=5021340, symbol='BXP', exchange='SMART', primaryExchange='NYSE', currency='USD', localSymbol='BXP', tradingClass='BXP')
2026-04-11 19:25:12,654  ERROR  Error 10089, reqId 69: Les donn\u00e9es de march\u00e9 demand\u00e9es n\u00e9cessitent une souscription suppl\u00e9mentaire pour les connexions API. Pour plus de d\u00e9tails, veuillez consulter le lien de la bo\u00eetre de dialogue \u00ab\u00a0Connexions aux donn\u00e9es de march\u00e9\u00a0\u00bb.Des donn\u00e9es de march\u00e9 en diff\u00e9r\u00e9 sont disponibles.CPB NASDAQ.NMS/TOP/ALL, contract: Stock(conId=5980, symbol='CPB', exchange='SMART', primaryExchange='NASDAQ', currency='USD', localSymbol='CPB', tradingClass='NMS')
2026-04-11 19:25:12,654  ERROR  Error 10089, reqId 70: Les donn\u00e9es de march\u00e9 demand\u00e9es n\u00e9cessitent une souscription suppl\u00e9mentaire pour les connexions API. Pour plus de d\u00e9tails, veuillez consulter le lien de la bo\u00eetre de dialogue \u00ab\u00a0Connexions aux donn\u00e9es de march\u00e9\u00a0\u00bb.Des donn\u00e9es de march\u00e9 en diff\u00e9r\u00e9 sont disponibles.CCL NYSE/TOP/ALL, contract: Stock(conId=5516, symbol='CCL', exchange='SMART', primaryExchange='NYSE', currency='USD', localSymbol='CCL', tradingClass='CCL')
2026-04-11 19:25:12,658  ERROR  Error 10089, reqId 71: Les donn\u00e9es de march\u00e9 demand\u00e9es n\u00e9cessitent une souscription suppl\u00e9mentaire pour les connexions API. Pour plus de d\u00e9tails, veuillez consulter le lien de la bo\u00eetre de dialogue \u00ab\u00a0Connexions aux donn\u00e9es de march\u00e9\u00a0\u00bb.Des donn\u00e9es de march\u00e9 en diff\u00e9r\u00e9 sont disponibles.CVNA NYSE/TOP/ALL, contract: Stock(conId=274144952, symbol='CVNA', exchange='SMART', primaryExchange='NYSE', currency='USD', localSymbol='CVNA', tradingClass='CVNA')
2026-04-11 19:25:12,660  ERROR  Error 10089, reqId 72: Les donn\u00e9es de march\u00e9 demand\u00e9es n\u00e9cessitent une souscription suppl\u00e9mentaire pour les connexions API. Pour plus de d\u00e9tails, veuillez consulter le lien de la bo\u00eetre de dialogue \u00ab\u00a0Connexions aux donn\u00e9es de march\u00e9\u00a0\u00bb.Des donn\u00e9es de march\u00e9 en diff\u00e9r\u00e9 sont disponibles.CBOE BATS/TOP/ALL, contract: Stock(conId=76227954, symbol='CBOE', exchange='SMART', primaryExchange='BATS', currency='USD', localSymbol='CBOE', tradingClass='CBOE')
2026-04-11 19:25:12,664  ERROR  Error 10089, reqId 73: Les donn\u00e9es de march\u00e9 demand\u00e9es n\u00e9cessitent une souscription suppl\u00e9mentaire pour les connexions API. Pour plus de d\u00e9tails, veuillez consulter le lien de la bo\u00eetre de dialogue \u00ab\u00a0Connexions aux donn\u00e9es de march\u00e9\u00a0\u00bb.Des donn\u00e9es de march\u00e9 en diff\u00e9r\u00e9 sont disponibles.CNC NYSE/TOP/ALL, contract: Stock(conId=13878278, symbol='CNC', exchange='SMART', primaryExchange='NYSE', currency='USD', localSymbol='CNC', tradingClass='CNC')
2026-04-11 19:25:12,664  ERROR  Error 10089, reqId 74: Les donn\u00e9es de march\u00e9 demand\u00e9es n\u00e9cessitent une souscription suppl\u00e9mentaire pour les connexions API. Pour plus de d\u00e9tails, veuillez consulter le lien de la bo\u00eetre de dialogue \u00ab\u00a0Connexions aux donn\u00e9es de march\u00e9\u00a0\u00bb.Des donn\u00e9es de march\u00e9 en diff\u00e9r\u00e9 sont disponibles.CF NYSE/TOP/ALL, contract: Stock(conId=35447205, symbol='CF', exchange='SMART', primaryExchange='NYSE', currency='USD', localSymbol='CF', tradingClass='CF')
2026-04-11 19:25:12,664  ERROR  Error 10089, reqId 75: Les donn\u00e9es de march\u00e9 demand\u00e9es n\u00e9cessitent une souscription suppl\u00e9mentaire pour les connexions API. Pour plus de d\u00e9tails, veuillez consulter le lien de la bo\u00eetre de dialogue \u00ab\u00a0Connexions aux donn\u00e9es de march\u00e9\u00a0\u00bb.Des donn\u00e9es de march\u00e9 en diff\u00e9r\u00e9 sont disponibles.CRL NYSE/TOP/ALL, contract: Stock(conId=2730877, symbol='CRL', exchange='SMART', primaryExchange='NYSE', currency='USD', localSymbol='CRL', tradingClass='CRL')
2026-04-11 19:25:12,667  ERROR  Error 10089, reqId 76: Les donn\u00e9es de march\u00e9 demand\u00e9es n\u00e9cessitent une souscription suppl\u00e9mentaire pour les connexions API. Pour plus de d\u00e9tails, veuillez consulter le lien de la bo\u00eetre de dialogue \u00ab\u00a0Connexions aux donn\u00e9es de march\u00e9\u00a0\u00bb.Des donn\u00e9es de march\u00e9 en diff\u00e9r\u00e9 sont disponibles.CHD NYSE/TOP/ALL, contract: Stock(conId=5651, symbol='CHD', exchange='SMART', primaryExchange='NYSE', currency='USD', localSymbol='CHD', tradingClass='CHD')
2026-04-11 19:25:12,667  ERROR  Error 10089, reqId 77: Les donn\u00e9es de march\u00e9 demand\u00e9es n\u00e9cessitent une souscription suppl\u00e9mentaire pour les connexions API. Pour plus de d\u00e9tails, veuillez consulter le lien de la bo\u00eetre de dialogue \u00ab\u00a0Connexions aux donn\u00e9es de march\u00e9\u00a0\u00bb.Des donn\u00e9es de march\u00e9 en diff\u00e9r\u00e9 sont disponibles.CI NYSE/TOP/ALL, contract: Stock(conId=346403540, symbol='CI', exchange='SMART', primaryExchange='NYSE', currency='USD', localSymbol='CI', tradingClass='CI')
2026-04-11 19:25:12,672  ERROR  Error 10089, reqId 78: Les donn\u00e9es de march\u00e9 demand\u00e9es n\u00e9cessitent une souscription suppl\u00e9mentaire pour les connexions API. Pour plus de d\u00e9tails, veuillez consulter le lien de la bo\u00eetre de dialogue \u00ab\u00a0Connexions aux donn\u00e9es de march\u00e9\u00a0\u00bb.Des donn\u00e9es de march\u00e9 en diff\u00e9r\u00e9 sont disponibles.CFG NYSE/TOP/ALL, contract: Stock(conId=167955370, symbol='CFG', exchange='SMART', primaryExchange='NYSE', currency='USD', localSymbol='CFG', tradingClass='CFG')
2026-04-11 19:25:12,676  ERROR  Error 10089, reqId 79: Les donn\u00e9es de march\u00e9 demand\u00e9es n\u00e9cessitent une souscription suppl\u00e9mentaire pour les connexions API. Pour plus de d\u00e9tails, veuillez consulter le lien de la bo\u00eetre de dialogue \u00ab\u00a0Connexions aux donn\u00e9es de march\u00e9\u00a0\u00bb.Des donn\u00e9es de march\u00e9 en diff\u00e9r\u00e9 sont disponibles.CME NASDAQ.NMS/TOP/ALL, contract: Stock(conId=45127739, symbol='CME', exchange='SMART', primaryExchange='NASDAQ', currency='USD', localSymbol='CME', tradingClass='NMS')
2026-04-11 19:25:12,680  ERROR  Error 10089, reqId 80: Les donn\u00e9es de march\u00e9 demand\u00e9es n\u00e9cessitent une souscription suppl\u00e9mentaire pour les connexions API. Pour plus de d\u00e9tails, veuillez consulter le lien de la bo\u00eetre de dialogue \u00ab\u00a0Connexions aux donn\u00e9es de march\u00e9\u00a0\u00bb.Des donn\u00e9es de march\u00e9 en diff\u00e9r\u00e9 sont disponibles.COHR NYSE/TOP/ALL, contract: Stock(conId=584127832, symbol='COHR', exchange='SMART', primaryExchange='NYSE', currency='USD', localSymbol='COHR', tradingClass='COHR')
2026-04-11 19:25:12,683  ERROR  Error 10089, reqId 81: Les donn\u00e9es de march\u00e9 demand\u00e9es n\u00e9cessitent une souscription suppl\u00e9mentaire pour les connexions API. Pour plus de d\u00e9tails, veuillez consulter le lien de la bo\u00eetre de dialogue \u00ab\u00a0Connexions aux donn\u00e9es de march\u00e9\u00a0\u00bb.Des donn\u00e9es de march\u00e9 en diff\u00e9r\u00e9 sont disponibles.COIN NASDAQ.NMS/TOP/ALL, contract: Stock(conId=481691285, symbol='COIN', exchange='SMART', primaryExchange='NASDAQ', currency='USD', localSymbol='COIN', tradingClass='NMS')
2026-04-11 19:25:12,683  ERROR  Error 10089, reqId 82: Les donn\u00e9es de march\u00e9 demand\u00e9es n\u00e9cessitent une souscription suppl\u00e9mentaire pour les connexions API. Pour plus de d\u00e9tails, veuillez consulter le lien de la bo\u00eetre de dialogue \u00ab\u00a0Connexions aux donn\u00e9es de march\u00e9\u00a0\u00bb.Des donn\u00e9es de march\u00e9 en diff\u00e9r\u00e9 sont disponibles.CL NYSE/TOP/ALL, contract: Stock(conId=5749, symbol='CL', exchange='SMART', primaryExchange='NYSE', currency='USD', localSymbol='CL', tradingClass='CL')
2026-04-11 19:25:12,686  ERROR  Error 10089, reqId 83: Les donn\u00e9es de march\u00e9 demand\u00e9es n\u00e9cessitent une souscription suppl\u00e9mentaire pour les connexions API. Pour plus de d\u00e9tails, veuillez consulter le lien de la bo\u00eetre de dialogue \u00ab\u00a0Connexions aux donn\u00e9es de march\u00e9\u00a0\u00bb.Des donn\u00e9es de march\u00e9 en diff\u00e9r\u00e9 sont disponibles.CRWD NASDAQ.NMS/TOP/ALL, contract: Stock(conId=370757467, symbol='CRWD', exchange='SMART', primaryExchange='NASDAQ', currency='USD', localSymbol='CRWD', tradingClass='NMS')
2026-04-11 19:25:12,688  ERROR  Error 10089, reqId 84: Les donn\u00e9es de march\u00e9 demand\u00e9es n\u00e9cessitent une souscription suppl\u00e9mentaire pour les connexions API. Pour plus de d\u00e9tails, veuillez consulter le lien de la bo\u00eetre de dialogue \u00ab\u00a0Connexions aux donn\u00e9es de march\u00e9\u00a0\u00bb.Des donn\u00e9es de march\u00e9 en diff\u00e9r\u00e9 sont disponibles.DDOG NASDAQ.NMS/TOP/ALL, contract: Stock(conId=383858515, symbol='DDOG', exchange='SMART', primaryExchange='NASDAQ', currency='USD', localSymbol='DDOG', tradingClass='NMS')
2026-04-11 19:25:12,768  ERROR  Error 10089, reqId 85: Les donn\u00e9es de march\u00e9 demand\u00e9es n\u00e9cessitent une souscription suppl\u00e9mentaire pour les connexions API. Pour plus de d\u00e9tails, veuillez consulter le lien de la bo\u00eetre de dialogue \u00ab\u00a0Connexions aux donn\u00e9es de march\u00e9\u00a0\u00bb.Des donn\u00e9es de march\u00e9 en diff\u00e9r\u00e9 sont disponibles.DASH NASDAQ.NMS/TOP/ALL, contract: Stock(conId=459309417, symbol='DASH', exchange='SMART', primaryExchange='NASDAQ', currency='USD', localSymbol='DASH', tradingClass='NMS')
2026-04-11 19:25:12,769  ERROR  Error 10089, reqId 86: Les donn\u00e9es de march\u00e9 demand\u00e9es n\u00e9cessitent une souscription suppl\u00e9mentaire pour les connexions API. Pour plus de d\u00e9tails, veuillez consulter le lien de la bo\u00eetre de dialogue \u00ab\u00a0Connexions aux donn\u00e9es de march\u00e9\u00a0\u00bb.Des donn\u00e9es de march\u00e9 en diff\u00e9r\u00e9 sont disponibles.DHI NYSE/TOP/ALL, contract: Stock(conId=268627, symbol='DHI', exchange='SMART', primaryExchange='NYSE', currency='USD', localSymbol='DHI', tradingClass='DHI')
2026-04-11 19:25:12,769  ERROR  Error 10089, reqId 87: Les donn\u00e9es de march\u00e9 demand\u00e9es n\u00e9cessitent une souscription suppl\u00e9mentaire pour les connexions API. Pour plus de d\u00e9tails, veuillez consulter le lien de la bo\u00eetre de dialogue \u00ab\u00a0Connexions aux donn\u00e9es de march\u00e9\u00a0\u00bb.Des donn\u00e9es de march\u00e9 en diff\u00e9r\u00e9 sont disponibles.EPAM NYSE/TOP/ALL, contract: Stock(conId=101898880, symbol='EPAM', exchange='SMART', primaryExchange='NYSE', currency='USD', localSymbol='EPAM', tradingClass='EPAM')
2026-04-11 19:25:12,769  ERROR  Error 10089, reqId 88: Les donn\u00e9es de march\u00e9 demand\u00e9es n\u00e9cessitent une souscription suppl\u00e9mentaire pour les connexions API. Pour plus de d\u00e9tails, veuillez consulter le lien de la bo\u00eetre de dialogue \u00ab\u00a0Connexions aux donn\u00e9es de march\u00e9\u00a0\u00bb.Des donn\u00e9es de march\u00e9 en diff\u00e9r\u00e9 sont disponibles.EFX NYSE/TOP/ALL, contract: Stock(conId=6735, symbol='EFX', exchange='SMART', primaryExchange='NYSE', currency='USD', localSymbol='EFX', tradingClass='EFX')
2026-04-11 19:25:12,769  ERROR  Error 10089, reqId 89: Les donn\u00e9es de march\u00e9 demand\u00e9es n\u00e9cessitent une souscription suppl\u00e9mentaire pour les connexions API. Pour plus de d\u00e9tails, veuillez consulter le lien de la bo\u00eetre de dialogue \u00ab\u00a0Connexions aux donn\u00e9es de march\u00e9\u00a0\u00bb.Des donn\u00e9es de march\u00e9 en diff\u00e9r\u00e9 sont disponibles.EG NYSE/TOP/ALL, contract: Stock(conId=6477725, symbol='EG', exchange='SMART', primaryExchange='NYSE', currency='USD', localSymbol='EG', tradingClass='EG')
2026-04-11 19:25:12,769  ERROR  Error 10089, reqId 90: Les donn\u00e9es de march\u00e9 demand\u00e9es n\u00e9cessitent une souscription suppl\u00e9mentaire pour les connexions API. Pour plus de d\u00e9tails, veuillez consulter le lien de la bo\u00eetre de dialogue \u00ab\u00a0Connexions aux donn\u00e9es de march\u00e9\u00a0\u00bb.Des donn\u00e9es de march\u00e9 en diff\u00e9r\u00e9 sont disponibles.EXC NASDAQ.NMS/TOP/ALL, contract: Stock(conId=11000, symbol='EXC', exchange='SMART', primaryExchange='NASDAQ', currency='USD', localSymbol='EXC', tradingClass='NMS')
2026-04-11 19:25:12,776  ERROR  Error 10089, reqId 91: Les donn\u00e9es de march\u00e9 demand\u00e9es n\u00e9cessitent une souscription suppl\u00e9mentaire pour les connexions API. Pour plus de d\u00e9tails, veuillez consulter le lien de la bo\u00eetre de dialogue \u00ab\u00a0Connexions aux donn\u00e9es de march\u00e9\u00a0\u00bb.Des donn\u00e9es de march\u00e9 en diff\u00e9r\u00e9 sont disponibles.EXPE NASDAQ.NMS/TOP/ALL, contract: Stock(conId=98542021, symbol='EXPE', exchange='SMART', primaryExchange='NASDAQ', currency='USD', localSymbol='EXPE', tradingClass='NMS')
2026-04-11 19:25:12,777  ERROR  Error 10089, reqId 92: Les donn\u00e9es de march\u00e9 demand\u00e9es n\u00e9cessitent une souscription suppl\u00e9mentaire pour les connexions API. Pour plus de d\u00e9tails, veuillez consulter le lien de la bo\u00eetre de dialogue \u00ab\u00a0Connexions aux donn\u00e9es de march\u00e9\u00a0\u00bb.Des donn\u00e9es de march\u00e9 en diff\u00e9r\u00e9 sont disponibles.EXR NYSE/TOP/ALL, contract: Stock(conId=30351205, symbol='EXR', exchange='SMART', primaryExchange='NYSE', currency='USD', localSymbol='EXR', tradingClass='EXR')
2026-04-11 19:25:12,781  ERROR  Error 10089, reqId 93: Les donn\u00e9es de march\u00e9 demand\u00e9es n\u00e9cessitent une souscription suppl\u00e9mentaire pour les connexions API. Pour plus de d\u00e9tails, veuillez consulter le lien de la bo\u00eetre de dialogue \u00ab\u00a0Connexions aux donn\u00e9es de march\u00e9\u00a0\u00bb.Des donn\u00e9es de march\u00e9 en diff\u00e9r\u00e9 sont disponibles.XOM NYSE/TOP/ALL, contract: Stock(conId=13977, symbol='XOM', exchange='SMART', primaryExchange='NYSE', currency='USD', localSymbol='XOM', tradingClass='XOM')
2026-04-11 19:25:12,790  ERROR  Error 10089, reqId 94: Les donn\u00e9es de march\u00e9 demand\u00e9es n\u00e9cessitent une souscription suppl\u00e9mentaire pour les connexions API. Pour plus de d\u00e9tails, veuillez consulter le lien de la bo\u00eetre de dialogue \u00ab\u00a0Connexions aux donn\u00e9es de march\u00e9\u00a0\u00bb.Des donn\u00e9es de march\u00e9 en diff\u00e9r\u00e9 sont disponibles.FITB NASDAQ.NMS/TOP/ALL, contract: Stock(conId=269318, symbol='FITB', exchange='SMART', primaryExchange='NASDAQ', currency='USD', localSymbol='FITB', tradingClass='NMS')
2026-04-11 19:25:12,793  ERROR  Error 10089, reqId 95: Les donn\u00e9es de march\u00e9 demand\u00e9es n\u00e9cessitent une souscription suppl\u00e9mentaire pour les connexions API. Pour plus de d\u00e9tails, veuillez consulter le lien de la bo\u00eetre de dialogue \u00ab\u00a0Connexions aux donn\u00e9es de march\u00e9\u00a0\u00bb.Des donn\u00e9es de march\u00e9 en diff\u00e9r\u00e9 sont disponibles.FTNT NASDAQ.NMS/TOP/ALL, contract: Stock(conId=70236214, symbol='FTNT', exchange='SMART', primaryExchange='NASDAQ', currency='USD', localSymbol='FTNT', tradingClass='NMS')
2026-04-11 19:25:12,796  ERROR  Error 10089, reqId 96: Les donn\u00e9es de march\u00e9 demand\u00e9es n\u00e9cessitent une souscription suppl\u00e9mentaire pour les connexions API. Pour plus de d\u00e9tails, veuillez consulter le lien de la bo\u00eetre de dialogue \u00ab\u00a0Connexions aux donn\u00e9es de march\u00e9\u00a0\u00bb.Des donn\u00e9es de march\u00e9 en diff\u00e9r\u00e9 sont disponibles.GNRC NYSE/TOP/ALL, contract: Stock(conId=72529783, symbol='GNRC', exchange='SMART', primaryExchange='NYSE', currency='USD', localSymbol='GNRC', tradingClass='GNRC')
2026-04-11 19:25:12,797  ERROR  Error 10089, reqId 97: Les donn\u00e9es de march\u00e9 demand\u00e9es n\u00e9cessitent une souscription suppl\u00e9mentaire pour les connexions API. Pour plus de d\u00e9tails, veuillez consulter le lien de la bo\u00eetre de dialogue \u00ab\u00a0Connexions aux donn\u00e9es de march\u00e9\u00a0\u00bb.Des donn\u00e9es de march\u00e9 en diff\u00e9r\u00e9 sont disponibles.GIS NYSE/TOP/ALL, contract: Stock(conId=7616, symbol='GIS', exchange='SMART', primaryExchange='NYSE', currency='USD', localSymbol='GIS', tradingClass='GIS')
2026-04-11 19:25:12,799  ERROR  Error 10089, reqId 98: Les donn\u00e9es de march\u00e9 demand\u00e9es n\u00e9cessitent une souscription suppl\u00e9mentaire pour les connexions API. Pour plus de d\u00e9tails, veuillez consulter le lien de la bo\u00eetre de dialogue \u00ab\u00a0Connexions aux donn\u00e9es de march\u00e9\u00a0\u00bb.Des donn\u00e9es de march\u00e9 en diff\u00e9r\u00e9 sont disponibles.GDDY NYSE/TOP/ALL, contract: Stock(conId=188986978, symbol='GDDY', exchange='SMART', primaryExchange='NYSE', currency='USD', localSymbol='GDDY', tradingClass='GDDY')
2026-04-11 19:25:13,035  ERROR  Error 10089, reqId 99: Les donn\u00e9es de march\u00e9 demand\u00e9es n\u00e9cessitent une souscription suppl\u00e9mentaire pour les connexions API. Pour plus de d\u00e9tails, veuillez consulter le lien de la bo\u00eetre de dialogue \u00ab\u00a0Connexions aux donn\u00e9es de march\u00e9\u00a0\u00bb.Des donn\u00e9es de march\u00e9 en diff\u00e9r\u00e9 sont disponibles.HAL NYSE/TOP/ALL, contract: Stock(conId=7890, symbol='HAL', exchange='SMART', primaryExchange='NYSE', currency='USD', localSymbol='HAL', tradingClass='HAL')
2026-04-11 19:25:13,152  ERROR  Error 10089, reqId 100: Les donn\u00e9es de march\u00e9 demand\u00e9es n\u00e9cessitent une souscription suppl\u00e9mentaire pour les connexions API. Pour plus de d\u00e9tails, veuillez consulter le lien de la bo\u00eetre de dialogue \u00ab\u00a0Connexions aux donn\u00e9es de march\u00e9\u00a0\u00bb.Des donn\u00e9es de march\u00e9 en diff\u00e9r\u00e9 sont disponibles.HSY NYSE/TOP/ALL, contract: Stock(conId=8199, symbol='HSY', exchange='SMART', primaryExchange='NYSE', currency='USD', localSymbol='HSY', tradingClass='HSY')
2026-04-11 19:25:13,152  ERROR  Error 10089, reqId 101: Les donn\u00e9es de march\u00e9 demand\u00e9es n\u00e9cessitent une souscription suppl\u00e9mentaire pour les connexions API. Pour plus de d\u00e9tails, veuillez consulter le lien de la bo\u00eetre de dialogue \u00ab\u00a0Connexions aux donn\u00e9es de march\u00e9\u00a0\u00bb.Des donn\u00e9es de march\u00e9 en diff\u00e9r\u00e9 sont disponibles.HRL NYSE/TOP/ALL, contract: Stock(conId=8153, symbol='HRL', exchange='SMART', primaryExchange='NYSE', currency='USD', localSymbol='HRL', tradingClass='HRL')
2026-04-11 19:25:13,158  ERROR  Error 10089, reqId 102: Les donn\u00e9es de march\u00e9 demand\u00e9es n\u00e9cessitent une souscription suppl\u00e9mentaire pour les connexions API. Pour plus de d\u00e9tails, veuillez consulter le lien de la bo\u00eetre de dialogue \u00ab\u00a0Connexions aux donn\u00e9es de march\u00e9\u00a0\u00bb.Des donn\u00e9es de march\u00e9 en diff\u00e9r\u00e9 sont disponibles.HUM NYSE/TOP/ALL, contract: Stock(conId=8251, symbol='HUM', exchange='SMART', primaryExchange='NYSE', currency='USD', localSymbol='HUM', tradingClass='HUM')
2026-04-11 19:25:13,220  ERROR  Error 300, reqId 53: Can't find EId with tickerId:53
2026-04-11 19:25:13,224  ERROR  Error 300, reqId 54: Can't find EId with tickerId:54
2026-04-11 19:25:13,224  ERROR  Error 300, reqId 55: Can't find EId with tickerId:55
2026-04-11 19:25:13,224  ERROR  Error 300, reqId 56: Can't find EId with tickerId:56
2026-04-11 19:25:13,224  ERROR  Error 300, reqId 57: Can't find EId with tickerId:57
2026-04-11 19:25:13,226  ERROR  Error 300, reqId 58: Can't find EId with tickerId:58
2026-04-11 19:25:13,226  ERROR  Error 300, reqId 59: Can't find EId with tickerId:59
2026-04-11 19:25:13,226  ERROR  Error 300, reqId 60: Can't find EId with tickerId:60
2026-04-11 19:25:13,227  ERROR  Error 300, reqId 61: Can't find EId with tickerId:61
2026-04-11 19:25:13,227  ERROR  Error 300, reqId 62: Can't find EId with tickerId:62
2026-04-11 19:25:13,227  ERROR  Error 300, reqId 63: Can't find EId with tickerId:63
2026-04-11 19:25:13,325  ERROR  Error 300, reqId 64: Can't find EId with tickerId:64
2026-04-11 19:25:13,325  ERROR  Error 300, reqId 65: Can't find EId with tickerId:65
2026-04-11 19:25:13,325  ERROR  Error 300, reqId 66: Can't find EId with tickerId:66
2026-04-11 19:25:13,325  ERROR  Error 300, reqId 67: Can't find EId with tickerId:67
2026-04-11 19:25:13,325  ERROR  Error 300, reqId 68: Can't find EId with tickerId:68
2026-04-11 19:25:13,423  ERROR  Error 300, reqId 69: Can't find EId with tickerId:69
2026-04-11 19:25:13,423  ERROR  Error 300, reqId 70: Can't find EId with tickerId:70
2026-04-11 19:25:13,423  ERROR  Error 300, reqId 71: Can't find EId with tickerId:71
2026-04-11 19:25:13,525  ERROR  Error 300, reqId 72: Can't find EId with tickerId:72
2026-04-11 19:25:13,525  ERROR  Error 300, reqId 73: Can't find EId with tickerId:73
2026-04-11 19:25:13,627  ERROR  Error 300, reqId 74: Can't find EId with tickerId:74
2026-04-11 19:25:13,731  ERROR  Error 300, reqId 75: Can't find EId with tickerId:75
2026-04-11 19:25:13,826  ERROR  Error 300, reqId 76: Can't find EId with tickerId:76
2026-04-11 19:25:13,926  ERROR  Error 300, reqId 77: Can't find EId with tickerId:77
2026-04-11 19:25:14,023  ERROR  Error 300, reqId 78: Can't find EId with tickerId:78
2026-04-11 19:25:14,124  ERROR  Error 300, reqId 79: Can't find EId with tickerId:79
2026-04-11 19:25:14,232  ERROR  Error 300, reqId 80: Can't find EId with tickerId:80
2026-04-11 19:25:14,232  ERROR  Error 300, reqId 81: Can't find EId with tickerId:81
2026-04-11 19:25:14,232  ERROR  Error 300, reqId 82: Can't find EId with tickerId:82
2026-04-11 19:25:14,232  ERROR  Error 300, reqId 83: Can't find EId with tickerId:83
2026-04-11 19:25:14,232  ERROR  Error 300, reqId 84: Can't find EId with tickerId:84
2026-04-11 19:25:14,236  ERROR  Error 300, reqId 85: Can't find EId with tickerId:85
2026-04-11 19:25:14,236  ERROR  Error 300, reqId 86: Can't find EId with tickerId:86
2026-04-11 19:25:14,236  ERROR  Error 300, reqId 87: Can't find EId with tickerId:87
2026-04-11 19:25:14,236  ERROR  Error 300, reqId 88: Can't find EId with tickerId:88
2026-04-11 19:25:14,332  ERROR  Error 300, reqId 89: Can't find EId with tickerId:89
2026-04-11 19:25:14,333  ERROR  Error 300, reqId 90: Can't find EId with tickerId:90
2026-04-11 19:25:14,333  ERROR  Error 300, reqId 91: Can't find EId with tickerId:91
2026-04-11 19:25:14,335  ERROR  Error 300, reqId 92: Can't find EId with tickerId:92
2026-04-11 19:25:14,335  ERROR  Error 300, reqId 93: Can't find EId with tickerId:93
2026-04-11 19:25:14,436  ERROR  Error 300, reqId 94: Can't find EId with tickerId:94
2026-04-11 19:25:14,437  ERROR  Error 300, reqId 95: Can't find EId with tickerId:95
2026-04-11 19:25:14,439  ERROR  Error 300, reqId 96: Can't find EId with tickerId:96
2026-04-11 19:25:14,537  ERROR  Error 300, reqId 97: Can't find EId with tickerId:97
2026-04-11 19:25:14,537  ERROR  Error 300, reqId 98: Can't find EId with tickerId:98
2026-04-11 19:25:14,632  ERROR  Error 300, reqId 99: Can't find EId with tickerId:99
2026-04-11 19:25:14,736  ERROR  Error 300, reqId 100: Can't find EId with tickerId:100
2026-04-11 19:25:14,832  ERROR  Error 300, reqId 101: Can't find EId with tickerId:101
2026-04-11 19:25:14,937  ERROR  Error 300, reqId 102: Can't find EId with tickerId:102
2026-04-11 19:25:17,044  ERROR  Error 10089, reqId 153: Les donn\u00e9es de march\u00e9 demand\u00e9es n\u00e9cessitent une souscription suppl\u00e9mentaire pour les connexions API. Pour plus de d\u00e9tails, veuillez consulter le lien de la bo\u00eetre de dialogue \u00ab\u00a0Connexions aux donn\u00e9es de march\u00e9\u00a0\u00bb.Des donn\u00e9es de march\u00e9 en diff\u00e9r\u00e9 sont disponibles.INCY NASDAQ.NMS/TOP/ALL, contract: Stock(conId=4369855, symbol='INCY', exchange='SMART', primaryExchange='NASDAQ', currency='USD', localSymbol='INCY', tradingClass='NMS')
2026-04-11 19:25:17,119  ERROR  Error 10089, reqId 155: Les donn\u00e9es de march\u00e9 demand\u00e9es n\u00e9cessitent une souscription suppl\u00e9mentaire pour les connexions API. Pour plus de d\u00e9tails, veuillez consulter le lien de la bo\u00eetre de dialogue \u00ab\u00a0Connexions aux donn\u00e9es de march\u00e9\u00a0\u00bb.IBKR NASDAQ.NMS/TOP/ALL, contract: Stock(conId=43645865, symbol='IBKR', exchange='SMART', primaryExchange='NASDAQ', currency='USD', localSymbol='IBKR', tradingClass='NMS')
2026-04-11 19:25:17,259  ERROR  Error 10089, reqId 154: Les donn\u00e9es de march\u00e9 demand\u00e9es n\u00e9cessitent une souscription suppl\u00e9mentaire pour les connexions API. Pour plus de d\u00e9tails, veuillez consulter le lien de la bo\u00eetre de dialogue \u00ab\u00a0Connexions aux donn\u00e9es de march\u00e9\u00a0\u00bb.Des donn\u00e9es de march\u00e9 en diff\u00e9r\u00e9 sont disponibles.PODD NASDAQ.NMS/TOP/ALL, contract: Stock(conId=44061838, symbol='PODD', exchange='SMART', primaryExchange='NASDAQ', currency='USD', localSymbol='PODD', tradingClass='NMS')
2026-04-11 19:25:17,520  ERROR  Error 10089, reqId 156: Les donn\u00e9es de march\u00e9 demand\u00e9es n\u00e9cessitent une souscription suppl\u00e9mentaire pour les connexions API. Pour plus de d\u00e9tails, veuillez consulter le lien de la bo\u00eetre de dialogue \u00ab\u00a0Connexions aux donn\u00e9es de march\u00e9\u00a0\u00bb.Des donn\u00e9es de march\u00e9 en diff\u00e9r\u00e9 sont disponibles.IVZ NYSE/TOP/ALL, contract: Stock(conId=47550606, symbol='IVZ', exchange='SMART', primaryExchange='NYSE', currency='USD', localSymbol='IVZ', tradingClass='IVZ')
2026-04-11 19:25:17,756  ERROR  Error 10089, reqId 157: Les donn\u00e9es de march\u00e9 demand\u00e9es n\u00e9cessitent une souscription suppl\u00e9mentaire pour les connexions API. Pour plus de d\u00e9tails, veuillez consulter le lien de la bo\u00eetre de dialogue \u00ab\u00a0Connexions aux donn\u00e9es de march\u00e9\u00a0\u00bb.Des donn\u00e9es de march\u00e9 en diff\u00e9r\u00e9 sont disponibles.IQV NYSE/TOP/ALL, contract: Stock(conId=295757261, symbol='IQV', exchange='SMART', primaryExchange='NYSE', currency='USD', localSymbol='IQV', tradingClass='IQV')
2026-04-11 19:25:17,889  ERROR  Error 10089, reqId 158: Les donn\u00e9es de march\u00e9 demand\u00e9es n\u00e9cessitent une souscription suppl\u00e9mentaire pour les connexions API. Pour plus de d\u00e9tails, veuillez consulter le lien de la bo\u00eetre de dialogue \u00ab\u00a0Connexions aux donn\u00e9es de march\u00e9\u00a0\u00bb.Des donn\u00e9es de march\u00e9 en diff\u00e9r\u00e9 sont disponibles.KEY NYSE/TOP/ALL, contract: Stock(conId=8809, symbol='KEY', exchange='SMART', primaryExchange='NYSE', currency='USD', localSymbol='KEY', tradingClass='KEY')
2026-04-11 19:25:17,889  ERROR  Error 10089, reqId 159: Les donn\u00e9es de march\u00e9 demand\u00e9es n\u00e9cessitent une souscription suppl\u00e9mentaire pour les connexions API. Pour plus de d\u00e9tails, veuillez consulter le lien de la bo\u00eetre de dialogue \u00ab\u00a0Connexions aux donn\u00e9es de march\u00e9\u00a0\u00bb.Des donn\u00e9es de march\u00e9 en diff\u00e9r\u00e9 sont disponibles.KMB NASDAQ.NMS/TOP/ALL, contract: Stock(conId=8864, symbol='KMB', exchange='SMART', primaryExchange='NASDAQ', currency='USD', localSymbol='KMB', tradingClass='NMS')
2026-04-11 19:25:18,067  ERROR  Error 10089, reqId 160: Les donn\u00e9es de march\u00e9 demand\u00e9es n\u00e9cessitent une souscription suppl\u00e9mentaire pour les connexions API. Pour plus de d\u00e9tails, veuillez consulter le lien de la bo\u00eetre de dialogue \u00ab\u00a0Connexions aux donn\u00e9es de march\u00e9\u00a0\u00bb.Des donn\u00e9es de march\u00e9 en diff\u00e9r\u00e9 sont disponibles.KKR NYSE/TOP/ALL, contract: Stock(conId=321328198, symbol='KKR', exchange='SMART', primaryExchange='NYSE', currency='USD', localSymbol='KKR', tradingClass='KKR')
2026-04-11 19:25:18,067  ERROR  Error 10089, reqId 161: Les donn\u00e9es de march\u00e9 demand\u00e9es n\u00e9cessitent une souscription suppl\u00e9mentaire pour les connexions API. Pour plus de d\u00e9tails, veuillez consulter le lien de la bo\u00eetre de dialogue \u00ab\u00a0Connexions aux donn\u00e9es de march\u00e9\u00a0\u00bb.Des donn\u00e9es de march\u00e9 en diff\u00e9r\u00e9 sont disponibles.KR NYSE/TOP/ALL, contract: Stock(conId=8908, symbol='KR', exchange='SMART', primaryExchange='NYSE', currency='USD', localSymbol='KR', tradingClass='KR')
2026-04-11 19:25:18,067  ERROR  Error 10089, reqId 162: Les donn\u00e9es de march\u00e9 demand\u00e9es n\u00e9cessitent une souscription suppl\u00e9mentaire pour les connexions API. Pour plus de d\u00e9tails, veuillez consulter le lien de la bo\u00eetre de dialogue \u00ab\u00a0Connexions aux donn\u00e9es de march\u00e9\u00a0\u00bb.Des donn\u00e9es de march\u00e9 en diff\u00e9r\u00e9 sont disponibles.LEN NYSE/TOP/ALL, contract: Stock(conId=9091, symbol='LEN', exchange='SMART', primaryExchange='NYSE', currency='USD', localSymbol='LEN', tradingClass='LEN')
2026-04-11 19:25:18,269  ERROR  Error 10089, reqId 163: Les donn\u00e9es de march\u00e9 demand\u00e9es n\u00e9cessitent une souscription suppl\u00e9mentaire pour les connexions API. Pour plus de d\u00e9tails, veuillez consulter le lien de la bo\u00eetre de dialogue \u00ab\u00a0Connexions aux donn\u00e9es de march\u00e9\u00a0\u00bb.Des donn\u00e9es de march\u00e9 en diff\u00e9r\u00e9 sont disponibles.LITE NASDAQ.NMS/TOP/ALL, contract: Stock(conId=201113895, symbol='LITE', exchange='SMART', primaryExchange='NASDAQ', currency='USD', localSymbol='LITE', tradingClass='NMS')
2026-04-11 19:25:18,391  ERROR  Error 10089, reqId 164: Les donn\u00e9es de march\u00e9 demand\u00e9es n\u00e9cessitent une souscription suppl\u00e9mentaire pour les connexions API. Pour plus de d\u00e9tails, veuillez consulter le lien de la bo\u00eetre de dialogue \u00ab\u00a0Connexions aux donn\u00e9es de march\u00e9\u00a0\u00bb.Des donn\u00e9es de march\u00e9 en diff\u00e9r\u00e9 sont disponibles.MRSH NYSE/TOP/ALL, contract: Stock(conId=9705, symbol='MRSH', exchange='SMART', primaryExchange='NYSE', currency='USD', localSymbol='MRSH', tradingClass='MRSH')
2026-04-11 19:25:18,396  ERROR  Error 10089, reqId 165: Les donn\u00e9es de march\u00e9 demand\u00e9es n\u00e9cessitent une souscription suppl\u00e9mentaire pour les connexions API. Pour plus de d\u00e9tails, veuillez consulter le lien de la bo\u00eetre de dialogue \u00ab\u00a0Connexions aux donn\u00e9es de march\u00e9\u00a0\u00bb.Des donn\u00e9es de march\u00e9 en diff\u00e9r\u00e9 sont disponibles.MAS NYSE/TOP/ALL, contract: Stock(conId=9360, symbol='MAS', exchange='SMART', primaryExchange='NYSE', currency='USD', localSymbol='MAS', tradingClass='MAS')
2026-04-11 19:25:18,396  ERROR  Error 10089, reqId 166: Les donn\u00e9es de march\u00e9 demand\u00e9es n\u00e9cessitent une souscription suppl\u00e9mentaire pour les connexions API. Pour plus de d\u00e9tails, veuillez consulter le lien de la bo\u00eetre de dialogue \u00ab\u00a0Connexions aux donn\u00e9es de march\u00e9\u00a0\u00bb.Des donn\u00e9es de march\u00e9 en diff\u00e9r\u00e9 sont disponibles.MCK NYSE/TOP/ALL, contract: Stock(conId=9657, symbol='MCK', exchange='SMART', primaryExchange='NYSE', currency='USD', localSymbol='MCK', tradingClass='MCK')
2026-04-11 19:25:18,398  ERROR  Error 10089, reqId 167: Les donn\u00e9es de march\u00e9 demand\u00e9es n\u00e9cessitent une souscription suppl\u00e9mentaire pour les connexions API. Pour plus de d\u00e9tails, veuillez consulter le lien de la bo\u00eetre de dialogue \u00ab\u00a0Connexions aux donn\u00e9es de march\u00e9\u00a0\u00bb.Des donn\u00e9es de march\u00e9 en diff\u00e9r\u00e9 sont disponibles.MRK NYSE/TOP/ALL, contract: Stock(conId=70101545, symbol='MRK', exchange='SMART', primaryExchange='NYSE', currency='USD', localSymbol='MRK', tradingClass='MRK')
2026-04-11 19:25:18,399  ERROR  Error 10089, reqId 168: Les donn\u00e9es de march\u00e9 demand\u00e9es n\u00e9cessitent une souscription suppl\u00e9mentaire pour les connexions API. Pour plus de d\u00e9tails, veuillez consulter le lien de la bo\u00eetre de dialogue \u00ab\u00a0Connexions aux donn\u00e9es de march\u00e9\u00a0\u00bb.Des donn\u00e9es de march\u00e9 en diff\u00e9r\u00e9 sont disponibles.MCHP NASDAQ.NMS/TOP/ALL, contract: Stock(conId=271568, symbol='MCHP', exchange='SMART', primaryExchange='NASDAQ', currency='USD', localSymbol='MCHP', tradingClass='NMS')
2026-04-11 19:25:18,400  ERROR  Error 10089, reqId 169: Les donn\u00e9es de march\u00e9 demand\u00e9es n\u00e9cessitent une souscription suppl\u00e9mentaire pour les connexions API. Pour plus de d\u00e9tails, veuillez consulter le lien de la bo\u00eetre de dialogue \u00ab\u00a0Connexions aux donn\u00e9es de march\u00e9\u00a0\u00bb.Des donn\u00e9es de march\u00e9 en diff\u00e9r\u00e9 sont disponibles.MPWR NASDAQ.NMS/TOP/ALL, contract: Stock(conId=32106121, symbol='MPWR', exchange='SMART', primaryExchange='NASDAQ', currency='USD', localSymbol='MPWR', tradingClass='NMS')
2026-04-11 19:25:18,402  ERROR  Error 10089, reqId 170: Les donn\u00e9es de march\u00e9 demand\u00e9es n\u00e9cessitent une souscription suppl\u00e9mentaire pour les connexions API. Pour plus de d\u00e9tails, veuillez consulter le lien de la bo\u00eetre de dialogue \u00ab\u00a0Connexions aux donn\u00e9es de march\u00e9\u00a0\u00bb.Des donn\u00e9es de march\u00e9 en diff\u00e9r\u00e9 sont disponibles.NTAP NASDAQ.NMS/TOP/ALL, contract: Stock(conId=49921110, symbol='NTAP', exchange='SMART', primaryExchange='NASDAQ', currency='USD', localSymbol='NTAP', tradingClass='NMS')
2026-04-11 19:25:18,403  ERROR  Error 10089, reqId 171: Les donn\u00e9es de march\u00e9 demand\u00e9es n\u00e9cessitent une souscription suppl\u00e9mentaire pour les connexions API. Pour plus de d\u00e9tails, veuillez consulter le lien de la bo\u00eetre de dialogue \u00ab\u00a0Connexions aux donn\u00e9es de march\u00e9\u00a0\u00bb.Des donn\u00e9es de march\u00e9 en diff\u00e9r\u00e9 sont disponibles.NKE NYSE/TOP/ALL, contract: Stock(conId=10291, symbol='NKE', exchange='SMART', primaryExchange='NYSE', currency='USD', localSymbol='NKE', tradingClass='NKE')
2026-04-11 19:25:18,403  ERROR  Error 10089, reqId 172: Les donn\u00e9es de march\u00e9 demand\u00e9es n\u00e9cessitent une souscription suppl\u00e9mentaire pour les connexions API. Pour plus de d\u00e9tails, veuillez consulter le lien de la bo\u00eetre de dialogue \u00ab\u00a0Connexions aux donn\u00e9es de march\u00e9\u00a0\u00bb.Des donn\u00e9es de march\u00e9 en diff\u00e9r\u00e9 sont disponibles.NOC NYSE/TOP/ALL, contract: Stock(conId=10376, symbol='NOC', exchange='SMART', primaryExchange='NYSE', currency='USD', localSymbol='NOC', tradingClass='NOC')
2026-04-11 19:25:18,405  ERROR  Error 10089, reqId 173: Les donn\u00e9es de march\u00e9 demand\u00e9es n\u00e9cessitent une souscription suppl\u00e9mentaire pour les connexions API. Pour plus de d\u00e9tails, veuillez consulter le lien de la bo\u00eetre de dialogue \u00ab\u00a0Connexions aux donn\u00e9es de march\u00e9\u00a0\u00bb.Des donn\u00e9es de march\u00e9 en diff\u00e9r\u00e9 sont disponibles.NCLH NYSE/TOP/ALL, contract: Stock(conId=120643512, symbol='NCLH', exchange='SMART', primaryExchange='NYSE', currency='USD', localSymbol='NCLH', tradingClass='NCLH')
2026-04-11 19:25:18,407  ERROR  Error 10089, reqId 174: Les donn\u00e9es de march\u00e9 demand\u00e9es n\u00e9cessitent une souscription suppl\u00e9mentaire pour les connexions API. Pour plus de d\u00e9tails, veuillez consulter le lien de la bo\u00eetre de dialogue \u00ab\u00a0Connexions aux donn\u00e9es de march\u00e9\u00a0\u00bb.Des donn\u00e9es de march\u00e9 en diff\u00e9r\u00e9 sont disponibles.ORLY NASDAQ.NMS/TOP/ALL, contract: Stock(conId=82457808, symbol='ORLY', exchange='SMART', primaryExchange='NASDAQ', currency='USD', localSymbol='ORLY', tradingClass='NMS')
2026-04-11 19:25:18,408  ERROR  Error 10089, reqId 175: Les donn\u00e9es de march\u00e9 demand\u00e9es n\u00e9cessitent une souscription suppl\u00e9mentaire pour les connexions API. Pour plus de d\u00e9tails, veuillez consulter le lien de la bo\u00eetre de dialogue \u00ab\u00a0Connexions aux donn\u00e9es de march\u00e9\u00a0\u00bb.Des donn\u00e9es de march\u00e9 en diff\u00e9r\u00e9 sont disponibles.OXY NYSE/TOP/ALL, contract: Stock(conId=10880, symbol='OXY', exchange='SMART', primaryExchange='NYSE', currency='USD', localSymbol='OXY', tradingClass='OXY')
2026-04-11 19:25:18,408  ERROR  Error 10089, reqId 176: Les donn\u00e9es de march\u00e9 demand\u00e9es n\u00e9cessitent une souscription suppl\u00e9mentaire pour les connexions API. Pour plus de d\u00e9tails, veuillez consulter le lien de la bo\u00eetre de dialogue \u00ab\u00a0Connexions aux donn\u00e9es de march\u00e9\u00a0\u00bb.Des donn\u00e9es de march\u00e9 en diff\u00e9r\u00e9 sont disponibles.ORCL NYSE/TOP/ALL, contract: Stock(conId=272800, symbol='ORCL', exchange='SMART', primaryExchange='NYSE', currency='USD', localSymbol='ORCL', tradingClass='ORCL')
2026-04-11 19:25:18,410  ERROR  Error 10089, reqId 177: Les donn\u00e9es de march\u00e9 demand\u00e9es n\u00e9cessitent une souscription suppl\u00e9mentaire pour les connexions API. Pour plus de d\u00e9tails, veuillez consulter le lien de la bo\u00eetre de dialogue \u00ab\u00a0Connexions aux donn\u00e9es de march\u00e9\u00a0\u00bb.Des donn\u00e9es de march\u00e9 en diff\u00e9r\u00e9 sont disponibles.PLTR NASDAQ.NMS/TOP/ALL, contract: Stock(conId=444857009, symbol='PLTR', exchange='SMART', primaryExchange='NASDAQ', currency='USD', localSymbol='PLTR', tradingClass='NMS')
2026-04-11 19:25:18,411  ERROR  Error 10089, reqId 178: Les donn\u00e9es de march\u00e9 demand\u00e9es n\u00e9cessitent une souscription suppl\u00e9mentaire pour les connexions API. Pour plus de d\u00e9tails, veuillez consulter le lien de la bo\u00eetre de dialogue \u00ab\u00a0Connexions aux donn\u00e9es de march\u00e9\u00a0\u00bb.Des donn\u00e9es de march\u00e9 en diff\u00e9r\u00e9 sont disponibles.PAYX NASDAQ.NMS/TOP/ALL, contract: Stock(conId=272942, symbol='PAYX', exchange='SMART', primaryExchange='NASDAQ', currency='USD', localSymbol='PAYX', tradingClass='NMS')
2026-04-11 19:25:18,413  ERROR  Error 10089, reqId 179: Les donn\u00e9es de march\u00e9 demand\u00e9es n\u00e9cessitent une souscription suppl\u00e9mentaire pour les connexions API. Pour plus de d\u00e9tails, veuillez consulter le lien de la bo\u00eetre de dialogue \u00ab\u00a0Connexions aux donn\u00e9es de march\u00e9\u00a0\u00bb.Des donn\u00e9es de march\u00e9 en diff\u00e9r\u00e9 sont disponibles.PFE NYSE/TOP/ALL, contract: Stock(conId=11031, symbol='PFE', exchange='SMART', primaryExchange='NYSE', currency='USD', localSymbol='PFE', tradingClass='PFE')
2026-04-11 19:25:18,418  ERROR  Error 10089, reqId 180: Les donn\u00e9es de march\u00e9 demand\u00e9es n\u00e9cessitent une souscription suppl\u00e9mentaire pour les connexions API. Pour plus de d\u00e9tails, veuillez consulter le lien de la bo\u00eetre de dialogue \u00ab\u00a0Connexions aux donn\u00e9es de march\u00e9\u00a0\u00bb.Des donn\u00e9es de march\u00e9 en diff\u00e9r\u00e9 sont disponibles.PNW NYSE/TOP/ALL, contract: Stock(conId=11257, symbol='PNW', exchange='SMART', primaryExchange='NYSE', currency='USD', localSymbol='PNW', tradingClass='PNW')
2026-04-11 19:25:18,419  ERROR  Error 10089, reqId 181: Les donn\u00e9es de march\u00e9 demand\u00e9es n\u00e9cessitent une souscription suppl\u00e9mentaire pour les connexions API. Pour plus de d\u00e9tails, veuillez consulter le lien de la bo\u00eetre de dialogue \u00ab\u00a0Connexions aux donn\u00e9es de march\u00e9\u00a0\u00bb.Des donn\u00e9es de march\u00e9 en diff\u00e9r\u00e9 sont disponibles.PG NYSE/TOP/ALL, contract: Stock(conId=11054, symbol='PG', exchange='SMART', primaryExchange='NYSE', currency='USD', localSymbol='PG', tradingClass='PG')
2026-04-11 19:25:18,426  ERROR  Error 10089, reqId 182: Les donn\u00e9es de march\u00e9 demand\u00e9es n\u00e9cessitent une souscription suppl\u00e9mentaire pour les connexions API. Pour plus de d\u00e9tails, veuillez consulter le lien de la bo\u00eetre de dialogue \u00ab\u00a0Connexions aux donn\u00e9es de march\u00e9\u00a0\u00bb.Des donn\u00e9es de march\u00e9 en diff\u00e9r\u00e9 sont disponibles.PGR NYSE/TOP/ALL, contract: Stock(conId=11080, symbol='PGR', exchange='SMART', primaryExchange='NYSE', currency='USD', localSymbol='PGR', tradingClass='PGR')
2026-04-11 19:25:18,431  ERROR  Error 10089, reqId 183: Les donn\u00e9es de march\u00e9 demand\u00e9es n\u00e9cessitent une souscription suppl\u00e9mentaire pour les connexions API. Pour plus de d\u00e9tails, veuillez consulter le lien de la bo\u00eetre de dialogue \u00ab\u00a0Connexions aux donn\u00e9es de march\u00e9\u00a0\u00bb.Des donn\u00e9es de march\u00e9 en diff\u00e9r\u00e9 sont disponibles.PHM NYSE/TOP/ALL, contract: Stock(conId=11109, symbol='PHM', exchange='SMART', primaryExchange='NYSE', currency='USD', localSymbol='PHM', tradingClass='PHM')
2026-04-11 19:25:18,431  ERROR  Error 10089, reqId 184: Les donn\u00e9es de march\u00e9 demand\u00e9es n\u00e9cessitent une souscription suppl\u00e9mentaire pour les connexions API. Pour plus de d\u00e9tails, veuillez consulter le lien de la bo\u00eetre de dialogue \u00ab\u00a0Connexions aux donn\u00e9es de march\u00e9\u00a0\u00bb.Des donn\u00e9es de march\u00e9 en diff\u00e9r\u00e9 sont disponibles.PWR NYSE/TOP/ALL, contract: Stock(conId=6608432, symbol='PWR', exchange='SMART', primaryExchange='NYSE', currency='USD', localSymbol='PWR', tradingClass='PWR')
2026-04-11 19:25:18,432  ERROR  Error 10089, reqId 185: Les donn\u00e9es de march\u00e9 demand\u00e9es n\u00e9cessitent une souscription suppl\u00e9mentaire pour les connexions API. Pour plus de d\u00e9tails, veuillez consulter le lien de la bo\u00eetre de dialogue \u00ab\u00a0Connexions aux donn\u00e9es de march\u00e9\u00a0\u00bb.Des donn\u00e9es de march\u00e9 en diff\u00e9r\u00e9 sont disponibles.RCL NYSE/TOP/ALL, contract: Stock(conId=11520, symbol='RCL', exchange='SMART', primaryExchange='NYSE', currency='USD', localSymbol='RCL', tradingClass='RCL')
2026-04-11 19:25:18,432  ERROR  Error 10089, reqId 186: Les donn\u00e9es de march\u00e9 demand\u00e9es n\u00e9cessitent une souscription suppl\u00e9mentaire pour les connexions API. Pour plus de d\u00e9tails, veuillez consulter le lien de la bo\u00eetre de dialogue \u00ab\u00a0Connexions aux donn\u00e9es de march\u00e9\u00a0\u00bb.Des donn\u00e9es de march\u00e9 en diff\u00e9r\u00e9 sont disponibles.SLB NYSE/TOP/ALL, contract: Stock(conId=12200, symbol='SLB', exchange='SMART', primaryExchange='NYSE', currency='USD', localSymbol='SLB', tradingClass='SLB')
2026-04-11 19:25:18,434  ERROR  Error 10089, reqId 187: Les donn\u00e9es de march\u00e9 demand\u00e9es n\u00e9cessitent une souscription suppl\u00e9mentaire pour les connexions API. Pour plus de d\u00e9tails, veuillez consulter le lien de la bo\u00eetre de dialogue \u00ab\u00a0Connexions aux donn\u00e9es de march\u00e9\u00a0\u00bb.Des donn\u00e9es de march\u00e9 en diff\u00e9r\u00e9 sont disponibles.SJM NYSE/TOP/ALL, contract: Stock(conId=15130038, symbol='SJM', exchange='SMART', primaryExchange='NYSE', currency='USD', localSymbol='SJM', tradingClass='SJM')
2026-04-11 19:25:18,434  ERROR  Error 10089, reqId 188: Les donn\u00e9es de march\u00e9 demand\u00e9es n\u00e9cessitent une souscription suppl\u00e9mentaire pour les connexions API. Pour plus de d\u00e9tails, veuillez consulter le lien de la bo\u00eetre de dialogue \u00ab\u00a0Connexions aux donn\u00e9es de march\u00e9\u00a0\u00bb.Des donn\u00e9es de march\u00e9 en diff\u00e9r\u00e9 sont disponibles.SW NYSE/TOP/ALL, contract: Stock(conId=713434903, symbol='SW', exchange='SMART', primaryExchange='NYSE', currency='USD', localSymbol='SW', tradingClass='SW')
2026-04-11 19:25:18,435  ERROR  Error 10089, reqId 189: Les donn\u00e9es de march\u00e9 demand\u00e9es n\u00e9cessitent une souscription suppl\u00e9mentaire pour les connexions API. Pour plus de d\u00e9tails, veuillez consulter le lien de la bo\u00eetre de dialogue \u00ab\u00a0Connexions aux donn\u00e9es de march\u00e9\u00a0\u00bb.Des donn\u00e9es de march\u00e9 en diff\u00e9r\u00e9 sont disponibles.SMCI NASDAQ.NMS/TOP/ALL, contract: Stock(conId=731466419, symbol='SMCI', exchange='SMART', primaryExchange='NASDAQ', currency='USD', localSymbol='SMCI', tradingClass='NMS')
2026-04-11 19:25:18,891  ERROR  Error 300, reqId 153: Can't find EId with tickerId:153
2026-04-11 19:25:18,894  ERROR  Error 300, reqId 154: Can't find EId with tickerId:154
2026-04-11 19:25:18,898  ERROR  Error 300, reqId 155: Can't find EId with tickerId:155
2026-04-11 19:25:18,902  ERROR  Error 300, reqId 156: Can't find EId with tickerId:156
2026-04-11 19:25:18,906  ERROR  Error 300, reqId 157: Can't find EId with tickerId:157
2026-04-11 19:25:18,906  ERROR  Error 300, reqId 158: Can't find EId with tickerId:158
2026-04-11 19:25:18,906  ERROR  Error 300, reqId 159: Can't find EId with tickerId:159
2026-04-11 19:25:18,908  ERROR  Error 300, reqId 160: Can't find EId with tickerId:160
2026-04-11 19:25:18,908  ERROR  Error 300, reqId 161: Can't find EId with tickerId:161
2026-04-11 19:25:18,910  ERROR  Error 300, reqId 162: Can't find EId with tickerId:162
2026-04-11 19:25:18,910  ERROR  Error 300, reqId 163: Can't find EId with tickerId:163
2026-04-11 19:25:18,912  ERROR  Error 300, reqId 164: Can't find EId with tickerId:164
2026-04-11 19:25:18,912  ERROR  Error 300, reqId 165: Can't find EId with tickerId:165
2026-04-11 19:25:18,914  ERROR  Error 300, reqId 166: Can't find EId with tickerId:166
2026-04-11 19:25:18,914  ERROR  Error 300, reqId 167: Can't find EId with tickerId:167
2026-04-11 19:25:18,914  ERROR  Error 300, reqId 168: Can't find EId with tickerId:168
2026-04-11 19:25:18,914  ERROR  Error 300, reqId 169: Can't find EId with tickerId:169
2026-04-11 19:25:18,916  ERROR  Error 300, reqId 170: Can't find EId with tickerId:170
2026-04-11 19:25:18,917  ERROR  Error 300, reqId 171: Can't find EId with tickerId:171
2026-04-11 19:25:18,917  ERROR  Error 300, reqId 172: Can't find EId with tickerId:172
2026-04-11 19:25:18,990  ERROR  Error 300, reqId 173: Can't find EId with tickerId:173
2026-04-11 19:25:18,990  ERROR  Error 300, reqId 174: Can't find EId with tickerId:174
2026-04-11 19:25:18,990  ERROR  Error 300, reqId 175: Can't find EId with tickerId:175
2026-04-11 19:25:18,990  ERROR  Error 300, reqId 176: Can't find EId with tickerId:176
2026-04-11 19:25:18,990  ERROR  Error 300, reqId 177: Can't find EId with tickerId:177
2026-04-11 19:25:18,990  ERROR  Error 300, reqId 178: Can't find EId with tickerId:178
2026-04-11 19:25:18,990  ERROR  Error 300, reqId 179: Can't find EId with tickerId:179
2026-04-11 19:25:18,994  ERROR  Error 300, reqId 180: Can't find EId with tickerId:180
2026-04-11 19:25:18,994  ERROR  Error 300, reqId 181: Can't find EId with tickerId:181
2026-04-11 19:25:18,994  ERROR  Error 300, reqId 182: Can't find EId with tickerId:182
2026-04-11 19:25:19,049  ERROR  Error 10089, reqId 190: Les donn\u00e9es de march\u00e9 demand\u00e9es n\u00e9cessitent une souscription suppl\u00e9mentaire pour les connexions API. Pour plus de d\u00e9tails, veuillez consulter le lien de la bo\u00eetre de dialogue \u00ab\u00a0Connexions aux donn\u00e9es de march\u00e9\u00a0\u00bb.Des donn\u00e9es de march\u00e9 en diff\u00e9r\u00e9 sont disponibles.TPL NYSE/TOP/ALL
2026-04-11 19:25:19,051  ERROR  Error 10089, reqId 192: Les donn\u00e9es de march\u00e9 demand\u00e9es n\u00e9cessitent une souscription suppl\u00e9mentaire pour les connexions API. Pour plus de d\u00e9tails, veuillez consulter le lien de la bo\u00eetre de dialogue \u00ab\u00a0Connexions aux donn\u00e9es de march\u00e9\u00a0\u00bb.Des donn\u00e9es de march\u00e9 en diff\u00e9r\u00e9 sont disponibles.TT NYSE/TOP/ALL
2026-04-11 19:25:19,054  ERROR  Error 10089, reqId 193: Les donn\u00e9es de march\u00e9 demand\u00e9es n\u00e9cessitent une souscription suppl\u00e9mentaire pour les connexions API. Pour plus de d\u00e9tails, veuillez consulter le lien de la bo\u00eetre de dialogue \u00ab\u00a0Connexions aux donn\u00e9es de march\u00e9\u00a0\u00bb.Des donn\u00e9es de march\u00e9 en diff\u00e9r\u00e9 sont disponibles.TFC NYSE/TOP/ALL
2026-04-11 19:25:19,060  ERROR  Error 10089, reqId 194: Les donn\u00e9es de march\u00e9 demand\u00e9es n\u00e9cessitent une souscription suppl\u00e9mentaire pour les connexions API. Pour plus de d\u00e9tails, veuillez consulter le lien de la bo\u00eetre de dialogue \u00ab\u00a0Connexions aux donn\u00e9es de march\u00e9\u00a0\u00bb.Des donn\u00e9es de march\u00e9 en diff\u00e9r\u00e9 sont disponibles.USB NYSE/TOP/ALL
2026-04-11 19:25:19,060  ERROR  Error 10089, reqId 195: Les donn\u00e9es de march\u00e9 demand\u00e9es n\u00e9cessitent une souscription suppl\u00e9mentaire pour les connexions API. Pour plus de d\u00e9tails, veuillez consulter le lien de la bo\u00eetre de dialogue \u00ab\u00a0Connexions aux donn\u00e9es de march\u00e9\u00a0\u00bb.Des donn\u00e9es de march\u00e9 en diff\u00e9r\u00e9 sont disponibles.UBER NYSE/TOP/ALL
2026-04-11 19:25:19,062  ERROR  Error 10089, reqId 196: Les donn\u00e9es de march\u00e9 demand\u00e9es n\u00e9cessitent une souscription suppl\u00e9mentaire pour les connexions API. Pour plus de d\u00e9tails, veuillez consulter le lien de la bo\u00eetre de dialogue \u00ab\u00a0Connexions aux donn\u00e9es de march\u00e9\u00a0\u00bb.Des donn\u00e9es de march\u00e9 en diff\u00e9r\u00e9 sont disponibles.URI NYSE/TOP/ALL
2026-04-11 19:25:19,062  ERROR  Error 10089, reqId 197: Les donn\u00e9es de march\u00e9 demand\u00e9es n\u00e9cessitent une souscription suppl\u00e9mentaire pour les connexions API. Pour plus de d\u00e9tails, veuillez consulter le lien de la bo\u00eetre de dialogue \u00ab\u00a0Connexions aux donn\u00e9es de march\u00e9\u00a0\u00bb.Des donn\u00e9es de march\u00e9 en diff\u00e9r\u00e9 sont disponibles.UNH NYSE/TOP/ALL
2026-04-11 19:25:19,062  ERROR  Error 10089, reqId 198: Les donn\u00e9es de march\u00e9 demand\u00e9es n\u00e9cessitent une souscription suppl\u00e9mentaire pour les connexions API. Pour plus de d\u00e9tails, veuillez consulter le lien de la bo\u00eetre de dialogue \u00ab\u00a0Connexions aux donn\u00e9es de march\u00e9\u00a0\u00bb.Des donn\u00e9es de march\u00e9 en diff\u00e9r\u00e9 sont disponibles.VRSK NASDAQ.NMS/TOP/ALL
2026-04-11 19:25:19,066  ERROR  Error 10089, reqId 199: Les donn\u00e9es de march\u00e9 demand\u00e9es n\u00e9cessitent une souscription suppl\u00e9mentaire pour les connexions API. Pour plus de d\u00e9tails, veuillez consulter le lien de la bo\u00eetre de dialogue \u00ab\u00a0Connexions aux donn\u00e9es de march\u00e9\u00a0\u00bb.Des donn\u00e9es de march\u00e9 en diff\u00e9r\u00e9 sont disponibles.VRT NYSE/TOP/ALL
2026-04-11 19:25:19,066  ERROR  Error 10089, reqId 200: Les donn\u00e9es de march\u00e9 demand\u00e9es n\u00e9cessitent une souscription suppl\u00e9mentaire pour les connexions API. Pour plus de d\u00e9tails, veuillez consulter le lien de la bo\u00eetre de dialogue \u00ab\u00a0Connexions aux donn\u00e9es de march\u00e9\u00a0\u00bb.Des donn\u00e9es de march\u00e9 en diff\u00e9r\u00e9 sont disponibles.WMT NASDAQ.NMS/TOP/ALL
2026-04-11 19:25:19,069  ERROR  Error 10089, reqId 201: Les donn\u00e9es de march\u00e9 demand\u00e9es n\u00e9cessitent une souscription suppl\u00e9mentaire pour les connexions API. Pour plus de d\u00e9tails, veuillez consulter le lien de la bo\u00eetre de dialogue \u00ab\u00a0Connexions aux donn\u00e9es de march\u00e9\u00a0\u00bb.Des donn\u00e9es de march\u00e9 en diff\u00e9r\u00e9 sont disponibles.WBD NASDAQ.NMS/TOP/ALL
2026-04-11 19:25:19,089  ERROR  Error 300, reqId 183: Can't find EId with tickerId:183
2026-04-11 19:25:19,090  ERROR  Error 300, reqId 184: Can't find EId with tickerId:184
2026-04-11 19:25:19,091  ERROR  Error 300, reqId 185: Can't find EId with tickerId:185
2026-04-11 19:25:19,091  ERROR  Error 300, reqId 186: Can't find EId with tickerId:186
2026-04-11 19:25:19,091  ERROR  Error 300, reqId 187: Can't find EId with tickerId:187
2026-04-11 19:25:19,190  ERROR  Error 300, reqId 188: Can't find EId with tickerId:188
2026-04-11 19:25:19,191  ERROR  Error 300, reqId 189: Can't find EId with tickerId:189
2026-04-11 19:25:19,192  ERROR  Error 300, reqId 190: Can't find EId with tickerId:190
2026-04-11 19:25:19,192  ERROR  Error 10089, reqId 191: Les donn\u00e9es de march\u00e9 demand\u00e9es n\u00e9cessitent une souscription suppl\u00e9mentaire pour les connexions API. Pour plus de d\u00e9tails, veuillez consulter le lien de la bo\u00eetre de dialogue \u00ab\u00a0Connexions aux donn\u00e9es de march\u00e9\u00a0\u00bb.Des donn\u00e9es de march\u00e9 en diff\u00e9r\u00e9 sont disponibles.TKO NYSE/TOP/ALL
2026-04-11 19:25:19,293  ERROR  Error 300, reqId 191: Can't find EId with tickerId:191
2026-04-11 19:25:19,293  ERROR  Error 300, reqId 192: Can't find EId with tickerId:192
2026-04-11 19:25:19,390  ERROR  Error 300, reqId 193: Can't find EId with tickerId:193
2026-04-11 19:25:19,392  ERROR  Error 10089, reqId 202: Les donn\u00e9es de march\u00e9 demand\u00e9es n\u00e9cessitent une souscription suppl\u00e9mentaire pour les connexions API. Pour plus de d\u00e9tails, veuillez consulter le lien de la bo\u00eetre de dialogue \u00ab\u00a0Connexions aux donn\u00e9es de march\u00e9\u00a0\u00bb.Des donn\u00e9es de march\u00e9 en diff\u00e9r\u00e9 sont disponibles.WTW NASDAQ.NMS/TOP/ALL
2026-04-11 19:25:19,490  ERROR  Error 300, reqId 194: Can't find EId with tickerId:194
2026-04-11 19:25:19,590  ERROR  Error 300, reqId 195: Can't find EId with tickerId:195
2026-04-11 19:25:19,694  ERROR  Error 300, reqId 196: Can't find EId with tickerId:196
2026-04-11 19:25:19,791  ERROR  Error 300, reqId 197: Can't find EId with tickerId:197
2026-04-11 19:25:19,909  ERROR  Error 300, reqId 198: Can't find EId with tickerId:198
2026-04-11 19:25:19,911  ERROR  Error 300, reqId 199: Can't find EId with tickerId:199
2026-04-11 19:25:19,911  ERROR  Error 300, reqId 200: Can't find EId with tickerId:200
2026-04-11 19:25:19,911  ERROR  Error 300, reqId 201: Can't find EId with tickerId:201
2026-04-11 19:25:20,021  ERROR  Error 300, reqId 202: Can't find EId with tickerId:202
2026-04-11 19:25:22,177  ERROR  Error 200, reqId 246: Aucune d\u00e9finition de titre trouv\u00e9e pour cette requ\u00eate, contract: Stock(symbol='CVG', exchange='SMART', currency='USD')
2026-04-11 19:25:22,682  WARNING  Unknown contract: Stock(symbol='CVG', exchange='SMART', currency='USD')
2026-04-11 19:25:23,022  ERROR  Error 10089, reqId 253: Les donn\u00e9es de march\u00e9 demand\u00e9es n\u00e9cessitent une souscription suppl\u00e9mentaire pour les connexions API. Pour plus de d\u00e9tails, veuillez consulter le lien de la bo\u00eetre de dialogue \u00ab\u00a0Connexions aux donn\u00e9es de march\u00e9\u00a0\u00bb.Des donn\u00e9es de march\u00e9 en diff\u00e9r\u00e9 sont disponibles.MOH NYSE/TOP/ALL, contract: Stock(conId=19012089, symbol='MOH', exchange='SMART', primaryExchange='NYSE', currency='USD', localSymbol='MOH', tradingClass='MOH')
2026-04-11 19:25:23,510  ERROR  Error 10089, reqId 254: Les donn\u00e9es de march\u00e9 demand\u00e9es n\u00e9cessitent une souscription suppl\u00e9mentaire pour les connexions API. Pour plus de d\u00e9tails, veuillez consulter le lien de la bo\u00eetre de dialogue \u00ab\u00a0Connexions aux donn\u00e9es de march\u00e9\u00a0\u00bb.Des donn\u00e9es de march\u00e9 en diff\u00e9r\u00e9 sont disponibles.ENPH NASDAQ.NMS/TOP/ALL, contract: Stock(conId=105368327, symbol='ENPH', exchange='SMART', primaryExchange='NASDAQ', currency='USD', localSymbol='ENPH', tradingClass='NMS')
2026-04-11 19:25:23,510  ERROR  Error 10089, reqId 255: Les donn\u00e9es de march\u00e9 demand\u00e9es n\u00e9cessitent une souscription suppl\u00e9mentaire pour les connexions API. Pour plus de d\u00e9tails, veuillez consulter le lien de la bo\u00eetre de dialogue \u00ab\u00a0Connexions aux donn\u00e9es de march\u00e9\u00a0\u00bb.Des donn\u00e9es de march\u00e9 en diff\u00e9r\u00e9 sont disponibles.CZR NASDAQ.NMS/TOP/ALL, contract: Stock(conId=435774408, symbol='CZR', exchange='SMART', primaryExchange='NASDAQ', currency='USD', localSymbol='CZR', tradingClass='NMS')
2026-04-11 19:25:23,522  ERROR  Error 10089, reqId 256: Les donn\u00e9es de march\u00e9 demand\u00e9es n\u00e9cessitent une souscription suppl\u00e9mentaire pour les connexions API. Pour plus de d\u00e9tails, veuillez consulter le lien de la bo\u00eetre de dialogue \u00ab\u00a0Connexions aux donn\u00e9es de march\u00e9\u00a0\u00bb.Des donn\u00e9es de march\u00e9 en diff\u00e9r\u00e9 sont disponibles.BWA NYSE/TOP/ALL, contract: Stock(conId=5336, symbol='BWA', exchange='SMART', primaryExchange='NYSE', currency='USD', localSymbol='BWA', tradingClass='BWA')
2026-04-11 19:25:23,524  ERROR  Error 10089, reqId 257: Les donn\u00e9es de march\u00e9 demand\u00e9es n\u00e9cessitent une souscription suppl\u00e9mentaire pour les connexions API. Pour plus de d\u00e9tails, veuillez consulter le lien de la bo\u00eetre de dialogue \u00ab\u00a0Connexions aux donn\u00e9es de march\u00e9\u00a0\u00bb.Des donn\u00e9es de march\u00e9 en diff\u00e9r\u00e9 sont disponibles.CE NYSE/TOP/ALL, contract: Stock(conId=32943358, symbol='CE', exchange='SMART', primaryExchange='NYSE', currency='USD', localSymbol='CE', tradingClass='CE')
2026-04-11 19:25:23,524  ERROR  Error 10089, reqId 258: Les donn\u00e9es de march\u00e9 demand\u00e9es n\u00e9cessitent une souscription suppl\u00e9mentaire pour les connexions API. Pour plus de d\u00e9tails, veuillez consulter le lien de la bo\u00eetre de dialogue \u00ab\u00a0Connexions aux donn\u00e9es de march\u00e9\u00a0\u00bb.Des donn\u00e9es de march\u00e9 en diff\u00e9r\u00e9 sont disponibles.ZION NASDAQ.NMS/TOP/ALL, contract: Stock(conId=276329, symbol='ZION', exchange='SMART', primaryExchange='NASDAQ', currency='USD', localSymbol='ZION', tradingClass='NMS')
2026-04-11 19:25:23,527  ERROR  Error 10089, reqId 259: Les donn\u00e9es de march\u00e9 demand\u00e9es n\u00e9cessitent une souscription suppl\u00e9mentaire pour les connexions API. Pour plus de d\u00e9tails, veuillez consulter le lien de la bo\u00eetre de dialogue \u00ab\u00a0Connexions aux donn\u00e9es de march\u00e9\u00a0\u00bb.Des donn\u00e9es de march\u00e9 en diff\u00e9r\u00e9 sont disponibles.OGN NYSE/TOP/ALL, contract: Stock(conId=490414355, symbol='OGN', exchange='SMART', primaryExchange='NYSE', currency='USD', localSymbol='OGN', tradingClass='OGN')
2026-04-11 19:25:23,528  ERROR  Error 10089, reqId 260: Les donn\u00e9es de march\u00e9 demand\u00e9es n\u00e9cessitent une souscription suppl\u00e9mentaire pour les connexions API. Pour plus de d\u00e9tails, veuillez consulter le lien de la bo\u00eetre de dialogue \u00ab\u00a0Connexions aux donn\u00e9es de march\u00e9\u00a0\u00bb.Des donn\u00e9es de march\u00e9 en diff\u00e9r\u00e9 sont disponibles.LNC NYSE/TOP/ALL, contract: Stock(conId=9174, symbol='LNC', exchange='SMART', primaryExchange='NYSE', currency='USD', localSymbol='LNC', tradingClass='LNC')
2026-04-11 19:25:23,531  ERROR  Error 10089, reqId 261: Les donn\u00e9es de march\u00e9 demand\u00e9es n\u00e9cessitent une souscription suppl\u00e9mentaire pour les connexions API. Pour plus de d\u00e9tails, veuillez consulter le lien de la bo\u00eetre de dialogue \u00ab\u00a0Connexions aux donn\u00e9es de march\u00e9\u00a0\u00bb.Des donn\u00e9es de march\u00e9 en diff\u00e9r\u00e9 sont disponibles.VNO NYSE/TOP/ALL, contract: Stock(conId=13535, symbol='VNO', exchange='SMART', primaryExchange='NYSE', currency='USD', localSymbol='VNO', tradingClass='VNO')
2026-04-11 19:25:23,533  ERROR  Error 10089, reqId 262: Les donn\u00e9es de march\u00e9 demand\u00e9es n\u00e9cessitent une souscription suppl\u00e9mentaire pour les connexions API. Pour plus de d\u00e9tails, veuillez consulter le lien de la bo\u00eetre de dialogue \u00ab\u00a0Connexions aux donn\u00e9es de march\u00e9\u00a0\u00bb.Des donn\u00e9es de march\u00e9 en diff\u00e9r\u00e9 sont disponibles.PVH NYSE/TOP/ALL, contract: Stock(conId=90794895, symbol='PVH', exchange='SMART', primaryExchange='NYSE', currency='USD', localSymbol='PVH', tradingClass='PVH')
2026-04-11 19:25:24,279  ERROR  Error 10089, reqId 263: Les donn\u00e9es de march\u00e9 demand\u00e9es n\u00e9cessitent une souscription suppl\u00e9mentaire pour les connexions API. Pour plus de d\u00e9tails, veuillez consulter le lien de la bo\u00eetre de dialogue \u00ab\u00a0Connexions aux donn\u00e9es de march\u00e9\u00a0\u00bb.Des donn\u00e9es de march\u00e9 en diff\u00e9r\u00e9 sont disponibles.PENN NASDAQ.NMS/TOP/ALL, contract: Stock(conId=4816415, symbol='PENN', exchange='SMART', primaryExchange='NASDAQ', currency='USD', localSymbol='PENN', tradingClass='NMS')
2026-04-11 19:25:24,281  ERROR  Error 10089, reqId 264: Les donn\u00e9es de march\u00e9 demand\u00e9es n\u00e9cessitent une souscription suppl\u00e9mentaire pour les connexions API. Pour plus de d\u00e9tails, veuillez consulter le lien de la bo\u00eetre de dialogue \u00ab\u00a0Connexions aux donn\u00e9es de march\u00e9\u00a0\u00bb.Des donn\u00e9es de march\u00e9 en diff\u00e9r\u00e9 sont disponibles.UA NYSE/TOP/ALL, contract: Stock(conId=225590118, symbol='UA', exchange='SMART', primaryExchange='NYSE', currency='USD', localSymbol='UA', tradingClass='UA')
2026-04-11 19:25:24,282  ERROR  Error 10089, reqId 265: Les donn\u00e9es de march\u00e9 demand\u00e9es n\u00e9cessitent une souscription suppl\u00e9mentaire pour les connexions API. Pour plus de d\u00e9tails, veuillez consulter le lien de la bo\u00eetre de dialogue \u00ab\u00a0Connexions aux donn\u00e9es de march\u00e9\u00a0\u00bb.Des donn\u00e9es de march\u00e9 en diff\u00e9r\u00e9 sont disponibles.UNM NYSE/TOP/ALL, contract: Stock(conId=13277, symbol='UNM', exchange='SMART', primaryExchange='NYSE', currency='USD', localSymbol='UNM', tradingClass='UNM')
2026-04-11 19:25:24,284  ERROR  Error 10089, reqId 266: Les donn\u00e9es de march\u00e9 demand\u00e9es n\u00e9cessitent une souscription suppl\u00e9mentaire pour les connexions API. Pour plus de d\u00e9tails, veuillez consulter le lien de la bo\u00eetre de dialogue \u00ab\u00a0Connexions aux donn\u00e9es de march\u00e9\u00a0\u00bb.Des donn\u00e9es de march\u00e9 en diff\u00e9r\u00e9 sont disponibles.SLG NYSE/TOP/ALL, contract: Stock(conId=537789289, symbol='SLG', exchange='SMART', primaryExchange='NYSE', currency='USD', localSymbol='SLG', tradingClass='SLG')
2026-04-11 19:25:24,286  ERROR  Error 10089, reqId 267: Les donn\u00e9es de march\u00e9 demand\u00e9es n\u00e9cessitent une souscription suppl\u00e9mentaire pour les connexions API. Pour plus de d\u00e9tails, veuillez consulter le lien de la bo\u00eetre de dialogue \u00ab\u00a0Connexions aux donn\u00e9es de march\u00e9\u00a0\u00bb.Des donn\u00e9es de march\u00e9 en diff\u00e9r\u00e9 sont disponibles.FTI NYSE/TOP/ALL, contract: Stock(conId=262072228, symbol='FTI', exchange='SMART', primaryExchange='NYSE', currency='USD', localSymbol='FTI', tradingClass='FTI')
2026-04-11 19:25:24,286  ERROR  Error 10089, reqId 268: Les donn\u00e9es de march\u00e9 demand\u00e9es n\u00e9cessitent une souscription suppl\u00e9mentaire pour les connexions API. Pour plus de d\u00e9tails, veuillez consulter le lien de la bo\u00eetre de dialogue \u00ab\u00a0Connexions aux donn\u00e9es de march\u00e9\u00a0\u00bb.Des donn\u00e9es de march\u00e9 en diff\u00e9r\u00e9 sont disponibles.COTY NYSE/TOP/ALL, contract: Stock(conId=129131475, symbol='COTY', exchange='SMART', primaryExchange='NYSE', currency='USD', localSymbol='COTY', tradingClass='COTY')
2026-04-11 19:25:24,287  ERROR  Error 10089, reqId 269: Les donn\u00e9es de march\u00e9 demand\u00e9es n\u00e9cessitent une souscription suppl\u00e9mentaire pour les connexions API. Pour plus de d\u00e9tails, veuillez consulter le lien de la bo\u00eetre de dialogue \u00ab\u00a0Connexions aux donn\u00e9es de march\u00e9\u00a0\u00bb.Des donn\u00e9es de march\u00e9 en diff\u00e9r\u00e9 sont disponibles.CPRI NYSE/TOP/ALL, contract: Stock(conId=347409760, symbol='CPRI', exchange='SMART', primaryExchange='NYSE', currency='USD', localSymbol='CPRI', tradingClass='CPRI')
2026-04-11 19:25:24,289  ERROR  Error 10089, reqId 270: Les donn\u00e9es de march\u00e9 demand\u00e9es n\u00e9cessitent une souscription suppl\u00e9mentaire pour les connexions API. Pour plus de d\u00e9tails, veuillez consulter le lien de la bo\u00eetre de dialogue \u00ab\u00a0Connexions aux donn\u00e9es de march\u00e9\u00a0\u00bb.Des donn\u00e9es de march\u00e9 en diff\u00e9r\u00e9 sont disponibles.TRIP NASDAQ.NMS/TOP/ALL, contract: Stock(conId=98542026, symbol='TRIP', exchange='SMART', primaryExchange='NASDAQ', currency='USD', localSymbol='TRIP', tradingClass='NMS')
2026-04-11 19:25:24,289  ERROR  Error 10089, reqId 271: Les donn\u00e9es de march\u00e9 demand\u00e9es n\u00e9cessitent une souscription suppl\u00e9mentaire pour les connexions API. Pour plus de d\u00e9tails, veuillez consulter le lien de la bo\u00eetre de dialogue \u00ab\u00a0Connexions aux donn\u00e9es de march\u00e9\u00a0\u00bb.Des donn\u00e9es de march\u00e9 en diff\u00e9r\u00e9 sont disponibles.MAC NYSE/TOP/ALL, contract: Stock(conId=9322, symbol='MAC', exchange='SMART', primaryExchange='NYSE', currency='USD', localSymbol='MAC', tradingClass='MAC')
2026-04-11 19:25:24,290  ERROR  Error 10089, reqId 273: Les donn\u00e9es de march\u00e9 demand\u00e9es n\u00e9cessitent une souscription suppl\u00e9mentaire pour les connexions API. Pour plus de d\u00e9tails, veuillez consulter le lien de la bo\u00eetre de dialogue \u00ab\u00a0Connexions aux donn\u00e9es de march\u00e9\u00a0\u00bb.Des donn\u00e9es de march\u00e9 en diff\u00e9r\u00e9 sont disponibles.NKTR NASDAQ.SCM/TOP/ALL, contract: Stock(conId=789862827, symbol='NKTR', exchange='SMART', primaryExchange='NASDAQ', currency='USD', localSymbol='NKTR', tradingClass='SCM')
2026-04-11 19:25:24,297  ERROR  Error 10089, reqId 274: Les donn\u00e9es de march\u00e9 demand\u00e9es n\u00e9cessitent une souscription suppl\u00e9mentaire pour les connexions API. Pour plus de d\u00e9tails, veuillez consulter le lien de la bo\u00eetre de dialogue \u00ab\u00a0Connexions aux donn\u00e9es de march\u00e9\u00a0\u00bb.Des donn\u00e9es de march\u00e9 en diff\u00e9r\u00e9 sont disponibles.FLR NYSE/TOP/ALL, contract: Stock(conId=11218575, symbol='FLR', exchange='SMART', primaryExchange='NYSE', currency='USD', localSymbol='FLR', tradingClass='FLR')
2026-04-11 19:25:24,298  ERROR  Error 10089, reqId 276: Les donn\u00e9es de march\u00e9 demand\u00e9es n\u00e9cessitent une souscription suppl\u00e9mentaire pour les connexions API. Pour plus de d\u00e9tails, veuillez consulter le lien de la bo\u00eetre de dialogue \u00ab\u00a0Connexions aux donn\u00e9es de march\u00e9\u00a0\u00bb.Des donn\u00e9es de march\u00e9 en diff\u00e9r\u00e9 sont disponibles.SIG NYSE/TOP/ALL, contract: Stock(conId=53747825, symbol='SIG', exchange='SMART', primaryExchange='NYSE', currency='USD', localSymbol='SIG', tradingClass='SIG')
2026-04-11 19:25:24,302  ERROR  Error 10089, reqId 277: Les donn\u00e9es de march\u00e9 demand\u00e9es n\u00e9cessitent une souscription suppl\u00e9mentaire pour les connexions API. Pour plus de d\u00e9tails, veuillez consulter le lien de la bo\u00eetre de dialogue \u00ab\u00a0Connexions aux donn\u00e9es de march\u00e9\u00a0\u00bb.Des donn\u00e9es de march\u00e9 en diff\u00e9r\u00e9 sont disponibles.RIG NYSE/TOP/ALL, contract: Stock(conId=56505491, symbol='RIG', exchange='SMART', primaryExchange='NYSE', currency='USD', localSymbol='RIG', tradingClass='RIG')
2026-04-11 19:25:24,304  ERROR  Error 10089, reqId 278: Les donn\u00e9es de march\u00e9 demand\u00e9es n\u00e9cessitent une souscription suppl\u00e9mentaire pour les connexions API. Pour plus de d\u00e9tails, veuillez consulter le lien de la bo\u00eetre de dialogue \u00ab\u00a0Connexions aux donn\u00e9es de march\u00e9\u00a0\u00bb.Des donn\u00e9es de march\u00e9 en diff\u00e9r\u00e9 sont disponibles.BBBY NYSE/TOP/ALL, contract: Stock(conId=15130059, symbol='BBBY', exchange='SMART', primaryExchange='NYSE', currency='USD', localSymbol='BBBY', tradingClass='BBBY')
2026-04-11 19:25:24,306  ERROR  Error 10089, reqId 279: Les donn\u00e9es de march\u00e9 demand\u00e9es n\u00e9cessitent une souscription suppl\u00e9mentaire pour les connexions API. Pour plus de d\u00e9tails, veuillez consulter le lien de la bo\u00eetre de dialogue \u00ab\u00a0Connexions aux donn\u00e9es de march\u00e9\u00a0\u00bb.Des donn\u00e9es de march\u00e9 en diff\u00e9r\u00e9 sont disponibles.PBI NYSE/TOP/ALL, contract: Stock(conId=10920, symbol='PBI', exchange='SMART', primaryExchange='NYSE', currency='USD', localSymbol='PBI', tradingClass='PBI')
2026-04-11 19:25:24,309  ERROR  Error 10089, reqId 280: Les donn\u00e9es de march\u00e9 demand\u00e9es n\u00e9cessitent une souscription suppl\u00e9mentaire pour les connexions API. Pour plus de d\u00e9tails, veuillez consulter le lien de la bo\u00eetre de dialogue \u00ab\u00a0Connexions aux donn\u00e9es de march\u00e9\u00a0\u00bb.Des donn\u00e9es de march\u00e9 en diff\u00e9r\u00e9 sont disponibles.SE NYSE/TOP/ALL, contract: Stock(conId=292735472, symbol='SE', exchange='SMART', primaryExchange='NYSE', currency='USD', localSymbol='SE', tradingClass='SE')
2026-04-11 19:25:24,309  ERROR  Error 10089, reqId 281: Les donn\u00e9es de march\u00e9 demand\u00e9es n\u00e9cessitent une souscription suppl\u00e9mentaire pour les connexions API. Pour plus de d\u00e9tails, veuillez consulter le lien de la bo\u00eetre de dialogue \u00ab\u00a0Connexions aux donn\u00e9es de march\u00e9\u00a0\u00bb.Des donn\u00e9es de march\u00e9 en diff\u00e9r\u00e9 sont disponibles.TE NYSE/TOP/ALL, contract: Stock(conId=674590140, symbol='TE', exchange='SMART', primaryExchange='NYSE', currency='USD', localSymbol='TE', tradingClass='TE')
2026-04-11 19:25:24,313  ERROR  Error 10089, reqId 282: Les donn\u00e9es de march\u00e9 demand\u00e9es n\u00e9cessitent une souscription suppl\u00e9mentaire pour les connexions API. Pour plus de d\u00e9tails, veuillez consulter le lien de la bo\u00eetre de dialogue \u00ab\u00a0Connexions aux donn\u00e9es de march\u00e9\u00a0\u00bb.Des donn\u00e9es de march\u00e9 en diff\u00e9r\u00e9 sont disponibles.ADT NYSE/TOP/ALL, contract: Stock(conId=302902498, symbol='ADT', exchange='SMART', primaryExchange='NYSE', currency='USD', localSymbol='ADT', tradingClass='ADT')
2026-04-11 19:25:24,400  ERROR  Error 10089, reqId 272: Les donn\u00e9es de march\u00e9 demand\u00e9es n\u00e9cessitent une souscription suppl\u00e9mentaire pour les connexions API. Pour plus de d\u00e9tails, veuillez consulter le lien de la bo\u00eetre de dialogue \u00ab\u00a0Connexions aux donn\u00e9es de march\u00e9\u00a0\u00bb.Des donn\u00e9es de march\u00e9 en diff\u00e9r\u00e9 sont disponibles.STI NASDAQ.SCM/TOP/ALL, contract: Stock(conId=782964354, symbol='STI', exchange='SMART', primaryExchange='NASDAQ', currency='USD', localSymbol='STI', tradingClass='SCM')
2026-04-11 19:25:24,406  ERROR  Error 10089, reqId 275: Les donn\u00e9es de march\u00e9 demand\u00e9es n\u00e9cessitent une souscription suppl\u00e9mentaire pour les connexions API. Pour plus de d\u00e9tails, veuillez consulter le lien de la bo\u00eetre de dialogue \u00ab\u00a0Connexions aux donn\u00e9es de march\u00e9\u00a0\u00bb.Des donn\u00e9es de march\u00e9 en diff\u00e9r\u00e9 sont disponibles.BHF NASDAQ.NMS/TOP/ALL, contract: Stock(conId=282563276, symbol='BHF', exchange='SMART', primaryExchange='NASDAQ', currency='USD', localSymbol='BHF', tradingClass='NMS')
2026-04-11 19:25:24,537  ERROR  Error 10089, reqId 283: Les donn\u00e9es de march\u00e9 demand\u00e9es n\u00e9cessitent une souscription suppl\u00e9mentaire pour les connexions API. Pour plus de d\u00e9tails, veuillez consulter le lien de la bo\u00eetre de dialogue \u00ab\u00a0Connexions aux donn\u00e9es de march\u00e9\u00a0\u00bb.Des donn\u00e9es de march\u00e9 en diff\u00e9r\u00e9 sont disponibles.GME NYSE/TOP/ALL, contract: Stock(conId=36285627, symbol='GME', exchange='SMART', primaryExchange='NYSE', currency='USD', localSymbol='GME', tradingClass='GME')
2026-04-11 19:25:24,537  ERROR  Error 10089, reqId 284: Les donn\u00e9es de march\u00e9 demand\u00e9es n\u00e9cessitent une souscription suppl\u00e9mentaire pour les connexions API. Pour plus de d\u00e9tails, veuillez consulter le lien de la bo\u00eetre de dialogue \u00ab\u00a0Connexions aux donn\u00e9es de march\u00e9\u00a0\u00bb.Des donn\u00e9es de march\u00e9 en diff\u00e9r\u00e9 sont disponibles.THC NYSE/TOP/ALL, contract: Stock(conId=114929760, symbol='THC', exchange='SMART', primaryExchange='NYSE', currency='USD', localSymbol='THC', tradingClass='THC')
2026-04-11 19:25:24,549  ERROR  Error 10089, reqId 285: Les donn\u00e9es de march\u00e9 demand\u00e9es n\u00e9cessitent une souscription suppl\u00e9mentaire pour les connexions API. Pour plus de d\u00e9tails, veuillez consulter le lien de la bo\u00eetre de dialogue \u00ab\u00a0Connexions aux donn\u00e9es de march\u00e9\u00a0\u00bb.Des donn\u00e9es de march\u00e9 en diff\u00e9r\u00e9 sont disponibles.NE NYSE/TOP/ALL, contract: Stock(conId=587257548, symbol='NE', exchange='SMART', primaryExchange='NYSE', currency='USD', localSymbol='NE', tradingClass='NE')
2026-04-11 19:25:24,549  ERROR  Error 10089, reqId 286: Les donn\u00e9es de march\u00e9 demand\u00e9es n\u00e9cessitent une souscription suppl\u00e9mentaire pour les connexions API. Pour plus de d\u00e9tails, veuillez consulter le lien de la bo\u00eetre de dialogue \u00ab\u00a0Connexions aux donn\u00e9es de march\u00e9\u00a0\u00bb.Des donn\u00e9es de march\u00e9 en diff\u00e9r\u00e9 sont disponibles.NBR NYSE/TOP/ALL, contract: Stock(conId=417915989, symbol='NBR', exchange='SMART', primaryExchange='NYSE', currency='USD', localSymbol='NBR', tradingClass='NBR')
2026-04-11 19:25:24,550  ERROR  Error 10089, reqId 287: Les donn\u00e9es de march\u00e9 demand\u00e9es n\u00e9cessitent une souscription suppl\u00e9mentaire pour les connexions API. Pour plus de d\u00e9tails, veuillez consulter le lien de la bo\u00eetre de dialogue \u00ab\u00a0Connexions aux donn\u00e9es de march\u00e9\u00a0\u00bb.Des donn\u00e9es de march\u00e9 en diff\u00e9r\u00e9 sont disponibles.BEAM NASDAQ.NMS/TOP/ALL, contract: Stock(conId=402800754, symbol='BEAM', exchange='SMART', primaryExchange='NASDAQ', currency='USD', localSymbol='BEAM', tradingClass='NMS')
2026-04-11 19:25:24,550  ERROR  Error 10089, reqId 288: Les donn\u00e9es de march\u00e9 demand\u00e9es n\u00e9cessitent une souscription suppl\u00e9mentaire pour les connexions API. Pour plus de d\u00e9tails, veuillez consulter le lien de la bo\u00eetre de dialogue \u00ab\u00a0Connexions aux donn\u00e9es de march\u00e9\u00a0\u00bb.Des donn\u00e9es de march\u00e9 en diff\u00e9r\u00e9 sont disponibles.ANF NYSE/TOP/ALL, contract: Stock(conId=2585399, symbol='ANF', exchange='SMART', primaryExchange='NYSE', currency='USD', localSymbol='ANF', tradingClass='ANF')
2026-04-11 19:25:24,550  ERROR  Error 10089, reqId 289: Les donn\u00e9es de march\u00e9 demand\u00e9es n\u00e9cessitent une souscription suppl\u00e9mentaire pour les connexions API. Pour plus de d\u00e9tails, veuillez consulter le lien de la bo\u00eetre de dialogue \u00ab\u00a0Connexions aux donn\u00e9es de march\u00e9\u00a0\u00bb.Des donn\u00e9es de march\u00e9 en diff\u00e9r\u00e9 sont disponibles.S NYSE/TOP/ALL, contract: Stock(conId=499640681, symbol='S', exchange='SMART', primaryExchange='NYSE', currency='USD', localSymbol='S', tradingClass='S')
2026-04-11 19:25:24,554  ERROR  Error 10089, reqId 290: Les donn\u00e9es de march\u00e9 demand\u00e9es n\u00e9cessitent une souscription suppl\u00e9mentaire pour les connexions API. Pour plus de d\u00e9tails, veuillez consulter le lien de la bo\u00eetre de dialogue \u00ab\u00a0Connexions aux donn\u00e9es de march\u00e9\u00a0\u00bb.Des donn\u00e9es de march\u00e9 en diff\u00e9r\u00e9 sont disponibles.DV NYSE/TOP/ALL, contract: Stock(conId=483311209, symbol='DV', exchange='SMART', primaryExchange='NYSE', currency='USD', localSymbol='DV', tradingClass='DV')
2026-04-11 19:25:24,555  ERROR  Error 10089, reqId 291: Les donn\u00e9es de march\u00e9 demand\u00e9es n\u00e9cessitent une souscription suppl\u00e9mentaire pour les connexions API. Pour plus de d\u00e9tails, veuillez consulter le lien de la bo\u00eetre de dialogue \u00ab\u00a0Connexions aux donn\u00e9es de march\u00e9\u00a0\u00bb.Des donn\u00e9es de march\u00e9 en diff\u00e9r\u00e9 sont disponibles.SLE NASDAQ.SCM/TOP/ALL, contract: Stock(conId=848231171, symbol='SLE', exchange='SMART', primaryExchange='NASDAQ', currency='USD', localSymbol='SLE', tradingClass='SCM')
2026-04-11 19:25:24,558  ERROR  Error 10089, reqId 294: Les donn\u00e9es de march\u00e9 demand\u00e9es n\u00e9cessitent une souscription suppl\u00e9mentaire pour les connexions API. Pour plus de d\u00e9tails, veuillez consulter le lien de la bo\u00eetre de dialogue \u00ab\u00a0Connexions aux donn\u00e9es de march\u00e9\u00a0\u00bb.Des donn\u00e9es de march\u00e9 en diff\u00e9r\u00e9 sont disponibles.DYN NASDAQ.NMS/TOP/ALL, contract: Stock(conId=445554142, symbol='DYN', exchange='SMART', primaryExchange='NASDAQ', currency='USD', localSymbol='DYN', tradingClass='NMS')
2026-04-11 19:25:24,559  ERROR  Error 10089, reqId 295: Les donn\u00e9es de march\u00e9 demand\u00e9es n\u00e9cessitent une souscription suppl\u00e9mentaire pour les connexions API. Pour plus de d\u00e9tails, veuillez consulter le lien de la bo\u00eetre de dialogue \u00ab\u00a0Connexions aux donn\u00e9es de march\u00e9\u00a0\u00bb.Des donn\u00e9es de march\u00e9 en diff\u00e9r\u00e9 sont disponibles.KBH NYSE/TOP/ALL, contract: Stock(conId=8772, symbol='KBH', exchange='SMART', primaryExchange='NYSE', currency='USD', localSymbol='KBH', tradingClass='KBH')
2026-04-11 19:25:24,560  ERROR  Error 10089, reqId 297: Les donn\u00e9es de march\u00e9 demand\u00e9es n\u00e9cessitent une souscription suppl\u00e9mentaire pour les connexions API. Pour plus de d\u00e9tails, veuillez consulter le lien de la bo\u00eetre de dialogue \u00ab\u00a0Connexions aux donn\u00e9es de march\u00e9\u00a0\u00bb.Des donn\u00e9es de march\u00e9 en diff\u00e9r\u00e9 sont disponibles.WB NASDAQ.NMS/TOP/ALL, contract: Stock(conId=148782724, symbol='WB', exchange='SMART', primaryExchange='NASDAQ', currency='USD', localSymbol='WB', tradingClass='NMS')
2026-04-11 19:25:24,566  ERROR  Error 10089, reqId 298: Les donn\u00e9es de march\u00e9 demand\u00e9es n\u00e9cessitent une souscription suppl\u00e9mentaire pour les connexions API. Pour plus de d\u00e9tails, veuillez consulter le lien de la bo\u00eetre de dialogue \u00ab\u00a0Connexions aux donn\u00e9es de march\u00e9\u00a0\u00bb.Des donn\u00e9es de march\u00e9 en diff\u00e9r\u00e9 sont disponibles.BC NYSE/TOP/ALL, contract: Stock(conId=4820, symbol='BC', exchange='SMART', primaryExchange='NYSE', currency='USD', localSymbol='BC', tradingClass='BC')
2026-04-11 19:25:24,566  ERROR  Error 10089, reqId 293: Les donn\u00e9es de march\u00e9 demand\u00e9es n\u00e9cessitent une souscription suppl\u00e9mentaire pour les connexions API. Pour plus de d\u00e9tails, veuillez consulter le lien de la bo\u00eetre de dialogue \u00ab\u00a0Connexions aux donn\u00e9es de march\u00e9\u00a0\u00bb.Des donn\u00e9es de march\u00e9 en diff\u00e9r\u00e9 sont disponibles.MI AMEX/TOP/ALL, contract: Stock(conId=694721776, symbol='MI', exchange='SMART', primaryExchange='AMEX', currency='USD', localSymbol='MI', tradingClass='MI')
2026-04-11 19:25:24,568  ERROR  Error 10089, reqId 296: Les donn\u00e9es de march\u00e9 demand\u00e9es n\u00e9cessitent une souscription suppl\u00e9mentaire pour les connexions API. Pour plus de d\u00e9tails, veuillez consulter le lien de la bo\u00eetre de dialogue \u00ab\u00a0Connexions aux donn\u00e9es de march\u00e9\u00a0\u00bb.Des donn\u00e9es de march\u00e9 en diff\u00e9r\u00e9 sont disponibles.MBI NYSE/TOP/ALL, contract: Stock(conId=9388, symbol='MBI', exchange='SMART', primaryExchange='NYSE', currency='USD', localSymbol='MBI', tradingClass='MBI')
2026-04-11 19:25:24,570  ERROR  Error 10089, reqId 292: Les donn\u00e9es de march\u00e9 demand\u00e9es n\u00e9cessitent une souscription suppl\u00e9mentaire pour les connexions API. Pour plus de d\u00e9tails, veuillez consulter le lien de la bo\u00eetre de dialogue \u00ab\u00a0Connexions aux donn\u00e9es de march\u00e9\u00a0\u00bb.Des donn\u00e9es de march\u00e9 en diff\u00e9r\u00e9 sont disponibles.MMI NYSE/TOP/ALL, contract: Stock(conId=137498854, symbol='MMI', exchange='SMART', primaryExchange='NYSE', currency='USD', localSymbol='MMI', tradingClass='MMI')
2026-04-11 19:27:06,637  INFO  Strategy modules loaded OK
2026-04-11 19:27:06,641  INFO  ============================================================
2026-04-11 19:27:06,641  INFO   IBKR Paper Trading Executor
2026-04-11 19:27:06,641  INFO   Mode: DRY RUN
2026-04-11 19:27:06,641  INFO   Capital: $100,000
2026-04-11 19:27:06,641  INFO  ============================================================
2026-04-11 19:27:06,641  INFO  Loading prices from data/prices_pit.csv...
2026-04-11 19:27:06,958  INFO  Prices loaded: 624 tickers × 400 days
2026-04-11 19:27:07,028  INFO  Computing factors...
2026-04-11 19:27:09,156  INFO  Generating signals...
2026-04-11 19:27:34,993  INFO  Using signal from 2023-12-22
2026-04-11 19:27:35,061  INFO  Target: 75 long, 75 short
2026-04-11 19:27:36,396  ERROR  Error 200, reqId 12: Aucune d\u00e9finition de titre trouv\u00e9e pour cette requ\u00eate, contract: Stock(symbol='BF-B', exchange='SMART', currency='USD')
2026-04-11 19:27:36,397  WARNING  Unknown contract: Stock(symbol='BF-B', exchange='SMART', currency='USD')
2026-04-11 19:27:46,922  ERROR  Error 200, reqId 124: Aucune d\u00e9finition de titre trouv\u00e9e pour cette requ\u00eate, contract: Stock(symbol='CVG', exchange='SMART', currency='USD')
2026-04-11 19:27:46,922  WARNING  Unknown contract: Stock(symbol='CVG', exchange='SMART', currency='USD')
2026-04-11 19:28:37,879  INFO  Strategy modules loaded OK
2026-04-11 19:28:37,883  INFO  ============================================================
2026-04-11 19:28:37,905  INFO   IBKR Paper Trading Executor
2026-04-11 19:28:37,906  INFO   Mode: DRY RUN
2026-04-11 19:28:37,906  INFO   Capital: $100,000
2026-04-11 19:28:37,906  INFO  ============================================================
2026-04-11 19:28:37,906  INFO  Loading prices from data/prices_pit.csv...
2026-04-11 19:28:38,283  INFO  Prices loaded: 624 tickers × 400 days
2026-04-11 19:28:38,372  INFO  Computing factors...
2026-04-11 19:28:40,798  INFO  Generating signals...
2026-04-11 19:29:02,878  INFO  Using signal from 2023-12-22
2026-04-11 19:29:02,950  INFO  Target: 75 long, 75 short
2026-04-11 19:29:04,232  ERROR  Error 200, reqId 12: Aucune d\u00e9finition de titre trouv\u00e9e pour cette requ\u00eate, contract: Stock(symbol='BF-B', exchange='SMART', currency='USD')
2026-04-11 19:29:04,232  WARNING  Unknown contract: Stock(symbol='BF-B', exchange='SMART', currency='USD')
2026-04-11 19:29:14,002  ERROR  Error 200, reqId 124: Aucune d\u00e9finition de titre trouv\u00e9e pour cette requ\u00eate, contract: Stock(symbol='CVG', exchange='SMART', currency='USD')
2026-04-11 19:29:14,003  WARNING  Unknown contract: Stock(symbol='CVG', exchange='SMART', currency='USD')
2026-04-11 19:31:10,169  INFO  Strategy modules loaded OK
2026-04-11 19:31:10,169  INFO  ============================================================
2026-04-11 19:31:10,169  INFO   IBKR Paper Trading Executor
2026-04-11 19:31:10,169  INFO   Mode: DRY RUN
2026-04-11 19:31:10,169  INFO   Capital: $100,000
2026-04-11 19:31:10,169  INFO  ============================================================
2026-04-11 19:31:10,169  INFO  Loading prices from data/prices_pit.csv...
2026-04-11 19:31:10,464  INFO  Prices loaded: 624 tickers × 400 days
2026-04-11 19:31:10,545  INFO  Computing factors...
2026-04-11 19:31:12,314  INFO  Generating signals...
2026-04-11 19:31:36,722  INFO  Using signal from 2023-12-22
2026-04-11 19:31:36,808  INFO  Target: 75 long, 75 short
2026-04-11 19:31:38,212  ERROR  Error 200, reqId 12: Aucune d\u00e9finition de titre trouv\u00e9e pour cette requ\u00eate, contract: Stock(symbol='BF-B', exchange='SMART', currency='USD')
2026-04-11 19:31:38,214  WARNING  Unknown contract: Stock(symbol='BF-B', exchange='SMART', currency='USD')
2026-04-11 19:31:48,363  ERROR  Error 200, reqId 124: Aucune d\u00e9finition de titre trouv\u00e9e pour cette requ\u00eate, contract: Stock(symbol='CVG', exchange='SMART', currency='USD')
2026-04-11 19:31:48,363  WARNING  Unknown contract: Stock(symbol='CVG', exchange='SMART', currency='USD')
2026-04-11 19:33:05,926  INFO  Strategy modules loaded OK
2026-04-11 19:33:05,928  INFO  ============================================================
2026-04-11 19:33:05,928  INFO   IBKR Paper Trading Executor
2026-04-11 19:33:05,929  INFO   Mode: DRY RUN
2026-04-11 19:33:05,929  INFO   Capital: $100,000
2026-04-11 19:33:05,929  INFO  ============================================================
2026-04-11 19:33:05,930  INFO  Loading prices from data/prices_pit.csv...
2026-04-11 19:33:06,362  INFO  Prices loaded: 624 tickers × 400 days
2026-04-11 19:33:06,456  INFO  Computing factors...
2026-04-11 19:33:09,542  INFO  Generating signals...
2026-04-11 19:33:34,996  INFO  Using signal from 2023-12-22
2026-04-11 19:33:35,058  INFO  Target: 75 long, 75 short
2026-04-11 19:33:35,059  INFO  Weights generated: 150 positions
2026-04-11 19:33:35,059  INFO  Step: connecting to IBKR...
2026-04-11 19:38:45,454  INFO  Strategy modules loaded OK
2026-04-11 19:38:45,462  INFO  ============================================================
2026-04-11 19:38:45,462  INFO   IBKR Paper Trading Executor
2026-04-11 19:38:45,462  INFO   Mode: DRY RUN
2026-04-11 19:38:45,462  INFO   Capital: $100,000
2026-04-11 19:38:45,462  INFO  ============================================================
2026-04-11 19:38:45,462  INFO  Loading prices from data/prices_pit.csv...
2026-04-11 19:38:45,852  INFO  Prices loaded: 624 tickers × 400 days
2026-04-11 19:38:45,966  INFO  Computing factors...
2026-04-11 19:38:48,518  INFO  Generating signals...
2026-04-11 19:39:11,554  INFO  Using signal from 2023-12-22
2026-04-11 19:39:11,616  INFO  Target: 75 long, 75 short
2026-04-11 19:39:11,618  INFO  Weights generated: 150 positions
2026-04-11 19:39:11,618  INFO  Step: connecting to IBKR...
2026-04-11 19:40:15,128  INFO  Strategy modules loaded OK
2026-04-11 19:40:15,128  INFO  ============================================================
2026-04-11 19:40:15,128  INFO   IBKR Paper Trading Executor
2026-04-11 19:40:15,128  INFO   Mode: DRY RUN
2026-04-11 19:40:15,128  INFO   Capital: $100,000
2026-04-11 19:40:15,128  INFO  ============================================================
2026-04-11 19:40:15,142  INFO  Loading prices from data/prices_pit.csv...
2026-04-11 19:40:15,427  INFO  Prices loaded: 624 tickers × 400 days
2026-04-11 19:40:15,496  INFO  Computing factors...
2026-04-11 19:40:17,899  INFO  Generating signals...
2026-04-11 19:40:44,890  INFO  Using signal from 2023-12-22
2026-04-11 19:40:44,948  INFO  Target: 75 long, 75 short
2026-04-11 19:40:44,954  INFO  Weights generated: 150 positions
2026-04-11 19:40:44,954  INFO  Step: connecting to IBKR...
2026-04-11 19:42:59,867  INFO  Strategy modules loaded OK
2026-04-11 19:42:59,870  INFO  ============================================================
2026-04-11 19:42:59,872  INFO   IBKR Paper Trading Executor
2026-04-11 19:42:59,872  INFO   Mode: DRY RUN
2026-04-11 19:42:59,872  INFO   Capital: $100,000
2026-04-11 19:42:59,872  INFO  ============================================================
2026-04-11 19:42:59,872  INFO  Loading prices from data/prices_pit.csv...
2026-04-11 19:43:00,223  INFO  Prices loaded: 624 tickers × 400 days
2026-04-11 19:43:00,318  INFO  Computing factors...
2026-04-11 19:43:03,485  INFO  Generating signals...
2026-04-11 19:43:36,669  INFO  Using signal from 2023-12-22
2026-04-11 19:43:36,749  INFO  Target: 75 long, 75 short
2026-04-11 19:43:36,755  INFO  Weights generated: 150 positions
2026-04-11 19:43:36,755  INFO  Step: connecting to IBKR...
2026-04-11 19:45:06,075  INFO  Strategy modules loaded OK
2026-04-11 19:45:06,080  INFO  ============================================================
2026-04-11 19:45:06,080  INFO   IBKR Paper Trading Executor
2026-04-11 19:45:06,080  INFO   Mode: DRY RUN
2026-04-11 19:45:06,080  INFO   Capital: $100,000
2026-04-11 19:45:06,080  INFO  ============================================================
2026-04-11 19:45:06,080  INFO  Loading prices from data/prices_pit.csv...
2026-04-11 19:45:06,439  INFO  Prices loaded: 624 tickers × 400 days
2026-04-11 19:45:06,551  INFO  Computing factors...
2026-04-11 19:45:09,953  INFO  Generating signals...
2026-04-11 19:45:35,940  INFO  Using signal from 2023-12-22
2026-04-11 19:45:36,001  INFO  Target: 75 long, 75 short
2026-04-11 19:45:36,008  INFO  Weights generated: 150 positions
2026-04-11 19:45:36,008  INFO  Step: connecting to IBKR...
2026-04-11 19:48:37,942  INFO  Strategy modules loaded OK
2026-04-11 19:48:37,983  INFO  ============================================================
2026-04-11 19:48:37,983  INFO   IBKR Paper Trading Executor
2026-04-11 19:48:37,983  INFO   Mode: DRY RUN
2026-04-11 19:48:37,983  INFO   Capital: $100,000
2026-04-11 19:48:37,983  INFO  ============================================================
2026-04-11 19:48:37,983  INFO  Loading prices from data/prices_pit.csv...
2026-04-11 19:48:38,356  INFO  Prices loaded: 624 tickers × 400 days
2026-04-11 19:48:38,452  INFO  Computing factors...
2026-04-11 19:48:41,233  INFO  Generating signals...
2026-04-11 19:49:06,482  INFO  Using signal from 2023-12-22
2026-04-11 19:49:06,543  INFO  Target: 75 long, 75 short
2026-04-11 19:49:06,550  INFO  Weights generated: 150 positions
2026-04-11 19:49:06,551  INFO  Step: connecting to IBKR...
2026-04-11 19:50:28,192  INFO  Strategy modules loaded OK
2026-04-11 19:50:28,192  INFO  ============================================================
2026-04-11 19:50:28,192  INFO   IBKR Paper Trading Executor
2026-04-11 19:50:28,197  INFO   Mode: DRY RUN
2026-04-11 19:50:28,197  INFO   Capital: $100,000
2026-04-11 19:50:28,197  INFO  ============================================================
2026-04-11 19:50:28,198  INFO  Loading prices from data/prices_pit.csv...
2026-04-11 19:50:28,710  INFO  Prices loaded: 624 tickers × 400 days
2026-04-11 19:50:28,794  INFO  Computing factors...
2026-04-11 19:50:31,712  INFO  Generating signals...
2026-04-11 19:51:01,845  INFO  Using signal from 2023-12-22
2026-04-11 19:51:01,919  INFO  Target: 75 long, 75 short
2026-04-11 19:51:01,925  INFO  Weights generated: 150 positions
2026-04-11 19:51:01,925  INFO  Step: connecting to IBKR...
2026-04-11 19:53:04,187  INFO  ============================================================
2026-04-11 19:53:04,187  INFO   IBKR Paper Trading Executor
2026-04-11 19:53:04,187  INFO   Mode: DRY RUN
2026-04-11 19:53:04,187  INFO   Capital: $100,000
2026-04-11 19:53:04,187  INFO  ============================================================
2026-04-11 19:53:06,477  INFO  [1/2] Loading prices...
2026-04-11 19:53:06,978  INFO        624 tickers x 400 days
2026-04-11 19:53:06,978  INFO  [1/2] Computing factors & signals...
2026-04-11 19:53:37,909  INFO        Signal date: 2023-12-22
2026-04-11 19:53:37,986  INFO        75 long, 75 short
2026-04-11 19:53:38,029  INFO        143 orders saved to outputs\paper_trading\orders_pending.json
2026-04-11 19:53:38,035  INFO  [2/2] [DRY RUN] Executing 143 orders
2026-04-11 19:53:38,035  INFO        Signal: 2023-12-22  |  75L / 75S
2026-04-11 19:53:38,035  INFO  
  Action    Qty Ticker      Price   Weight     $Value
2026-04-11 19:53:38,052  INFO    BUY         5 ARE      $ 126.77  +0.0066 $      664
2026-04-11 19:53:38,052  INFO    SELL        5 AEE      $  72.34  -0.0043 $     -428
2026-04-11 19:53:38,052  INFO    SELL        2 AON      $ 291.02  -0.0074 $     -739
2026-04-11 19:53:38,052  INFO    SELL       28 APA      $  35.88  -0.0101 $    -1009
2026-04-11 19:53:38,052  INFO    SELL        3 ACGL     $  74.27  -0.0029 $     -292
2026-04-11 19:53:38,052  INFO    SELL       13 ADM      $  72.22  -0.0101 $    -1009
2026-04-11 19:53:38,052  INFO    SELL        1 AJG      $ 224.88  -0.0039 $     -389
2026-04-11 19:53:38,052  INFO    SELL       60 T        $  16.78  -0.0101 $    -1009
2026-04-11 19:53:38,052  INFO    BUY         2 AXON     $ 258.33  +0.0066 $      660
2026-04-11 19:53:38,056  INFO    BUY         5 BX       $ 130.92  +0.0067 $      669
2026-04-11 19:53:38,056  INFO    BUY         9 XYZ      $  77.35  +0.0070 $      702
2026-04-11 19:53:38,056  INFO    SELL       14 BRO      $  71.11  -0.0101 $    -1009
2026-04-11 19:53:38,056  INFO    SELL       17 BF-B     $  57.10  -0.0101 $    -1009
2026-04-11 19:53:38,056  INFO    BUY         4 BLDR     $ 166.94  +0.0070 $      700
2026-04-11 19:53:38,057  INFO    SELL        9 BG       $ 100.95  -0.0101 $    -1009
2026-04-11 19:53:38,057  INFO    BUY         9 BXP      $  70.17  +0.0065 $      647
2026-04-11 19:53:38,057  INFO    SELL        7 CPB      $  43.23  -0.0031 $     -311
2026-04-11 19:53:38,057  INFO    BUY        37 CCL      $  18.54  +0.0070 $      698
2026-04-11 19:53:38,057  INFO    BUY        12 CVNA     $  52.94  +0.0069 $      686
2026-04-11 19:53:38,057  INFO    SELL        5 CBOE     $ 178.56  -0.0101 $    -1009
2026-04-11 19:53:38,057  INFO    SELL       12 CNC      $  74.21  -0.0091 $     -914
2026-04-11 19:53:38,057  INFO    SELL       10 CF       $  79.50  -0.0082 $     -816
2026-04-11 19:53:38,060  INFO    BUY         2 CRL      $ 236.40  +0.0063 $      629
2026-04-11 19:53:38,060  INFO    SELL        3 CHD      $  94.56  -0.0035 $     -350
2026-04-11 19:53:38,060  INFO    BUY        20 CFG      $  33.14  +0.0068 $      680
2026-04-11 19:53:38,060  INFO    SELL        3 CME      $ 210.60  -0.0076 $     -758
2026-04-11 19:53:38,060  INFO    BUY        15 COHR     $  43.53  +0.0069 $      694
2026-04-11 19:53:38,060  INFO    BUY         3 COIN     $ 173.92  +0.0067 $      672
2026-04-11 19:53:38,060  INFO    SELL       10 CL       $  79.71  -0.0084 $     -836
2026-04-11 19:53:38,060  INFO    BUY         2 CRWD     $ 255.32  +0.0065 $      646
2026-04-11 19:53:38,060  INFO    BUY         5 DDOG     $ 121.38  +0.0066 $      662
2026-04-11 19:53:38,060  INFO    BUY         7 DASH     $  98.89  +0.0071 $      706
2026-04-11 19:53:38,060  INFO    BUY         4 DHI      $ 151.98  +0.0068 $      681
2026-04-11 19:53:38,063  INFO    BUY         2 EPAM     $ 297.34  +0.0066 $      658
2026-04-11 19:53:38,063  INFO    BUY         2 EFX      $ 247.29  +0.0066 $      661
2026-04-11 19:53:38,063  INFO    SELL        7 EXC      $  35.90  -0.0027 $     -272
2026-04-11 19:53:38,063  INFO    BUY         4 EXPE     $ 151.79  +0.0070 $      704
2026-04-11 19:53:38,063  INFO    BUY         3 EXR      $ 160.33  +0.0063 $      635
2026-04-11 19:53:38,063  INFO    SELL        6 XOM      $  99.98  -0.0070 $     -700
2026-04-11 19:53:38,065  INFO    BUY        18 FITB     $  34.49  +0.0065 $      652
2026-04-11 19:53:38,065  INFO    SELL       17 FTNT     $  58.53  -0.0101 $    -1009
2026-04-11 19:53:38,065  INFO    BUY         5 GNRC     $ 129.24  +0.0069 $      692
2026-04-11 19:53:38,065  INFO    SELL        6 GIS      $  65.14  -0.0045 $     -447
2026-04-11 19:53:38,065  INFO    BUY         6 GDDY     $ 106.16  +0.0065 $      654
2026-04-11 19:53:38,067  INFO    SELL       24 HAL      $  36.15  -0.0087 $     -875
2026-04-11 19:53:38,067  INFO    SELL        5 HSY      $ 186.44  -0.0101 $    -1009
2026-04-11 19:53:38,068  INFO    SELL       24 HRL      $  32.11  -0.0080 $     -797
2026-04-11 19:53:38,068  INFO    SELL       16 INCY     $  62.79  -0.0101 $    -1009
2026-04-11 19:53:38,068  INFO    BUY         3 PODD     $ 216.98  +0.0065 $      653
2026-04-11 19:53:38,070  INFO    SELL       24 IBKR     $  20.73  -0.0051 $     -505
2026-04-11 19:53:38,070  INFO    BUY        36 IVZ      $  17.84  +0.0065 $      645
2026-04-11 19:53:38,070  INFO    BUY         2 IQV      $ 231.38  +0.0064 $      643
2026-04-11 19:53:38,071  INFO    BUY        46 KEY      $  14.40  +0.0068 $      676
2026-04-11 19:53:38,071  INFO    SELL        7 KMB      $ 121.51  -0.0095 $     -953
2026-04-11 19:53:38,071  INFO    BUY         7 KKR      $  82.85  +0.0064 $      638
2026-04-11 19:53:38,071  INFO    SELL       12 KR       $  45.71  -0.0056 $     -564
2026-04-11 19:53:38,071  INFO    BUY         4 LEN      $ 144.28  +0.0066 $      659
2026-04-11 19:53:38,071  INFO    BUY        12 LITE     $  52.42  +0.0064 $      641
2026-04-11 19:53:38,071  INFO    SELL        3 MRSH     $ 189.47  -0.0068 $     -680
2026-04-11 19:53:38,073  INFO    BUY         9 MAS      $  66.98  +0.0063 $      634
2026-04-11 19:53:38,073  INFO    SELL        9 MRK      $ 109.02  -0.0101 $    -1009
2026-04-11 19:53:38,073  INFO    BUY         7 MCHP     $  90.18  +0.0065 $      651
2026-04-11 19:53:38,074  INFO    BUY         1 MPWR     $ 630.78  +0.0071 $      705
2026-04-11 19:53:38,074  INFO    SELL       11 NTAP     $  88.16  -0.0101 $    -1009
2026-04-11 19:53:38,074  INFO    SELL        5 NKE      $ 108.57  -0.0062 $     -622
2026-04-11 19:53:38,074  INFO    SELL        2 NOC      $ 468.14  -0.0101 $    -1009
2026-04-11 19:53:38,074  INFO    BUY        34 NCLH     $  20.04  +0.0068 $      684
2026-04-11 19:53:38,074  INFO    SELL       15 ORLY     $  63.34  -0.0101 $    -1009
2026-04-11 19:53:38,074  INFO    SELL       16 OXY      $  59.71  -0.0101 $    -1009
2026-04-11 19:53:38,077  INFO    SELL        2 ORCL     $ 105.43  -0.0025 $     -253
2026-04-11 19:53:38,077  INFO    BUY        41 PLTR     $  17.17  +0.0071 $      708
2026-04-11 19:53:38,077  INFO    SELL        8 PAYX     $ 119.11  -0.0101 $    -1009
2026-04-11 19:53:38,077  INFO    SELL        3 PFE      $  28.79  -0.0010 $      -97
2026-04-11 19:53:38,077  INFO    SELL       14 PNW      $  71.84  -0.0101 $    -1009
2026-04-11 19:53:38,079  INFO    SELL        3 PG       $ 146.54  -0.0047 $     -467
2026-04-11 19:53:38,079  INFO    SELL        2 PGR      $ 159.28  -0.0037 $     -369
2026-04-11 19:53:38,081  INFO    BUY         6 PHM      $ 103.22  +0.0069 $      693
2026-04-11 19:53:38,081  INFO    BUY         2 PWR      $ 215.80  +0.0064 $      636
2026-04-11 19:53:38,083  INFO    BUY         5 RCL      $ 129.49  +0.0069 $      689
2026-04-11 19:53:38,083  INFO    SELL       12 SLB      $  52.04  -0.0064 $     -641
2026-04-11 19:53:38,083  INFO    SELL        6 SJM      $ 126.38  -0.0086 $     -855
2026-04-11 19:53:38,085  INFO    SELL       24 SW       $  40.81  -0.0101 $    -1009
2026-04-11 19:53:38,085  INFO    BUY        22 SMCI     $  28.43  +0.0063 $      627
2026-04-11 19:53:38,085  INFO    SELL        1 TPL      $ 174.72  -0.0019 $     -194
2026-04-11 19:53:38,085  INFO    SELL        6 TKO      $  81.58  -0.0054 $     -544
2026-04-11 19:53:38,085  INFO    BUY         2 TT       $ 243.90  +0.0062 $      625
2026-04-11 19:53:38,085  INFO    BUY        17 TFC      $  36.92  +0.0066 $      656
2026-04-11 19:53:38,085  INFO    BUY        15 USB      $  43.28  +0.0067 $      670
2026-04-11 19:53:38,087  INFO    BUY        11 UBER     $  61.57  +0.0068 $      685
2026-04-11 19:53:38,088  INFO    BUY         1 URI      $ 573.42  +0.0067 $      675
2026-04-11 19:53:38,088  INFO    SELL        1 UNH      $ 526.47  -0.0058 $     -583
2026-04-11 19:53:38,088  INFO    SELL        4 VRSK     $ 238.86  -0.0101 $    -1009
2026-04-11 19:53:38,088  INFO    BUY        13 VRT      $  48.03  +0.0067 $      668
2026-04-11 19:53:38,088  INFO    SELL       17 WMT      $  52.55  -0.0089 $     -894
2026-04-11 19:53:38,088  INFO    BUY        57 WBD      $  11.38  +0.0066 $      655
2026-04-11 19:53:38,088  INFO    SELL        4 WTW      $ 241.20  -0.0101 $    -1009
2026-04-11 19:53:38,088  INFO    SELL        2 MOH      $ 361.31  -0.0099 $     -991
2026-04-11 19:53:38,091  INFO    BUY         5 ENPH     $ 132.14  +0.0068 $      679
2026-04-11 19:53:38,091  INFO    BUY        14 CZR      $  46.88  +0.0067 $      667
2026-04-11 19:53:38,091  INFO    SELL       18 BWA      $  35.85  -0.0066 $     -661
2026-04-11 19:53:38,091  INFO    BUY         4 CE       $ 155.37  +0.0066 $      663
2026-04-11 19:53:38,091  INFO    BUY        15 ZION     $  43.87  +0.0070 $      695
2026-04-11 19:53:38,092  INFO    SELL       33 OGN      $  14.42  -0.0049 $     -486
2026-04-11 19:53:38,092  INFO    BUY        24 LNC      $  26.97  +0.0067 $      666
2026-04-11 19:53:38,092  INFO    BUY        24 VNO      $  28.25  +0.0070 $      696
2026-04-11 19:53:38,094  INFO    BUY         5 PVH      $ 122.12  +0.0070 $      697
2026-04-11 19:53:38,094  INFO    BUY        25 PENN     $  26.02  +0.0067 $      673
2026-04-11 19:53:38,094  INFO    BUY        77 UA       $   8.35  +0.0065 $      650
2026-04-11 19:53:38,094  INFO    SELL       17 UNM      $  45.22  -0.0078 $     -778
2026-04-11 19:53:38,094  INFO    BUY        15 SLG      $  45.17  +0.0070 $      703
2026-04-11 19:53:38,096  INFO    SELL       46 FTI      $  20.14  -0.0093 $     -933
2026-04-11 19:53:38,096  INFO    BUY        51 COTY     $  12.42  +0.0064 $      642
2026-04-11 19:53:38,096  INFO    SELL       20 CPRI     $  50.24  -0.0101 $    -1009
2026-04-11 19:53:38,096  INFO    BUY        29 TRIP     $  21.53  +0.0063 $      631
2026-04-11 19:53:38,096  INFO    BUY        45 MAC      $  15.43  +0.0070 $      701
2026-04-11 19:53:38,096  INFO    SELL       62 NKTR     $   8.40  -0.0052 $     -525
2026-04-11 19:53:38,099  INFO    BUY        16 FLR      $  39.17  +0.0064 $      637
2026-04-11 19:53:38,099  INFO    BUY        11 BHF      $  52.92  +0.0063 $      628
2026-04-11 19:53:38,099  INFO    BUY         6 SIG      $ 107.26  +0.0069 $      691
2026-04-11 19:53:38,099  INFO    SELL      158 RIG      $   6.35  -0.0101 $    -1009
2026-04-11 19:53:38,099  INFO    BUY        25 BBBY     $  27.69  +0.0071 $      709
2026-04-11 19:53:38,099  INFO    BUY       153 PBI      $   4.40  +0.0068 $      677
2026-04-11 19:53:38,101  INFO    SELL      539 TE       $   1.87  -0.0101 $    -1009
2026-04-11 19:53:38,101  INFO    BUY        92 ADT      $   6.82  +0.0063 $      630
2026-04-11 19:53:38,101  INFO    SELL       18 GME      $  17.53  -0.0033 $     -330
2026-04-11 19:53:38,101  INFO    BUY         8 THC      $  75.57  +0.0064 $      639
2026-04-11 19:53:38,101  INFO    SELL       20 NE       $  48.16  -0.0097 $     -972
2026-04-11 19:53:38,101  INFO    SELL        7 NBR      $  81.63  -0.0060 $     -603
2026-04-11 19:53:38,101  INFO    BUY        25 BEAM     $  27.22  +0.0069 $      688
2026-04-11 19:53:38,103  INFO    BUY         7 ANF      $  88.22  +0.0069 $      687
2026-04-11 19:53:38,103  INFO    BUY        22 S        $  27.44  +0.0063 $      626
2026-04-11 19:53:38,103  INFO    BUY        18 DV       $  36.78  +0.0067 $      671
2026-04-11 19:53:38,104  INFO    BUY        14 MMI      $  43.68  +0.0065 $      648
2026-04-11 19:53:38,104  INFO    SELL        6 MI       $   9.30  -0.0006 $      -58
2026-04-11 19:53:38,104  INFO    BUY        51 DYN      $  13.30  +0.0068 $      683
2026-04-11 19:53:38,104  INFO    BUY        10 KBH      $  62.46  +0.0068 $      678
2026-04-11 19:53:38,104  INFO    SELL        9 CVG      $  76.25  -0.0072 $     -719
2026-04-11 19:53:38,104  INFO    SELL       19 MBI      $   6.12  -0.0012 $     -117
2026-04-11 19:53:38,104  INFO    SELL       92 WB       $  10.95  -0.0101 $    -1009
2026-04-11 19:53:38,104  INFO    BUY         6 BC       $  96.75  +0.0063 $      633
2026-04-11 19:53:38,104  INFO    BUY       387 ADCT     $   1.66  +0.0064 $      644
2026-04-11 19:53:38,104  INFO    SELL        4 GRN      $  30.68  -0.0014 $     -136
2026-04-11 19:53:38,104  INFO    SELL        4 USL      $  35.11  -0.0016 $     -156
2026-04-11 19:53:38,104  INFO  
  [DRY RUN] Orders shown — nothing sent to IBKR
2026-04-12 13:55:21,641  INFO  ============================================================
2026-04-12 13:55:21,643  INFO   IBKR Paper Trading Executor
2026-04-12 13:55:21,643  INFO   Mode: LIVE PAPER
2026-04-12 13:55:21,643  INFO   Capital: $100,000
2026-04-12 13:55:21,643  INFO  ============================================================
2026-04-12 13:55:21,644  INFO  Today is Sunday — not Monday. Use --force.
2026-04-12 13:55:51,394  INFO  ============================================================
2026-04-12 13:55:51,394  INFO   IBKR Paper Trading Executor
2026-04-12 13:55:51,394  INFO   Mode: LIVE PAPER
2026-04-12 13:55:51,394  INFO   Capital: $100,000
2026-04-12 13:55:51,394  INFO  ============================================================
2026-04-12 13:55:53,949  INFO  [1/2] Loading prices...
2026-04-12 13:55:54,222  INFO        624 tickers x 400 days
2026-04-12 13:55:54,222  INFO  [1/2] Computing factors & signals...
2026-04-12 13:56:16,217  INFO        Signal date: 2023-12-22
2026-04-12 13:56:16,290  INFO        75 long, 75 short
2026-04-12 13:56:16,301  INFO        143 orders saved to outputs\paper_trading\orders_pending.json
2026-04-12 13:56:16,309  INFO  [2/2] Executing 143 orders
2026-04-12 13:56:16,309  INFO        Signal: 2023-12-22  |  75L / 75S
2026-04-12 13:56:16,309  INFO  
  Action    Qty Ticker      Price   Weight     $Value
2026-04-12 13:56:16,311  INFO    BUY         5 ARE      $ 126.77  +0.0066 $      664
2026-04-12 13:56:16,311  INFO    SELL        5 AEE      $  72.34  -0.0043 $     -428
2026-04-12 13:56:16,311  INFO    SELL        2 AON      $ 291.02  -0.0074 $     -739
2026-04-12 13:56:16,318  INFO    SELL       28 APA      $  35.88  -0.0101 $    -1009
2026-04-12 13:56:16,318  INFO    SELL        3 ACGL     $  74.27  -0.0029 $     -292
2026-04-12 13:56:16,318  INFO    SELL       13 ADM      $  72.22  -0.0101 $    -1009
2026-04-12 13:56:16,318  INFO    SELL        1 AJG      $ 224.88  -0.0039 $     -389
2026-04-12 13:56:16,318  INFO    SELL       60 T        $  16.78  -0.0101 $    -1009
2026-04-12 13:56:16,318  INFO    BUY         2 AXON     $ 258.33  +0.0066 $      660
2026-04-12 13:56:16,319  INFO    BUY         5 BX       $ 130.92  +0.0067 $      669
2026-04-12 13:56:16,319  INFO    BUY         9 XYZ      $  77.35  +0.0070 $      702
2026-04-12 13:56:16,320  INFO    SELL       14 BRO      $  71.11  -0.0101 $    -1009
2026-04-12 13:56:16,320  INFO    SELL       17 BF-B     $  57.10  -0.0101 $    -1009
2026-04-12 13:56:16,320  INFO    BUY         4 BLDR     $ 166.94  +0.0070 $      700
2026-04-12 13:56:16,320  INFO    SELL        9 BG       $ 100.95  -0.0101 $    -1009
2026-04-12 13:56:16,321  INFO    BUY         9 BXP      $  70.17  +0.0065 $      647
2026-04-12 13:56:16,321  INFO    SELL        7 CPB      $  43.23  -0.0031 $     -311
2026-04-12 13:56:16,321  INFO    BUY        37 CCL      $  18.54  +0.0070 $      698
2026-04-12 13:56:16,321  INFO    BUY        12 CVNA     $  52.94  +0.0069 $      686
2026-04-12 13:56:16,321  INFO    SELL        5 CBOE     $ 178.56  -0.0101 $    -1009
2026-04-12 13:56:16,321  INFO    SELL       12 CNC      $  74.21  -0.0091 $     -914
2026-04-12 13:56:16,321  INFO    SELL       10 CF       $  79.50  -0.0082 $     -816
2026-04-12 13:56:16,321  INFO    BUY         2 CRL      $ 236.40  +0.0063 $      629
2026-04-12 13:56:16,321  INFO    SELL        3 CHD      $  94.56  -0.0035 $     -350
2026-04-12 13:56:16,323  INFO    BUY        20 CFG      $  33.14  +0.0068 $      680
2026-04-12 13:56:16,323  INFO    SELL        3 CME      $ 210.60  -0.0076 $     -758
2026-04-12 13:56:16,323  INFO    BUY        15 COHR     $  43.53  +0.0069 $      694
2026-04-12 13:56:16,324  INFO    BUY         3 COIN     $ 173.92  +0.0067 $      672
2026-04-12 13:56:16,324  INFO    SELL       10 CL       $  79.71  -0.0084 $     -836
2026-04-12 13:56:16,324  INFO    BUY         2 CRWD     $ 255.32  +0.0065 $      646
2026-04-12 13:56:16,325  INFO    BUY         5 DDOG     $ 121.38  +0.0066 $      662
2026-04-12 13:56:16,325  INFO    BUY         7 DASH     $  98.89  +0.0071 $      706
2026-04-12 13:56:16,325  INFO    BUY         4 DHI      $ 151.98  +0.0068 $      681
2026-04-12 13:56:16,326  INFO    BUY         2 EPAM     $ 297.34  +0.0066 $      658
2026-04-12 13:56:16,326  INFO    BUY         2 EFX      $ 247.29  +0.0066 $      661
2026-04-12 13:56:16,326  INFO    SELL        7 EXC      $  35.90  -0.0027 $     -272
2026-04-12 13:56:16,326  INFO    BUY         4 EXPE     $ 151.79  +0.0070 $      704
2026-04-12 13:56:16,326  INFO    BUY         3 EXR      $ 160.33  +0.0063 $      635
2026-04-12 13:56:16,327  INFO    SELL        6 XOM      $  99.98  -0.0070 $     -700
2026-04-12 13:56:16,327  INFO    BUY        18 FITB     $  34.49  +0.0065 $      652
2026-04-12 13:56:16,327  INFO    SELL       17 FTNT     $  58.53  -0.0101 $    -1009
2026-04-12 13:56:16,328  INFO    BUY         5 GNRC     $ 129.24  +0.0069 $      692
2026-04-12 13:56:16,328  INFO    SELL        6 GIS      $  65.14  -0.0045 $     -447
2026-04-12 13:56:16,328  INFO    BUY         6 GDDY     $ 106.16  +0.0065 $      654
2026-04-12 13:56:16,328  INFO    SELL       24 HAL      $  36.15  -0.0087 $     -875
2026-04-12 13:56:16,328  INFO    SELL        5 HSY      $ 186.44  -0.0101 $    -1009
2026-04-12 13:56:16,330  INFO    SELL       24 HRL      $  32.11  -0.0080 $     -797
2026-04-12 13:56:16,330  INFO    SELL       16 INCY     $  62.79  -0.0101 $    -1009
2026-04-12 13:56:16,330  INFO    BUY         3 PODD     $ 216.98  +0.0065 $      653
2026-04-12 13:56:16,330  INFO    SELL       24 IBKR     $  20.73  -0.0051 $     -505
2026-04-12 13:56:16,330  INFO    BUY        36 IVZ      $  17.84  +0.0065 $      645
2026-04-12 13:56:16,330  INFO    BUY         2 IQV      $ 231.38  +0.0064 $      643
2026-04-12 13:56:16,330  INFO    BUY        46 KEY      $  14.40  +0.0068 $      676
2026-04-12 13:56:16,331  INFO    SELL        7 KMB      $ 121.51  -0.0095 $     -953
2026-04-12 13:56:16,331  INFO    BUY         7 KKR      $  82.85  +0.0064 $      638
2026-04-12 13:56:16,331  INFO    SELL       12 KR       $  45.71  -0.0056 $     -564
2026-04-12 13:56:16,331  INFO    BUY         4 LEN      $ 144.28  +0.0066 $      659
2026-04-12 13:56:16,331  INFO    BUY        12 LITE     $  52.42  +0.0064 $      641
2026-04-12 13:56:16,331  INFO    SELL        3 MRSH     $ 189.47  -0.0068 $     -680
2026-04-12 13:56:16,331  INFO    BUY         9 MAS      $  66.98  +0.0063 $      634
2026-04-12 13:56:16,333  INFO    SELL        9 MRK      $ 109.02  -0.0101 $    -1009
2026-04-12 13:56:16,333  INFO    BUY         7 MCHP     $  90.18  +0.0065 $      651
2026-04-12 13:56:16,333  INFO    BUY         1 MPWR     $ 630.78  +0.0071 $      705
2026-04-12 13:56:16,333  INFO    SELL       11 NTAP     $  88.16  -0.0101 $    -1009
2026-04-12 13:56:16,333  INFO    SELL        5 NKE      $ 108.57  -0.0062 $     -622
2026-04-12 13:56:16,333  INFO    SELL        2 NOC      $ 468.14  -0.0101 $    -1009
2026-04-12 13:56:16,333  INFO    BUY        34 NCLH     $  20.04  +0.0068 $      684
2026-04-12 13:56:16,333  INFO    SELL       15 ORLY     $  63.34  -0.0101 $    -1009
2026-04-12 13:56:16,333  INFO    SELL       16 OXY      $  59.71  -0.0101 $    -1009
2026-04-12 13:56:16,333  INFO    SELL        2 ORCL     $ 105.43  -0.0025 $     -253
2026-04-12 13:56:16,333  INFO    BUY        41 PLTR     $  17.17  +0.0071 $      708
2026-04-12 13:56:16,333  INFO    SELL        8 PAYX     $ 119.11  -0.0101 $    -1009
2026-04-12 13:56:16,333  INFO    SELL        3 PFE      $  28.79  -0.0010 $      -97
2026-04-12 13:56:16,333  INFO    SELL       14 PNW      $  71.84  -0.0101 $    -1009
2026-04-12 13:56:16,333  INFO    SELL        3 PG       $ 146.54  -0.0047 $     -467
2026-04-12 13:56:16,333  INFO    SELL        2 PGR      $ 159.28  -0.0037 $     -369
2026-04-12 13:56:16,339  INFO    BUY         6 PHM      $ 103.22  +0.0069 $      693
2026-04-12 13:56:16,339  INFO    BUY         2 PWR      $ 215.80  +0.0064 $      636
2026-04-12 13:56:16,339  INFO    BUY         5 RCL      $ 129.49  +0.0069 $      689
2026-04-12 13:56:16,340  INFO    SELL       12 SLB      $  52.04  -0.0064 $     -641
2026-04-12 13:56:16,340  INFO    SELL        6 SJM      $ 126.38  -0.0086 $     -855
2026-04-12 13:56:16,340  INFO    SELL       24 SW       $  40.81  -0.0101 $    -1009
2026-04-12 13:56:16,340  INFO    BUY        22 SMCI     $  28.43  +0.0063 $      627
2026-04-12 13:56:16,341  INFO    SELL        1 TPL      $ 174.72  -0.0019 $     -194
2026-04-12 13:56:16,341  INFO    SELL        6 TKO      $  81.58  -0.0054 $     -544
2026-04-12 13:56:16,341  INFO    BUY         2 TT       $ 243.90  +0.0062 $      625
2026-04-12 13:56:16,342  INFO    BUY        17 TFC      $  36.92  +0.0066 $      656
2026-04-12 13:56:16,342  INFO    BUY        15 USB      $  43.28  +0.0067 $      670
2026-04-12 13:56:16,342  INFO    BUY        11 UBER     $  61.57  +0.0068 $      685
2026-04-12 13:56:16,342  INFO    BUY         1 URI      $ 573.42  +0.0067 $      675
2026-04-12 13:56:16,342  INFO    SELL        1 UNH      $ 526.47  -0.0058 $     -583
2026-04-12 13:56:16,343  INFO    SELL        4 VRSK     $ 238.86  -0.0101 $    -1009
2026-04-12 13:56:16,343  INFO    BUY        13 VRT      $  48.03  +0.0067 $      668
2026-04-12 13:56:16,343  INFO    SELL       17 WMT      $  52.55  -0.0089 $     -894
2026-04-12 13:56:16,344  INFO    BUY        57 WBD      $  11.38  +0.0066 $      655
2026-04-12 13:56:16,344  INFO    SELL        4 WTW      $ 241.20  -0.0101 $    -1009
2026-04-12 13:56:16,344  INFO    SELL        2 MOH      $ 361.31  -0.0099 $     -991
2026-04-12 13:56:16,345  INFO    BUY         5 ENPH     $ 132.14  +0.0068 $      679
2026-04-12 13:56:16,345  INFO    BUY        14 CZR      $  46.88  +0.0067 $      667
2026-04-12 13:56:16,345  INFO    SELL       18 BWA      $  35.85  -0.0066 $     -661
2026-04-12 13:56:16,346  INFO    BUY         4 CE       $ 155.37  +0.0066 $      663
2026-04-12 13:56:16,346  INFO    BUY        15 ZION     $  43.87  +0.0070 $      695
2026-04-12 13:56:16,346  INFO    SELL       33 OGN      $  14.42  -0.0049 $     -486
2026-04-12 13:56:16,347  INFO    BUY        24 LNC      $  26.97  +0.0067 $      666
2026-04-12 13:56:16,347  INFO    BUY        24 VNO      $  28.25  +0.0070 $      696
2026-04-12 13:56:16,347  INFO    BUY         5 PVH      $ 122.12  +0.0070 $      697
2026-04-12 13:56:16,347  INFO    BUY        25 PENN     $  26.02  +0.0067 $      673
2026-04-12 13:56:16,349  INFO    BUY        77 UA       $   8.35  +0.0065 $      650
2026-04-12 13:56:16,349  INFO    SELL       17 UNM      $  45.22  -0.0078 $     -778
2026-04-12 13:56:16,349  INFO    BUY        15 SLG      $  45.17  +0.0070 $      703
2026-04-12 13:56:16,349  INFO    SELL       46 FTI      $  20.14  -0.0093 $     -933
2026-04-12 13:56:16,349  INFO    BUY        51 COTY     $  12.42  +0.0064 $      642
2026-04-12 13:56:16,349  INFO    SELL       20 CPRI     $  50.24  -0.0101 $    -1009
2026-04-12 13:56:16,349  INFO    BUY        29 TRIP     $  21.53  +0.0063 $      631
2026-04-12 13:56:16,349  INFO    BUY        45 MAC      $  15.43  +0.0070 $      701
2026-04-12 13:56:16,349  INFO    SELL       62 NKTR     $   8.40  -0.0052 $     -525
2026-04-12 13:56:16,349  INFO    BUY        16 FLR      $  39.17  +0.0064 $      637
2026-04-12 13:56:16,349  INFO    BUY        11 BHF      $  52.92  +0.0063 $      628
2026-04-12 13:56:16,352  INFO    BUY         6 SIG      $ 107.26  +0.0069 $      691
2026-04-12 13:56:16,352  INFO    SELL      158 RIG      $   6.35  -0.0101 $    -1009
2026-04-12 13:56:16,352  INFO    BUY        25 BBBY     $  27.69  +0.0071 $      709
2026-04-12 13:56:16,352  INFO    BUY       153 PBI      $   4.40  +0.0068 $      677
2026-04-12 13:56:16,352  INFO    SELL      539 TE       $   1.87  -0.0101 $    -1009
2026-04-12 13:56:16,352  INFO    BUY        92 ADT      $   6.82  +0.0063 $      630
2026-04-12 13:56:16,352  INFO    SELL       18 GME      $  17.53  -0.0033 $     -330
2026-04-12 13:56:16,352  INFO    BUY         8 THC      $  75.57  +0.0064 $      639
2026-04-12 13:56:16,352  INFO    SELL       20 NE       $  48.16  -0.0097 $     -972
2026-04-12 13:56:16,356  INFO    SELL        7 NBR      $  81.63  -0.0060 $     -603
2026-04-12 13:56:16,356  INFO    BUY        25 BEAM     $  27.22  +0.0069 $      688
2026-04-12 13:56:16,356  INFO    BUY         7 ANF      $  88.22  +0.0069 $      687
2026-04-12 13:56:16,357  INFO    BUY        22 S        $  27.44  +0.0063 $      626
2026-04-12 13:56:16,357  INFO    BUY        18 DV       $  36.78  +0.0067 $      671
2026-04-12 13:56:16,357  INFO    BUY        14 MMI      $  43.68  +0.0065 $      648
2026-04-12 13:56:16,357  INFO    SELL        6 MI       $   9.30  -0.0006 $      -58
2026-04-12 13:56:16,357  INFO    BUY        51 DYN      $  13.30  +0.0068 $      683
2026-04-12 13:56:16,358  INFO    BUY        10 KBH      $  62.46  +0.0068 $      678
2026-04-12 13:56:16,358  INFO    SELL        9 CVG      $  76.25  -0.0072 $     -719
2026-04-12 13:56:16,358  INFO    SELL       19 MBI      $   6.12  -0.0012 $     -117
2026-04-12 13:56:16,358  INFO    SELL       92 WB       $  10.95  -0.0101 $    -1009
2026-04-12 13:56:16,359  INFO    BUY         6 BC       $  96.75  +0.0063 $      633
2026-04-12 13:56:16,359  INFO    BUY       387 ADCT     $   1.66  +0.0064 $      644
2026-04-12 13:56:16,359  INFO    SELL        4 GRN      $  30.68  -0.0014 $     -136
2026-04-12 13:56:16,359  INFO    SELL        4 USL      $  35.11  -0.0016 $     -156
2026-04-12 16:25:33,816  INFO  ============================================================
2026-04-12 16:25:33,817  INFO   IBKR Paper Trading Executor
2026-04-12 16:25:33,817  INFO   Mode: DRY RUN
2026-04-12 16:25:33,817  INFO   Capital: $100,000
2026-04-12 16:25:33,817  INFO  ============================================================
2026-04-12 16:25:37,075  INFO  [1/2] Loading prices...
2026-04-12 16:25:37,549  INFO        624 tickers x 400 days
2026-04-12 16:25:37,549  INFO  [1/2] Computing factors & signals...
2026-04-12 16:26:03,568  INFO        Signal date: 2023-12-22
2026-04-12 16:26:03,643  INFO        75 long, 75 short
2026-04-12 16:26:03,657  INFO        143 orders saved to outputs\paper_trading\orders_pending.json
2026-04-12 16:26:03,666  INFO  [2/2] [DRY RUN] Executing 143 orders
2026-04-12 16:26:03,667  INFO        Signal: 2023-12-22  |  75L / 75S
2026-04-12 16:26:03,667  INFO  
  Action    Qty Ticker      Price   Weight     $Value
2026-04-12 16:26:03,672  INFO    BUY         5 ARE      $ 126.77  +0.0066 $      664
2026-04-12 16:26:03,672  INFO    SELL        5 AEE      $  72.34  -0.0043 $     -428
2026-04-12 16:26:03,672  INFO    SELL        2 AON      $ 291.02  -0.0074 $     -739
2026-04-12 16:26:03,674  INFO    SELL       28 APA      $  35.88  -0.0101 $    -1009
2026-04-12 16:26:03,674  INFO    SELL        3 ACGL     $  74.27  -0.0029 $     -292
2026-04-12 16:26:03,674  INFO    SELL       13 ADM      $  72.22  -0.0101 $    -1009
2026-04-12 16:26:03,674  INFO    SELL        1 AJG      $ 224.88  -0.0039 $     -389
2026-04-12 16:26:03,674  INFO    SELL       60 T        $  16.78  -0.0101 $    -1009
2026-04-12 16:26:03,674  INFO    BUY         2 AXON     $ 258.33  +0.0066 $      660
2026-04-12 16:26:03,674  INFO    BUY         5 BX       $ 130.92  +0.0067 $      669
2026-04-12 16:26:03,678  INFO    BUY         9 XYZ      $  77.35  +0.0070 $      702
2026-04-12 16:26:03,678  INFO    SELL       14 BRO      $  71.11  -0.0101 $    -1009
2026-04-12 16:26:03,678  INFO    SELL       17 BF-B     $  57.10  -0.0101 $    -1009
2026-04-12 16:26:03,678  INFO    BUY         4 BLDR     $ 166.94  +0.0070 $      700
2026-04-12 16:26:03,678  INFO    SELL        9 BG       $ 100.95  -0.0101 $    -1009
2026-04-12 16:26:03,678  INFO    BUY         9 BXP      $  70.17  +0.0065 $      647
2026-04-12 16:26:03,678  INFO    SELL        7 CPB      $  43.23  -0.0031 $     -311
2026-04-12 16:26:03,678  INFO    BUY        37 CCL      $  18.54  +0.0070 $      698
2026-04-12 16:26:03,678  INFO    BUY        12 CVNA     $  52.94  +0.0069 $      686
2026-04-12 16:26:03,678  INFO    SELL        5 CBOE     $ 178.56  -0.0101 $    -1009
2026-04-12 16:26:03,678  INFO    SELL       12 CNC      $  74.21  -0.0091 $     -914
2026-04-12 16:26:03,681  INFO    SELL       10 CF       $  79.50  -0.0082 $     -816
2026-04-12 16:26:03,681  INFO    BUY         2 CRL      $ 236.40  +0.0063 $      629
2026-04-12 16:26:03,681  INFO    SELL        3 CHD      $  94.56  -0.0035 $     -350
2026-04-12 16:26:03,681  INFO    BUY        20 CFG      $  33.14  +0.0068 $      680
2026-04-12 16:26:03,682  INFO    SELL        3 CME      $ 210.60  -0.0076 $     -758
2026-04-12 16:26:03,682  INFO    BUY        15 COHR     $  43.53  +0.0069 $      694
2026-04-12 16:26:03,682  INFO    BUY         3 COIN     $ 173.92  +0.0067 $      672
2026-04-12 16:26:03,682  INFO    SELL       10 CL       $  79.71  -0.0084 $     -836
2026-04-12 16:26:03,683  INFO    BUY         2 CRWD     $ 255.32  +0.0065 $      646
2026-04-12 16:26:03,683  INFO    BUY         5 DDOG     $ 121.38  +0.0066 $      662
2026-04-12 16:26:03,683  INFO    BUY         7 DASH     $  98.89  +0.0071 $      706
2026-04-12 16:26:03,683  INFO    BUY         4 DHI      $ 151.98  +0.0068 $      681
2026-04-12 16:26:03,683  INFO    BUY         2 EPAM     $ 297.34  +0.0066 $      658
2026-04-12 16:26:03,685  INFO    BUY         2 EFX      $ 247.29  +0.0066 $      661
2026-04-12 16:26:03,685  INFO    SELL        7 EXC      $  35.90  -0.0027 $     -272
2026-04-12 16:26:03,685  INFO    BUY         4 EXPE     $ 151.79  +0.0070 $      704
2026-04-12 16:26:03,685  INFO    BUY         3 EXR      $ 160.33  +0.0063 $      635
2026-04-12 16:26:03,685  INFO    SELL        6 XOM      $  99.98  -0.0070 $     -700
2026-04-12 16:26:03,687  INFO    BUY        18 FITB     $  34.49  +0.0065 $      652
2026-04-12 16:26:03,687  INFO    SELL       17 FTNT     $  58.53  -0.0101 $    -1009
2026-04-12 16:26:03,687  INFO    BUY         5 GNRC     $ 129.24  +0.0069 $      692
2026-04-12 16:26:03,687  INFO    SELL        6 GIS      $  65.14  -0.0045 $     -447
2026-04-12 16:26:03,687  INFO    BUY         6 GDDY     $ 106.16  +0.0065 $      654
2026-04-12 16:26:03,687  INFO    SELL       24 HAL      $  36.15  -0.0087 $     -875
2026-04-12 16:26:03,687  INFO    SELL        5 HSY      $ 186.44  -0.0101 $    -1009
2026-04-12 16:26:03,687  INFO    SELL       24 HRL      $  32.11  -0.0080 $     -797
2026-04-12 16:26:03,689  INFO    SELL       16 INCY     $  62.79  -0.0101 $    -1009
2026-04-12 16:26:03,689  INFO    BUY         3 PODD     $ 216.98  +0.0065 $      653
2026-04-12 16:26:03,689  INFO    SELL       24 IBKR     $  20.73  -0.0051 $     -505
2026-04-12 16:26:03,689  INFO    BUY        36 IVZ      $  17.84  +0.0065 $      645
2026-04-12 16:26:03,689  INFO    BUY         2 IQV      $ 231.38  +0.0064 $      643
2026-04-12 16:26:03,692  INFO    BUY        46 KEY      $  14.40  +0.0068 $      676
2026-04-12 16:26:03,692  INFO    SELL        7 KMB      $ 121.51  -0.0095 $     -953
2026-04-12 16:26:03,692  INFO    BUY         7 KKR      $  82.85  +0.0064 $      638
2026-04-12 16:26:03,692  INFO    SELL       12 KR       $  45.71  -0.0056 $     -564
2026-04-12 16:26:03,692  INFO    BUY         4 LEN      $ 144.28  +0.0066 $      659
2026-04-12 16:26:03,692  INFO    BUY        12 LITE     $  52.42  +0.0064 $      641
2026-04-12 16:26:03,692  INFO    SELL        3 MRSH     $ 189.47  -0.0068 $     -680
2026-04-12 16:26:03,694  INFO    BUY         9 MAS      $  66.98  +0.0063 $      634
2026-04-12 16:26:03,694  INFO    SELL        9 MRK      $ 109.02  -0.0101 $    -1009
2026-04-12 16:26:03,694  INFO    BUY         7 MCHP     $  90.18  +0.0065 $      651
2026-04-12 16:26:03,694  INFO    BUY         1 MPWR     $ 630.78  +0.0071 $      705
2026-04-12 16:26:03,694  INFO    SELL       11 NTAP     $  88.16  -0.0101 $    -1009
2026-04-12 16:26:03,694  INFO    SELL        5 NKE      $ 108.57  -0.0062 $     -622
2026-04-12 16:26:03,694  INFO    SELL        2 NOC      $ 468.14  -0.0101 $    -1009
2026-04-12 16:26:03,694  INFO    BUY        34 NCLH     $  20.04  +0.0068 $      684
2026-04-12 16:26:03,694  INFO    SELL       15 ORLY     $  63.34  -0.0101 $    -1009
2026-04-12 16:26:03,697  INFO    SELL       16 OXY      $  59.71  -0.0101 $    -1009
2026-04-12 16:26:03,697  INFO    SELL        2 ORCL     $ 105.43  -0.0025 $     -253
2026-04-12 16:26:03,697  INFO    BUY        41 PLTR     $  17.17  +0.0071 $      708
2026-04-12 16:26:03,697  INFO    SELL        8 PAYX     $ 119.11  -0.0101 $    -1009
2026-04-12 16:26:03,697  INFO    SELL        3 PFE      $  28.79  -0.0010 $      -97
2026-04-12 16:26:03,697  INFO    SELL       14 PNW      $  71.84  -0.0101 $    -1009
2026-04-12 16:26:03,697  INFO    SELL        3 PG       $ 146.54  -0.0047 $     -467
2026-04-12 16:26:03,699  INFO    SELL        2 PGR      $ 159.28  -0.0037 $     -369
2026-04-12 16:26:03,699  INFO    BUY         6 PHM      $ 103.22  +0.0069 $      693
2026-04-12 16:26:03,699  INFO    BUY         2 PWR      $ 215.80  +0.0064 $      636
2026-04-12 16:26:03,700  INFO    BUY         5 RCL      $ 129.49  +0.0069 $      689
2026-04-12 16:26:03,700  INFO    SELL       12 SLB      $  52.04  -0.0064 $     -641
2026-04-12 16:26:03,700  INFO    SELL        6 SJM      $ 126.38  -0.0086 $     -855
2026-04-12 16:26:03,700  INFO    SELL       24 SW       $  40.81  -0.0101 $    -1009
2026-04-12 16:26:03,700  INFO    BUY        22 SMCI     $  28.43  +0.0063 $      627
2026-04-12 16:26:03,700  INFO    SELL        1 TPL      $ 174.72  -0.0019 $     -194
2026-04-12 16:26:03,700  INFO    SELL        6 TKO      $  81.58  -0.0054 $     -544
2026-04-12 16:26:03,700  INFO    BUY         2 TT       $ 243.90  +0.0062 $      625
2026-04-12 16:26:03,702  INFO    BUY        17 TFC      $  36.92  +0.0066 $      656
2026-04-12 16:26:03,702  INFO    BUY        15 USB      $  43.28  +0.0067 $      670
2026-04-12 16:26:03,702  INFO    BUY        11 UBER     $  61.57  +0.0068 $      685
2026-04-12 16:26:03,702  INFO    BUY         1 URI      $ 573.42  +0.0067 $      675
2026-04-12 16:26:03,702  INFO    SELL        1 UNH      $ 526.47  -0.0058 $     -583
2026-04-12 16:26:03,702  INFO    SELL        4 VRSK     $ 238.86  -0.0101 $    -1009
2026-04-12 16:26:03,702  INFO    BUY        13 VRT      $  48.03  +0.0067 $      668
2026-04-12 16:26:03,702  INFO    SELL       17 WMT      $  52.55  -0.0089 $     -894
2026-04-12 16:26:03,705  INFO    BUY        57 WBD      $  11.38  +0.0066 $      655
2026-04-12 16:26:03,705  INFO    SELL        4 WTW      $ 241.20  -0.0101 $    -1009
2026-04-12 16:26:03,705  INFO    SELL        2 MOH      $ 361.31  -0.0099 $     -991
2026-04-12 16:26:03,705  INFO    BUY         5 ENPH     $ 132.14  +0.0068 $      679
2026-04-12 16:26:03,705  INFO    BUY        14 CZR      $  46.88  +0.0067 $      667
2026-04-12 16:26:03,705  INFO    SELL       18 BWA      $  35.85  -0.0066 $     -661
2026-04-12 16:26:03,705  INFO    BUY         4 CE       $ 155.37  +0.0066 $      663
2026-04-12 16:26:03,707  INFO    BUY        15 ZION     $  43.87  +0.0070 $      695
2026-04-12 16:26:03,708  INFO    SELL       33 OGN      $  14.42  -0.0049 $     -486
2026-04-12 16:26:03,708  INFO    BUY        24 LNC      $  26.97  +0.0067 $      666
2026-04-12 16:26:03,708  INFO    BUY        24 VNO      $  28.25  +0.0070 $      696
2026-04-12 16:26:03,708  INFO    BUY         5 PVH      $ 122.12  +0.0070 $      697
2026-04-12 16:26:03,708  INFO    BUY        25 PENN     $  26.02  +0.0067 $      673
2026-04-12 16:26:03,708  INFO    BUY        77 UA       $   8.35  +0.0065 $      650
2026-04-12 16:26:03,708  INFO    SELL       17 UNM      $  45.22  -0.0078 $     -778
2026-04-12 16:26:03,708  INFO    BUY        15 SLG      $  45.17  +0.0070 $      703
2026-04-12 16:26:03,712  INFO    SELL       46 FTI      $  20.14  -0.0093 $     -933
2026-04-12 16:26:03,712  INFO    BUY        51 COTY     $  12.42  +0.0064 $      642
2026-04-12 16:26:03,712  INFO    SELL       20 CPRI     $  50.24  -0.0101 $    -1009
2026-04-12 16:26:03,712  INFO    BUY        29 TRIP     $  21.53  +0.0063 $      631
2026-04-12 16:26:03,714  INFO    BUY        45 MAC      $  15.43  +0.0070 $      701
2026-04-12 16:26:03,714  INFO    SELL       62 NKTR     $   8.40  -0.0052 $     -525
2026-04-12 16:26:03,714  INFO    BUY        16 FLR      $  39.17  +0.0064 $      637
2026-04-12 16:26:03,714  INFO    BUY        11 BHF      $  52.92  +0.0063 $      628
2026-04-12 16:26:03,715  INFO    BUY         6 SIG      $ 107.26  +0.0069 $      691
2026-04-12 16:26:03,715  INFO    SELL      158 RIG      $   6.35  -0.0101 $    -1009
2026-04-12 16:26:03,715  INFO    BUY        25 BBBY     $  27.69  +0.0071 $      709
2026-04-12 16:26:03,716  INFO    BUY       153 PBI      $   4.40  +0.0068 $      677
2026-04-12 16:26:03,716  INFO    SELL      539 TE       $   1.87  -0.0101 $    -1009
2026-04-12 16:26:03,716  INFO    BUY        92 ADT      $   6.82  +0.0063 $      630
2026-04-12 16:26:03,718  INFO    SELL       18 GME      $  17.53  -0.0033 $     -330
2026-04-12 16:26:03,718  INFO    BUY         8 THC      $  75.57  +0.0064 $      639
2026-04-12 16:26:03,718  INFO    SELL       20 NE       $  48.16  -0.0097 $     -972
2026-04-12 16:26:03,718  INFO    SELL        7 NBR      $  81.63  -0.0060 $     -603
2026-04-12 16:26:03,718  INFO    BUY        25 BEAM     $  27.22  +0.0069 $      688
2026-04-12 16:26:03,718  INFO    BUY         7 ANF      $  88.22  +0.0069 $      687
2026-04-12 16:26:03,718  INFO    BUY        22 S        $  27.44  +0.0063 $      626
2026-04-12 16:26:03,721  INFO    BUY        18 DV       $  36.78  +0.0067 $      671
2026-04-12 16:26:03,721  INFO    BUY        14 MMI      $  43.68  +0.0065 $      648
2026-04-12 16:26:03,721  INFO    SELL        6 MI       $   9.30  -0.0006 $      -58
2026-04-12 16:26:03,721  INFO    BUY        51 DYN      $  13.30  +0.0068 $      683
2026-04-12 16:26:03,721  INFO    BUY        10 KBH      $  62.46  +0.0068 $      678
2026-04-12 16:26:03,721  INFO    SELL        9 CVG      $  76.25  -0.0072 $     -719
2026-04-12 16:26:03,721  INFO    SELL       19 MBI      $   6.12  -0.0012 $     -117
2026-04-12 16:26:03,721  INFO    SELL       92 WB       $  10.95  -0.0101 $    -1009
2026-04-12 16:26:03,721  INFO    BUY         6 BC       $  96.75  +0.0063 $      633
2026-04-12 16:26:03,721  INFO    BUY       387 ADCT     $   1.66  +0.0064 $      644
2026-04-12 16:26:03,723  INFO    SELL        4 GRN      $  30.68  -0.0014 $     -136
2026-04-12 16:26:03,723  INFO    SELL        4 USL      $  35.11  -0.0016 $     -156
2026-04-12 16:26:03,723  INFO  
  [DRY RUN] Orders shown — nothing sent to IBKR
2026-04-13 08:20:43,646  INFO  ============================================================
2026-04-13 08:20:43,648  INFO   IBKR Paper Trading Executor
2026-04-13 08:20:43,648  INFO   Mode: LIVE PAPER
2026-04-13 08:20:43,648  INFO   Capital: $100,000
2026-04-13 08:20:43,648  INFO  ============================================================
2026-04-13 08:20:46,785  INFO  [1/2] Loading prices...
2026-04-13 08:20:47,119  INFO        624 tickers x 400 days
2026-04-13 08:20:47,119  INFO  [1/2] Computing factors & signals...
2026-04-13 08:21:19,960  INFO        Signal date: 2023-12-22
2026-04-13 08:21:20,044  INFO        75 long, 75 short
2026-04-13 08:21:20,060  INFO        143 orders saved to outputs\paper_trading\orders_pending.json
2026-04-13 08:21:20,068  INFO  [2/2] Executing 143 orders
2026-04-13 08:21:20,068  INFO        Signal: 2023-12-22  |  75L / 75S
2026-04-13 08:21:20,068  INFO  
  Action    Qty Ticker      Price   Weight     $Value
2026-04-13 08:21:20,087  INFO    BUY         5 ARE      $ 126.77  +0.0066 $      664
2026-04-13 08:21:20,087  INFO    SELL        5 AEE      $  72.34  -0.0043 $     -428
2026-04-13 08:21:20,088  INFO    SELL        2 AON      $ 291.02  -0.0074 $     -739
2026-04-13 08:21:20,088  INFO    SELL       28 APA      $  35.88  -0.0101 $    -1009
2026-04-13 08:21:20,088  INFO    SELL        3 ACGL     $  74.27  -0.0029 $     -292
2026-04-13 08:21:20,088  INFO    SELL       13 ADM      $  72.22  -0.0101 $    -1009
2026-04-13 08:21:20,088  INFO    SELL        1 AJG      $ 224.88  -0.0039 $     -389
2026-04-13 08:21:20,088  INFO    SELL       60 T        $  16.78  -0.0101 $    -1009
2026-04-13 08:21:20,088  INFO    BUY         2 AXON     $ 258.33  +0.0066 $      660
2026-04-13 08:21:20,088  INFO    BUY         5 BX       $ 130.92  +0.0067 $      669
2026-04-13 08:21:20,091  INFO    BUY         9 XYZ      $  77.35  +0.0070 $      702
2026-04-13 08:21:20,091  INFO    SELL       14 BRO      $  71.11  -0.0101 $    -1009
2026-04-13 08:21:20,091  INFO    SELL       17 BF-B     $  57.10  -0.0101 $    -1009
2026-04-13 08:21:20,091  INFO    BUY         4 BLDR     $ 166.94  +0.0070 $      700
2026-04-13 08:21:20,091  INFO    SELL        9 BG       $ 100.95  -0.0101 $    -1009
2026-04-13 08:21:20,093  INFO    BUY         9 BXP      $  70.17  +0.0065 $      647
2026-04-13 08:21:20,093  INFO    SELL        7 CPB      $  43.23  -0.0031 $     -311
2026-04-13 08:21:20,093  INFO    BUY        37 CCL      $  18.54  +0.0070 $      698
2026-04-13 08:21:20,093  INFO    BUY        12 CVNA     $  52.94  +0.0069 $      686
2026-04-13 08:21:20,095  INFO    SELL        5 CBOE     $ 178.56  -0.0101 $    -1009
2026-04-13 08:21:20,096  INFO    SELL       12 CNC      $  74.21  -0.0091 $     -914
2026-04-13 08:21:20,096  INFO    SELL       10 CF       $  79.50  -0.0082 $     -816
2026-04-13 08:21:20,096  INFO    BUY         2 CRL      $ 236.40  +0.0063 $      629
2026-04-13 08:21:20,096  INFO    SELL        3 CHD      $  94.56  -0.0035 $     -350
2026-04-13 08:21:20,098  INFO    BUY        20 CFG      $  33.14  +0.0068 $      680
2026-04-13 08:21:20,098  INFO    SELL        3 CME      $ 210.60  -0.0076 $     -758
2026-04-13 08:21:20,098  INFO    BUY        15 COHR     $  43.53  +0.0069 $      694
2026-04-13 08:21:20,098  INFO    BUY         3 COIN     $ 173.92  +0.0067 $      672
2026-04-13 08:21:20,098  INFO    SELL       10 CL       $  79.71  -0.0084 $     -836
2026-04-13 08:21:20,100  INFO    BUY         2 CRWD     $ 255.32  +0.0065 $      646
2026-04-13 08:21:20,100  INFO    BUY         5 DDOG     $ 121.38  +0.0066 $      662
2026-04-13 08:21:20,100  INFO    BUY         7 DASH     $  98.89  +0.0071 $      706
2026-04-13 08:21:20,100  INFO    BUY         4 DHI      $ 151.98  +0.0068 $      681
2026-04-13 08:21:20,100  INFO    BUY         2 EPAM     $ 297.34  +0.0066 $      658
2026-04-13 08:21:20,100  INFO    BUY         2 EFX      $ 247.29  +0.0066 $      661
2026-04-13 08:21:20,102  INFO    SELL        7 EXC      $  35.90  -0.0027 $     -272
2026-04-13 08:21:20,102  INFO    BUY         4 EXPE     $ 151.79  +0.0070 $      704
2026-04-13 08:21:20,103  INFO    BUY         3 EXR      $ 160.33  +0.0063 $      635
2026-04-13 08:21:20,103  INFO    SELL        6 XOM      $  99.98  -0.0070 $     -700
2026-04-13 08:21:20,103  INFO    BUY        18 FITB     $  34.49  +0.0065 $      652
2026-04-13 08:21:20,103  INFO    SELL       17 FTNT     $  58.53  -0.0101 $    -1009
2026-04-13 08:21:20,103  INFO    BUY         5 GNRC     $ 129.24  +0.0069 $      692
2026-04-13 08:21:20,103  INFO    SELL        6 GIS      $  65.14  -0.0045 $     -447
2026-04-13 08:21:20,105  INFO    BUY         6 GDDY     $ 106.16  +0.0065 $      654
2026-04-13 08:21:20,105  INFO    SELL       24 HAL      $  36.15  -0.0087 $     -875
2026-04-13 08:21:20,105  INFO    SELL        5 HSY      $ 186.44  -0.0101 $    -1009
2026-04-13 08:21:20,105  INFO    SELL       24 HRL      $  32.11  -0.0080 $     -797
2026-04-13 08:21:20,105  INFO    SELL       16 INCY     $  62.79  -0.0101 $    -1009
2026-04-13 08:21:20,107  INFO    BUY         3 PODD     $ 216.98  +0.0065 $      653
2026-04-13 08:21:20,107  INFO    SELL       24 IBKR     $  20.73  -0.0051 $     -505
2026-04-13 08:21:20,107  INFO    BUY        36 IVZ      $  17.84  +0.0065 $      645
2026-04-13 08:21:20,107  INFO    BUY         2 IQV      $ 231.38  +0.0064 $      643
2026-04-13 08:21:20,108  INFO    BUY        46 KEY      $  14.40  +0.0068 $      676
2026-04-13 08:21:20,108  INFO    SELL        7 KMB      $ 121.51  -0.0095 $     -953
2026-04-13 08:21:20,109  INFO    BUY         7 KKR      $  82.85  +0.0064 $      638
2026-04-13 08:21:20,110  INFO    SELL       12 KR       $  45.71  -0.0056 $     -564
2026-04-13 08:21:20,110  INFO    BUY         4 LEN      $ 144.28  +0.0066 $      659
2026-04-13 08:21:20,110  INFO    BUY        12 LITE     $  52.42  +0.0064 $      641
2026-04-13 08:21:20,110  INFO    SELL        3 MRSH     $ 189.47  -0.0068 $     -680
2026-04-13 08:21:20,112  INFO    BUY         9 MAS      $  66.98  +0.0063 $      634
2026-04-13 08:21:20,112  INFO    SELL        9 MRK      $ 109.02  -0.0101 $    -1009
2026-04-13 08:21:20,112  INFO    BUY         7 MCHP     $  90.18  +0.0065 $      651
2026-04-13 08:21:20,112  INFO    BUY         1 MPWR     $ 630.78  +0.0071 $      705
2026-04-13 08:21:20,112  INFO    SELL       11 NTAP     $  88.16  -0.0101 $    -1009
2026-04-13 08:21:20,112  INFO    SELL        5 NKE      $ 108.57  -0.0062 $     -622
2026-04-13 08:21:20,112  INFO    SELL        2 NOC      $ 468.14  -0.0101 $    -1009
2026-04-13 08:21:20,112  INFO    BUY        34 NCLH     $  20.04  +0.0068 $      684
2026-04-13 08:21:20,112  INFO    SELL       15 ORLY     $  63.34  -0.0101 $    -1009
2026-04-13 08:21:20,116  INFO    SELL       16 OXY      $  59.71  -0.0101 $    -1009
2026-04-13 08:21:20,117  INFO    SELL        2 ORCL     $ 105.43  -0.0025 $     -253
2026-04-13 08:21:20,117  INFO    BUY        41 PLTR     $  17.17  +0.0071 $      708
2026-04-13 08:21:20,117  INFO    SELL        8 PAYX     $ 119.11  -0.0101 $    -1009
2026-04-13 08:21:20,117  INFO    SELL        3 PFE      $  28.79  -0.0010 $      -97
2026-04-13 08:21:20,117  INFO    SELL       14 PNW      $  71.84  -0.0101 $    -1009
2026-04-13 08:21:20,118  INFO    SELL        3 PG       $ 146.54  -0.0047 $     -467
2026-04-13 08:21:20,118  INFO    SELL        2 PGR      $ 159.28  -0.0037 $     -369
2026-04-13 08:21:20,118  INFO    BUY         6 PHM      $ 103.22  +0.0069 $      693
2026-04-13 08:21:20,118  INFO    BUY         2 PWR      $ 215.80  +0.0064 $      636
2026-04-13 08:21:20,120  INFO    BUY         5 RCL      $ 129.49  +0.0069 $      689
2026-04-13 08:21:20,120  INFO    SELL       12 SLB      $  52.04  -0.0064 $     -641
2026-04-13 08:21:20,120  INFO    SELL        6 SJM      $ 126.38  -0.0086 $     -855
2026-04-13 08:21:20,120  INFO    SELL       24 SW       $  40.81  -0.0101 $    -1009
2026-04-13 08:21:20,120  INFO    BUY        22 SMCI     $  28.43  +0.0063 $      627
2026-04-13 08:21:20,120  INFO    SELL        1 TPL      $ 174.72  -0.0019 $     -194
2026-04-13 08:21:20,120  INFO    SELL        6 TKO      $  81.58  -0.0054 $     -544
2026-04-13 08:21:20,120  INFO    BUY         2 TT       $ 243.90  +0.0062 $      625
2026-04-13 08:21:20,120  INFO    BUY        17 TFC      $  36.92  +0.0066 $      656
2026-04-13 08:21:20,120  INFO    BUY        15 USB      $  43.28  +0.0067 $      670
2026-04-13 08:21:20,120  INFO    BUY        11 UBER     $  61.57  +0.0068 $      685
2026-04-13 08:21:20,123  INFO    BUY         1 URI      $ 573.42  +0.0067 $      675
2026-04-13 08:21:20,123  INFO    SELL        1 UNH      $ 526.47  -0.0058 $     -583
2026-04-13 08:21:20,123  INFO    SELL        4 VRSK     $ 238.86  -0.0101 $    -1009
2026-04-13 08:21:20,123  INFO    BUY        13 VRT      $  48.03  +0.0067 $      668
2026-04-13 08:21:20,125  INFO    SELL       17 WMT      $  52.55  -0.0089 $     -894
2026-04-13 08:21:20,125  INFO    BUY        57 WBD      $  11.38  +0.0066 $      655
2026-04-13 08:21:20,127  INFO    SELL        4 WTW      $ 241.20  -0.0101 $    -1009
2026-04-13 08:21:20,127  INFO    SELL        2 MOH      $ 361.31  -0.0099 $     -991
2026-04-13 08:21:20,127  INFO    BUY         5 ENPH     $ 132.14  +0.0068 $      679
2026-04-13 08:21:20,127  INFO    BUY        14 CZR      $  46.88  +0.0067 $      667
2026-04-13 08:21:20,127  INFO    SELL       18 BWA      $  35.85  -0.0066 $     -661
2026-04-13 08:21:20,130  INFO    BUY         4 CE       $ 155.37  +0.0066 $      663
2026-04-13 08:21:20,130  INFO    BUY        15 ZION     $  43.87  +0.0070 $      695
2026-04-13 08:21:20,131  INFO    SELL       33 OGN      $  14.42  -0.0049 $     -486
2026-04-13 08:21:20,131  INFO    BUY        24 LNC      $  26.97  +0.0067 $      666
2026-04-13 08:21:20,131  INFO    BUY        24 VNO      $  28.25  +0.0070 $      696
2026-04-13 08:21:20,131  INFO    BUY         5 PVH      $ 122.12  +0.0070 $      697
2026-04-13 08:21:20,131  INFO    BUY        25 PENN     $  26.02  +0.0067 $      673
2026-04-13 08:21:20,133  INFO    BUY        77 UA       $   8.35  +0.0065 $      650
2026-04-13 08:21:20,133  INFO    SELL       17 UNM      $  45.22  -0.0078 $     -778
2026-04-13 08:21:20,133  INFO    BUY        15 SLG      $  45.17  +0.0070 $      703
2026-04-13 08:21:20,133  INFO    SELL       46 FTI      $  20.14  -0.0093 $     -933
2026-04-13 08:21:20,133  INFO    BUY        51 COTY     $  12.42  +0.0064 $      642
2026-04-13 08:21:20,133  INFO    SELL       20 CPRI     $  50.24  -0.0101 $    -1009
2026-04-13 08:21:20,134  INFO    BUY        29 TRIP     $  21.53  +0.0063 $      631
2026-04-13 08:21:20,134  INFO    BUY        45 MAC      $  15.43  +0.0070 $      701
2026-04-13 08:21:20,134  INFO    SELL       62 NKTR     $   8.40  -0.0052 $     -525
2026-04-13 08:21:20,134  INFO    BUY        16 FLR      $  39.17  +0.0064 $      637
2026-04-13 08:21:20,136  INFO    BUY        11 BHF      $  52.92  +0.0063 $      628
2026-04-13 08:21:20,136  INFO    BUY         6 SIG      $ 107.26  +0.0069 $      691
2026-04-13 08:21:20,136  INFO    SELL      158 RIG      $   6.35  -0.0101 $    -1009
2026-04-13 08:21:20,136  INFO    BUY        25 BBBY     $  27.69  +0.0071 $      709
2026-04-13 08:21:20,136  INFO    BUY       153 PBI      $   4.40  +0.0068 $      677
2026-04-13 08:21:20,136  INFO    SELL      539 TE       $   1.87  -0.0101 $    -1009
2026-04-13 08:21:20,136  INFO    BUY        92 ADT      $   6.82  +0.0063 $      630
2026-04-13 08:21:20,136  INFO    SELL       18 GME      $  17.53  -0.0033 $     -330
2026-04-13 08:21:20,136  INFO    BUY         8 THC      $  75.57  +0.0064 $      639
2026-04-13 08:21:20,136  INFO    SELL       20 NE       $  48.16  -0.0097 $     -972
2026-04-13 08:21:20,136  INFO    SELL        7 NBR      $  81.63  -0.0060 $     -603
2026-04-13 08:21:20,139  INFO    BUY        25 BEAM     $  27.22  +0.0069 $      688
2026-04-13 08:21:20,139  INFO    BUY         7 ANF      $  88.22  +0.0069 $      687
2026-04-13 08:21:20,139  INFO    BUY        22 S        $  27.44  +0.0063 $      626
2026-04-13 08:21:20,139  INFO    BUY        18 DV       $  36.78  +0.0067 $      671
2026-04-13 08:21:20,141  INFO    BUY        14 MMI      $  43.68  +0.0065 $      648
2026-04-13 08:21:20,141  INFO    SELL        6 MI       $   9.30  -0.0006 $      -58
2026-04-13 08:21:20,142  INFO    BUY        51 DYN      $  13.30  +0.0068 $      683
2026-04-13 08:21:20,143  INFO    BUY        10 KBH      $  62.46  +0.0068 $      678
2026-04-13 08:21:20,143  INFO    SELL        9 CVG      $  76.25  -0.0072 $     -719
2026-04-13 08:21:20,143  INFO    SELL       19 MBI      $   6.12  -0.0012 $     -117
2026-04-13 08:21:20,143  INFO    SELL       92 WB       $  10.95  -0.0101 $    -1009
2026-04-13 08:21:20,143  INFO    BUY         6 BC       $  96.75  +0.0063 $      633
2026-04-13 08:21:20,143  INFO    BUY       387 ADCT     $   1.66  +0.0064 $      644
2026-04-13 08:21:20,147  INFO    SELL        4 GRN      $  30.68  -0.0014 $     -136
2026-04-13 08:21:20,147  INFO    SELL        4 USL      $  35.11  -0.0016 $     -156
2026-04-13 08:28:10,390  INFO  ============================================================
2026-04-13 08:28:10,390  INFO   IBKR Paper Trading Executor
2026-04-13 08:28:10,390  INFO   Mode: LIVE PAPER
2026-04-13 08:28:10,390  INFO   Capital: $100,000
2026-04-13 08:28:10,390  INFO  ============================================================
2026-04-13 08:28:13,499  INFO  [1/2] Loading prices...
2026-04-13 08:28:13,873  INFO        468 tickers x 400 days
2026-04-13 08:28:13,874  INFO  [1/2] Computing factors & signals...
2026-04-13 09:04:12,769  INFO  ============================================================
2026-04-13 09:04:12,770  INFO   IBKR Paper Trading Executor
2026-04-13 09:04:12,771  INFO   Mode: LIVE PAPER
2026-04-13 09:04:12,771  INFO   Capital: $100,000
2026-04-13 09:04:12,771  INFO  ============================================================
2026-04-13 09:04:15,129  INFO  [1/2] Loading prices...
2026-04-13 09:04:15,405  INFO        468 tickers x 400 days
2026-04-13 09:04:15,405  INFO  [1/2] Computing factors & signals...
2026-04-13 09:04:37,049  INFO        Signal date: 2026-04-06
2026-04-13 09:04:37,110  INFO        75 long, 75 short
2026-04-13 09:04:37,120  INFO        134 orders saved to outputs\paper_trading\orders_pending.json
2026-04-13 09:04:37,126  INFO  [2/2] Executing 134 orders
2026-04-13 09:04:37,126  INFO        Signal: 2026-04-06  |  75L / 75S
2026-04-13 09:04:37,126  INFO  
  Action    Qty Ticker      Price   Weight     $Value
2026-04-13 09:04:37,126  INFO    SELL        2 ABT      $ 100.30  -0.0024 $     -236
2026-04-13 09:04:37,135  INFO    SELL        6 ACGL     $  95.97  -0.0065 $     -649
2026-04-13 09:04:37,135  INFO    BUY         1 ADI      $ 350.14  +0.0064 $      642
2026-04-13 09:04:37,135  INFO    SELL       10 AES      $  14.39  -0.0016 $     -157
2026-04-13 09:04:37,135  INFO    SELL        4 AFL      $ 110.70  -0.0053 $     -531
2026-04-13 09:04:37,135  INFO    SELL       11 AIG      $  76.87  -0.0090 $     -905
2026-04-13 09:04:37,135  INFO    BUY         6 AKAM     $  91.35  +0.0063 $      631
2026-04-13 09:04:37,137  INFO    BUY         4 ALB      $ 173.64  +0.0070 $      698
2026-04-13 09:04:37,137  INFO    BUY         3 ALGN     $ 173.14  +0.0064 $      640
2026-04-13 09:04:37,137  INFO    SELL        4 ALL      $ 210.99  -0.0096 $     -964
2026-04-13 09:04:37,137  INFO    SELL        6 ALLE     $ 144.81  -0.0098 $     -983
2026-04-13 09:04:37,138  INFO    BUY         1 AMAT     $ 399.49  +0.0071 $      705
2026-04-13 09:04:37,138  INFO    BUY         2 AMD      $ 245.04  +0.0070 $      696
2026-04-13 09:04:37,138  INFO    SELL        1 AMP      $ 446.34  -0.0089 $     -885
2026-04-13 09:04:37,138  INFO    BUY         4 ANET     $ 147.35  +0.0068 $      676
2026-04-13 09:04:37,139  INFO    BUY        17 APA      $  38.63  +0.0066 $      659
2026-04-13 09:04:37,139  INFO    BUY         4 APH      $ 140.75  +0.0066 $      664
2026-04-13 09:04:37,139  INFO    SELL        2 AVB      $ 169.78  -0.0039 $     -393
2026-04-13 09:04:37,139  INFO    BUY         1 AVGO     $ 371.55  +0.0064 $      637
2026-04-13 09:04:37,139  INFO    SELL        6 BDX      $ 154.22  -0.0100 $     -997
2026-04-13 09:04:37,139  INFO    BUY        10 BKR      $  62.83  +0.0063 $      633
2026-04-13 09:04:37,140  INFO    SELL        2 BR       $ 151.12  -0.0031 $     -315
2026-04-13 09:04:37,140  INFO    SELL        6 BRO      $  65.08  -0.0043 $     -433
2026-04-13 09:04:37,140  INFO    SELL        9 BSX      $  61.79  -0.0059 $     -590
2026-04-13 09:04:37,140  INFO    BUY         5 C        $ 124.39  +0.0062 $      623
2026-04-13 09:04:37,140  INFO    SELL        3 CB       $ 327.91  -0.0100 $     -997
2026-04-13 09:04:37,140  INFO    BUY        24 CCL      $  27.98  +0.0068 $      682
2026-04-13 09:04:37,140  INFO    BUY         5 CF       $ 121.32  +0.0070 $      701
2026-04-13 09:04:37,140  INFO    SELL        3 CHD      $  95.42  -0.0037 $     -374
2026-04-13 09:04:37,140  INFO    BUY         1 CIEN     $ 496.02  +0.0072 $      719
2026-04-13 09:04:37,143  INFO    SELL       11 CL       $  84.34  -0.0100 $     -997
2026-04-13 09:04:37,143  INFO    SELL       35 CMCSA    $  27.93  -0.0100 $     -997
2026-04-13 09:04:37,143  INFO    BUY         1 CMI      $ 616.14  +0.0064 $      643
2026-04-13 09:04:37,143  INFO    BUY        16 CNC      $  37.30  +0.0061 $      613
2026-04-13 09:04:37,143  INFO    BUY         2 COHR     $ 307.50  +0.0071 $      715
2026-04-13 09:04:37,143  INFO    SELL       30 CPRT     $  32.76  -0.0100 $     -997
2026-04-13 09:04:37,143  INFO    SELL        4 CPT      $ 101.95  -0.0049 $     -492
2026-04-13 09:04:37,143  INFO    BUY         3 CRL      $ 175.65  +0.0067 $      665
2026-04-13 09:04:37,143  INFO    SELL       18 CSGP     $  36.48  -0.0067 $     -669
2026-04-13 09:04:37,145  INFO    SELL       15 D        $  64.23  -0.0100 $     -997
2026-04-13 09:04:37,145  INFO    BUY         9 DAL      $  67.82  +0.0067 $      667
2026-04-13 09:04:37,145  INFO    SELL       10 DIS      $  99.17  -0.0100 $     -997
2026-04-13 09:04:37,145  INFO    SELL        7 DUK      $ 131.79  -0.0100 $     -997
2026-04-13 09:04:37,145  INFO    SELL        2 EA       $ 202.74  -0.0057 $     -570
2026-04-13 09:04:37,145  INFO    SELL        8 ED       $ 113.56  -0.0100 $     -997
2026-04-13 09:04:37,145  INFO    SELL        2 EG       $ 329.87  -0.0077 $     -767
2026-04-13 09:04:37,145  INFO    BUY         8 EL       $  72.67  +0.0065 $      647
2026-04-13 09:04:37,145  INFO    SELL        8 EPAM     $ 122.47  -0.0100 $     -997
2026-04-13 09:04:37,145  INFO    SELL       10 EQR      $  61.14  -0.0063 $     -629
2026-04-13 09:04:37,145  INFO    SELL        1 ESS      $ 250.07  -0.0047 $     -472
2026-04-13 09:04:37,149  INFO    BUY        10 FCX      $  67.80  +0.0069 $      690
2026-04-13 09:04:37,149  INFO    SELL        6 FIS      $  43.37  -0.0030 $     -295
2026-04-13 09:04:37,149  INFO    SELL        9 FISV     $  56.09  -0.0055 $     -551
2026-04-13 09:04:37,149  INFO    SELL        4 GIS      $  35.59  -0.0018 $     -177
2026-04-13 09:04:37,150  INFO    BUY         4 GLW      $ 171.24  +0.0072 $      716
2026-04-13 09:04:37,150  INFO    BUY         3 GNRC     $ 207.03  +0.0068 $      681
2026-04-13 09:04:37,150  INFO    BUY         1 GOOGL    $ 317.24  +0.0061 $      611
2026-04-13 09:04:37,150  INFO    BUY        16 HAL      $  37.59  +0.0062 $      617
2026-04-13 09:04:37,150  INFO    BUY         1 HII      $ 394.41  +0.0065 $      654
2026-04-13 09:04:37,151  INFO    BUY        27 HPE      $  24.89  +0.0069 $      688
2026-04-13 09:04:37,151  INFO    SELL       12 HRL      $  20.87  -0.0026 $     -256
2026-04-13 09:04:37,151  INFO    BUY         1 HUBB     $ 536.01  +0.0062 $      625
2026-04-13 09:04:37,151  INFO    BUY         9 IBKR     $  71.21  +0.0065 $      653
2026-04-13 09:04:37,151  INFO    BUY        11 INTC     $  62.38  +0.0071 $      708
2026-04-13 09:04:37,151  INFO    SELL        2 ISRG     $ 450.62  -0.0100 $     -997
2026-04-13 09:04:37,151  INFO    BUY        26 IVZ      $  23.58  +0.0062 $      616
2026-04-13 09:04:37,153  INFO    BUY         2 JBL      $ 299.50  +0.0070 $      699
2026-04-13 09:04:37,153  INFO    BUY         4 JCI      $ 142.53  +0.0062 $      619
2026-04-13 09:04:37,153  INFO    SELL        5 JKHY     $ 147.20  -0.0081 $     -806
2026-04-13 09:04:37,153  INFO    SELL        8 KDP      $  26.57  -0.0022 $     -216
2026-04-13 09:04:37,153  INFO    BUY         2 KEYS     $ 324.18  +0.0069 $      693
2026-04-13 09:04:37,153  INFO    SELL        1 KMB      $  97.28  -0.0010 $      -98
2026-04-13 09:04:37,154  INFO    SELL       10 KO       $  77.47  -0.0079 $     -787
2026-04-13 09:04:37,154  INFO    SELL        9 L        $ 109.47  -0.0100 $     -997
2026-04-13 09:04:37,155  INFO    BUY         2 LRCX     $ 263.66  +0.0071 $      710
2026-04-13 09:04:37,155  INFO    BUY        16 LUV      $  39.56  +0.0065 $      651
2026-04-13 09:04:37,155  INFO    BUY         9 LYB      $  73.72  +0.0068 $      679
2026-04-13 09:04:37,155  INFO    SELL        2 MCD      $ 305.68  -0.0087 $     -865
2026-04-13 09:04:37,157  INFO    BUY         9 MCHP     $  71.56  +0.0065 $      648
2026-04-13 09:04:37,157  INFO    SELL        5 MDT      $  87.21  -0.0045 $     -452
2026-04-13 09:04:37,157  INFO    BUY        16 MGM      $  37.32  +0.0062 $      622
2026-04-13 09:04:37,157  INFO    BUY        27 MOS      $  24.76  +0.0069 $      687
2026-04-13 09:04:37,157  INFO    BUY         2 MPC      $ 222.62  +0.0063 $      634
2026-04-13 09:04:37,157  INFO    SELL        5 MRSH     $ 168.15  -0.0100 $     -997
2026-04-13 09:04:37,157  INFO    SELL        1 MSFT     $ 370.87  -0.0069 $     -688
2026-04-13 09:04:37,157  INFO    BUY         1 MU       $ 420.59  +0.0071 $      712
2026-04-13 09:04:37,157  INFO    BUY        33 NCLH     $  19.96  +0.0067 $      673
2026-04-13 09:04:37,157  INFO    BUY         5 NEM      $ 120.90  +0.0069 $      691
2026-04-13 09:04:37,157  INFO    BUY         4 NRG      $ 164.07  +0.0066 $      660
2026-04-13 09:04:37,157  INFO    SELL       35 NWS      $  28.26  -0.0100 $     -997
2026-04-13 09:04:37,157  INFO    SELL       40 NWSA     $  24.48  -0.0100 $     -997
2026-04-13 09:04:37,157  INFO    SELL       11 O        $  63.75  -0.0075 $     -747
2026-04-13 09:04:37,157  INFO    BUY         3 ODFL     $ 208.35  +0.0066 $      662
2026-04-13 09:04:37,157  INFO    BUY        10 ON       $  68.65  +0.0069 $      695
2026-04-13 09:04:37,157  INFO    BUY        10 OXY      $  57.97  +0.0061 $      614
2026-04-13 09:04:37,157  INFO    SELL       10 PAYX     $  85.57  -0.0092 $     -924
2026-04-13 09:04:37,157  INFO    SELL       11 PEG      $  83.13  -0.0100 $     -997
2026-04-13 09:04:37,157  INFO    SELL        1 PG       $ 145.16  -0.0028 $     -275
2026-04-13 09:04:37,157  INFO    BUY         1 PWR      $ 585.36  +0.0067 $      670
2026-04-13 09:04:37,157  INFO    SELL        3 QCOM     $ 128.06  -0.0041 $     -413
2026-04-13 09:04:37,163  INFO    BUY         2 RCL      $ 276.94  +0.0067 $      668
2026-04-13 09:04:37,163  INFO    SELL       10 REG      $  78.40  -0.0083 $     -826
2026-04-13 09:04:37,163  INFO    BUY         1 RL       $ 379.87  +0.0064 $      636
2026-04-13 09:04:37,163  INFO    SELL       18 ROL      $  54.23  -0.0100 $     -997
2026-04-13 09:04:37,163  INFO    SELL        3 RSG      $ 214.66  -0.0085 $     -846
2026-04-13 09:04:37,164  INFO    BUY         5 SATS     $ 128.59  +0.0071 $      707
2026-04-13 09:04:37,164  INFO    BUY         3 SBAC     $ 223.75  +0.0069 $      685
2026-04-13 09:04:37,164  INFO    BUY        12 SLB      $  51.92  +0.0066 $      656
2026-04-13 09:04:37,164  INFO    BUY        26 SMCI     $  25.26  +0.0068 $      677
2026-04-13 09:04:37,164  INFO    SELL       10 SO       $  97.15  -0.0100 $     -997
2026-04-13 09:04:37,164  INFO    BUY         1 STX      $ 503.13  +0.0072 $      722
2026-04-13 09:04:37,164  INFO    SELL        5 STZ      $ 166.15  -0.0094 $     -944
2026-04-13 09:04:37,164  INFO    BUY        14 SW       $  42.06  +0.0063 $      628
2026-04-13 09:04:37,164  INFO    BUY         8 SYY      $  72.82  +0.0062 $      620
2026-04-13 09:04:37,167  INFO    BUY         1 TER      $ 367.99  +0.0072 $      718
2026-04-13 09:04:37,167  INFO    BUY         1 TPL      $ 409.97  +0.0065 $      650
2026-04-13 09:04:37,167  INFO    BUY         4 TPR      $ 150.30  +0.0064 $      639
2026-04-13 09:04:37,167  INFO    SELL       10 TROW     $  91.49  -0.0100 $     -997
2026-04-13 09:04:37,167  INFO    SELL        3 TRV      $ 297.26  -0.0100 $     -997
2026-04-13 09:04:37,167  INFO    SELL        3 TYL      $ 317.30  -0.0100 $     -997
2026-04-13 09:04:37,167  INFO    BUY         6 UAL      $  96.40  +0.0067 $      674
2026-04-13 09:04:37,169  INFO    SELL       10 UDR      $  35.11  -0.0035 $     -354
2026-04-13 09:04:37,169  INFO    SELL        2 UHS      $ 180.78  -0.0051 $     -511
2026-04-13 09:04:37,170  INFO    BUY         1 ULTA     $ 520.38  +0.0065 $      645
2026-04-13 09:04:37,170  INFO    SELL        3 UNH      $ 304.33  -0.0100 $     -997
2026-04-13 09:04:37,170  INFO    SELL        2 V        $ 304.36  -0.0073 $     -728
2026-04-13 09:04:37,170  INFO    BUY         2 VLO      $ 238.82  +0.0066 $      657
2026-04-13 09:04:37,170  INFO    SELL        6 VRSK     $ 164.28  -0.0100 $     -997
2026-04-13 09:04:37,170  INFO    SELL       15 VZ       $  46.04  -0.0071 $     -708
2026-04-13 09:04:37,170  INFO    SELL        8 WDAY     $ 112.50  -0.0100 $     -997
2026-04-13 09:04:37,170  INFO    BUY         2 WDC      $ 343.43  +0.0072 $      724
2026-04-13 09:04:37,170  INFO    SELL        5 WRB      $  65.70  -0.0033 $     -334
2026-04-13 09:04:37,170  INFO    SELL        2 WTW      $ 280.14  -0.0061 $     -610
2026-04-13 09:04:37,170  INFO    BUY         9 XYZ      $  62.20  +0.0061 $      609
2026-04-13 09:11:28,927  INFO  ============================================================
2026-04-13 09:11:28,927  INFO   IBKR Paper Trading Executor
2026-04-13 09:11:28,927  INFO   Mode: DRY RUN
2026-04-13 09:11:28,927  INFO   Capital: $100,000
2026-04-13 09:11:28,927  INFO  ============================================================
2026-04-13 09:11:31,024  INFO  [1/2] Loading prices...
2026-04-13 09:11:31,385  INFO        624 tickers x 400 days
2026-04-13 09:11:31,385  INFO  [1/2] Computing factors & signals...
2026-04-13 09:12:05,477  INFO        Signal date: 2023-12-22
2026-04-13 09:12:05,599  INFO        75 long, 75 short
2026-04-13 09:12:05,915  INFO        Using fresh prices from 2026-04-10 for order sizing
2026-04-13 09:12:05,926  INFO        84 orders saved to outputs\paper_trading\orders_pending.json
2026-04-13 09:12:05,941  INFO  [2/2] [DRY RUN] Executing 84 orders
2026-04-13 09:12:05,941  INFO        Signal: 2023-12-22  |  75L / 75S
2026-04-13 09:12:05,941  INFO  
  Action    Qty Ticker      Price   Weight     $Value
2026-04-13 09:12:05,941  INFO    ------ ------ -------- -------- -------- ----------
2026-04-13 09:12:05,941  INFO    BUY        15 ARE      $  42.61  +0.0066 $      664
2026-04-13 09:12:05,941  INFO    SELL        3 AEE      $ 113.45  -0.0043 $     -428
2026-04-13 09:12:05,944  INFO    SELL        2 AON      $ 312.57  -0.0074 $     -739
2026-04-13 09:12:05,944  INFO    SELL       26 APA      $  38.63  -0.0101 $    -1009
2026-04-13 09:12:05,944  INFO    SELL        3 ACGL     $  95.97  -0.0029 $     -292
2026-04-13 09:12:05,944  INFO    SELL       14 ADM      $  69.73  -0.0101 $    -1009
2026-04-13 09:12:05,947  INFO    SELL        1 AJG      $ 213.55  -0.0039 $     -389
2026-04-13 09:12:05,947  INFO    SELL       38 T        $  26.46  -0.0101 $    -1009
2026-04-13 09:12:05,948  INFO    BUY         1 AXON     $ 345.94  +0.0066 $      660
2026-04-13 09:12:05,948  INFO    BUY         5 BX       $ 114.83  +0.0067 $      669
2026-04-13 09:12:05,948  INFO    BUY        11 XYZ      $  62.20  +0.0070 $      702
2026-04-13 09:12:05,948  INFO    SELL       15 BRO      $  65.08  -0.0101 $    -1009
2026-04-13 09:12:05,948  INFO    SELL       34 BF-B     $  29.49  -0.0101 $    -1009
2026-04-13 09:12:05,948  INFO    BUY         8 BLDR     $  85.30  +0.0070 $      700
2026-04-13 09:12:05,948  INFO    SELL        8 BG       $ 123.92  -0.0101 $    -1009
2026-04-13 09:12:05,948  INFO    BUY        12 BXP      $  53.00  +0.0065 $      647
2026-04-13 09:12:05,948  INFO    SELL       15 CPB      $  20.43  -0.0031 $     -311
2026-04-13 09:12:05,948  INFO    BUY        24 CCL      $  27.98  +0.0070 $      698
2026-04-13 09:12:05,948  INFO    SELL        3 CBOE     $ 295.95  -0.0101 $    -1009
2026-04-13 09:12:05,948  INFO    SELL       24 CNC      $  37.30  -0.0091 $     -914
2026-04-13 09:12:05,948  INFO    SELL        6 CF       $ 121.32  -0.0082 $     -816
2026-04-13 09:12:05,948  INFO    BUY         3 CRL      $ 175.65  +0.0063 $      629
2026-04-13 09:12:05,948  INFO    SELL        3 CHD      $  95.42  -0.0035 $     -350
2026-04-13 09:12:05,948  INFO    BUY        10 CFG      $  64.17  +0.0068 $      680
2026-04-13 09:12:05,948  INFO    SELL        2 CME      $ 295.30  -0.0076 $     -758
2026-04-13 09:12:05,948  INFO    BUY         2 COHR     $ 307.50  +0.0069 $      694
2026-04-13 09:12:05,948  INFO    SELL        9 CL       $  84.34  -0.0084 $     -836
2026-04-13 09:12:05,948  INFO    BUY         4 DHI      $ 142.64  +0.0068 $      681
2026-04-13 09:12:05,948  INFO    BUY         5 EPAM     $ 122.47  +0.0066 $      658
2026-04-13 09:12:05,948  INFO    BUY         3 EFX      $ 177.97  +0.0066 $      661
2026-04-13 09:12:05,948  INFO    SELL        5 EXC      $  48.57  -0.0027 $     -272
2026-04-13 09:12:05,948  INFO    BUY         3 EXPE     $ 228.09  +0.0070 $      704
2026-04-13 09:12:05,948  INFO    BUY         4 EXR      $ 138.87  +0.0063 $      635
2026-04-13 09:12:05,948  INFO    SELL        4 XOM      $ 152.51  -0.0070 $     -700
2026-04-13 09:12:05,948  INFO    BUY        13 FITB     $  49.31  +0.0065 $      652
2026-04-13 09:12:05,948  INFO    SELL       13 FTNT     $  76.70  -0.0101 $    -1009
2026-04-13 09:12:05,948  INFO    BUY         3 GNRC     $ 207.03  +0.0069 $      692
2026-04-13 09:12:05,960  INFO    SELL       12 GIS      $  35.59  -0.0045 $     -447
2026-04-13 09:12:05,960  INFO    BUY         8 GDDY     $  79.29  +0.0065 $      654
2026-04-13 09:12:05,960  INFO    SELL       23 HAL      $  37.59  -0.0087 $     -875
2026-04-13 09:12:05,962  INFO    SELL        4 HSY      $ 202.31  -0.0101 $    -1009
2026-04-13 09:12:05,962  INFO    SELL       38 HRL      $  20.87  -0.0080 $     -797
2026-04-13 09:12:05,962  INFO    SELL       10 INCY     $  96.07  -0.0101 $    -1009
2026-04-13 09:12:05,962  INFO    BUY         3 PODD     $ 196.93  +0.0065 $      653
2026-04-13 09:12:05,964  INFO    SELL        7 IBKR     $  71.21  -0.0051 $     -505
2026-04-13 09:12:05,964  INFO    BUY        27 IVZ      $  23.58  +0.0065 $      645
2026-04-13 09:12:05,964  INFO    BUY         3 IQV      $ 167.34  +0.0064 $      643
2026-04-13 09:12:05,964  INFO    BUY        31 KEY      $  21.46  +0.0068 $      676
2026-04-13 09:12:05,964  INFO    SELL        9 KMB      $  97.28  -0.0095 $     -953
2026-04-13 09:12:05,966  INFO    BUY         6 KKR      $  91.22  +0.0064 $      638
2026-04-13 09:12:05,966  INFO    SELL        8 KR       $  67.99  -0.0056 $     -564
2026-04-13 09:12:05,966  INFO    BUY         7 LEN      $  88.97  +0.0066 $      659
2026-04-13 09:12:05,966  INFO    SELL        4 MRSH     $ 168.15  -0.0068 $     -680
2026-04-13 09:12:05,966  INFO    BUY        10 MAS      $  62.97  +0.0063 $      634
2026-04-13 09:12:05,966  INFO    SELL        8 MRK      $ 121.42  -0.0101 $    -1009
2026-04-13 09:12:05,966  INFO    BUY         9 MCHP     $  71.56  +0.0065 $      651
2026-04-13 09:12:05,968  INFO    SELL       10 NTAP     $  95.93  -0.0101 $    -1009
2026-04-13 09:12:05,968  INFO    SELL       14 NKE      $  42.62  -0.0062 $     -622
2026-04-13 09:12:05,968  INFO    SELL        1 NOC      $ 673.73  -0.0101 $    -1009
2026-04-13 09:12:05,968  INFO    BUY        34 NCLH     $  19.96  +0.0068 $      684
2026-04-13 09:12:05,968  INFO    SELL       10 ORLY     $  93.01  -0.0101 $    -1009
2026-04-13 09:12:05,968  INFO    SELL       17 OXY      $  57.97  -0.0101 $    -1009
2026-04-13 09:12:05,971  INFO    SELL        1 ORCL     $ 138.09  -0.0025 $     -253
2026-04-13 09:12:05,971  INFO    SELL       11 PAYX     $  85.57  -0.0101 $    -1009
2026-04-13 09:12:05,971  INFO    SELL        3 PFE      $  26.92  -0.0010 $      -97
2026-04-13 09:12:05,971  INFO    SELL        9 PNW      $ 103.59  -0.0101 $    -1009
2026-04-13 09:12:05,971  INFO    SELL        3 PG       $ 145.16  -0.0047 $     -467
2026-04-13 09:12:05,971  INFO    SELL        1 PGR      $ 194.13  -0.0037 $     -369
2026-04-13 09:12:05,971  INFO    BUY         5 PHM      $ 120.33  +0.0069 $      693
2026-04-13 09:12:05,971  INFO    BUY         1 PWR      $ 585.36  +0.0064 $      636
2026-04-13 09:12:05,971  INFO    BUY         2 RCL      $ 276.94  +0.0069 $      689
2026-04-13 09:12:05,971  INFO    SELL       12 SLB      $  51.92  -0.0064 $     -641
2026-04-13 09:12:05,978  INFO    SELL        9 SJM      $  90.91  -0.0086 $     -855
2026-04-13 09:12:05,978  INFO    SELL       23 SW       $  42.06  -0.0101 $    -1009
2026-04-13 09:12:05,979  INFO    BUY        24 SMCI     $  25.26  +0.0063 $      627
2026-04-13 09:12:05,979  INFO    SELL        2 TKO      $ 197.37  -0.0054 $     -544
2026-04-13 09:12:05,979  INFO    BUY         1 TT       $ 465.71  +0.0062 $      625
2026-04-13 09:12:05,979  INFO    BUY        13 TFC      $  49.60  +0.0066 $      656
2026-04-13 09:12:05,979  INFO    BUY        12 USB      $  55.66  +0.0067 $      670
2026-04-13 09:12:05,979  INFO    SELL        1 UNH      $ 304.33  -0.0058 $     -583
2026-04-13 09:12:05,979  INFO    SELL        6 VRSK     $ 164.28  -0.0101 $    -1009
2026-04-13 09:12:05,979  INFO    SELL        7 WMT      $ 126.77  -0.0089 $     -894
2026-04-13 09:12:05,979  INFO    BUY        23 WBD      $  27.44  +0.0066 $      655
2026-04-13 09:12:05,979  INFO    SELL        3 WTW      $ 280.14  -0.0101 $    -1009
2026-04-13 09:12:05,979  INFO  
  [DRY RUN] Orders shown — nothing sent to IBKR
2026-04-13 09:12:05,979  INFO  
Done. OK
2026-04-13 09:13:14,653  INFO  ============================================================
2026-04-13 09:13:14,655  INFO   IBKR Paper Trading Executor
2026-04-13 09:13:14,655  INFO   Mode: DRY RUN
2026-04-13 09:13:14,655  INFO   Capital: $100,000
2026-04-13 09:13:14,655  INFO  ============================================================
2026-04-13 09:13:16,814  INFO  [1/2] Loading prices...
2026-04-13 09:13:17,194  INFO        624 tickers x 400 days
2026-04-13 09:13:17,194  INFO  [1/2] Computing factors & signals...
2026-04-13 09:13:48,733  INFO        Signal date: 2023-12-22
2026-04-13 09:13:48,787  INFO        75 long, 75 short
2026-04-13 09:13:49,027  INFO        Using fresh prices from 2026-04-10 for order sizing
2026-04-13 09:13:49,048  INFO        84 orders saved to outputs\paper_trading\orders_pending.json
2026-04-13 09:13:49,056  INFO  [2/2] [DRY RUN] Executing 84 orders
2026-04-13 09:13:49,056  INFO        Signal: 2023-12-22  |  75L / 75S
2026-04-13 09:13:49,056  INFO  
  Action    Qty Ticker      Price   Weight     $Value
2026-04-13 09:13:49,056  INFO    ------ ------ -------- -------- -------- ----------
2026-04-13 09:13:49,056  INFO    BUY        15 ARE      $  42.61  +0.0066 $      664
2026-04-13 09:13:49,056  INFO    SELL        3 AEE      $ 113.45  -0.0043 $     -428
2026-04-13 09:13:49,056  INFO    SELL        2 AON      $ 312.57  -0.0074 $     -739
2026-04-13 09:13:49,059  INFO    SELL       26 APA      $  38.63  -0.0101 $    -1009
2026-04-13 09:13:49,059  INFO    SELL        3 ACGL     $  95.97  -0.0029 $     -292
2026-04-13 09:13:49,059  INFO    SELL       14 ADM      $  69.73  -0.0101 $    -1009
2026-04-13 09:13:49,059  INFO    SELL        1 AJG      $ 213.55  -0.0039 $     -389
2026-04-13 09:13:49,059  INFO    SELL       38 T        $  26.46  -0.0101 $    -1009
2026-04-13 09:13:49,059  INFO    BUY         1 AXON     $ 345.94  +0.0066 $      660
2026-04-13 09:13:49,059  INFO    BUY         5 BX       $ 114.83  +0.0067 $      669
2026-04-13 09:13:49,061  INFO    BUY        11 XYZ      $  62.20  +0.0070 $      702
2026-04-13 09:13:49,061  INFO    SELL       15 BRO      $  65.08  -0.0101 $    -1009
2026-04-13 09:13:49,061  INFO    SELL       34 BF-B     $  29.49  -0.0101 $    -1009
2026-04-13 09:13:49,061  INFO    BUY         8 BLDR     $  85.30  +0.0070 $      700
2026-04-13 09:13:49,061  INFO    SELL        8 BG       $ 123.92  -0.0101 $    -1009
2026-04-13 09:13:49,061  INFO    BUY        12 BXP      $  53.00  +0.0065 $      647
2026-04-13 09:13:49,061  INFO    SELL       15 CPB      $  20.43  -0.0031 $     -311
2026-04-13 09:13:49,061  INFO    BUY        24 CCL      $  27.98  +0.0070 $      698
2026-04-13 09:13:49,061  INFO    SELL        3 CBOE     $ 295.95  -0.0101 $    -1009
2026-04-13 09:13:49,063  INFO    SELL       24 CNC      $  37.30  -0.0091 $     -914
2026-04-13 09:13:49,063  INFO    SELL        6 CF       $ 121.32  -0.0082 $     -816
2026-04-13 09:13:49,063  INFO    BUY         3 CRL      $ 175.65  +0.0063 $      629
2026-04-13 09:13:49,065  INFO    SELL        3 CHD      $  95.42  -0.0035 $     -350
2026-04-13 09:13:49,065  INFO    BUY        10 CFG      $  64.17  +0.0068 $      680
2026-04-13 09:13:49,065  INFO    SELL        2 CME      $ 295.30  -0.0076 $     -758
2026-04-13 09:13:49,065  INFO    BUY         2 COHR     $ 307.50  +0.0069 $      694
2026-04-13 09:13:49,065  INFO    SELL        9 CL       $  84.34  -0.0084 $     -836
2026-04-13 09:13:49,065  INFO    BUY         4 DHI      $ 142.64  +0.0068 $      681
2026-04-13 09:13:49,065  INFO    BUY         5 EPAM     $ 122.47  +0.0066 $      658
2026-04-13 09:13:49,065  INFO    BUY         3 EFX      $ 177.97  +0.0066 $      661
2026-04-13 09:13:49,065  INFO    SELL        5 EXC      $  48.57  -0.0027 $     -272
2026-04-13 09:13:49,065  INFO    BUY         3 EXPE     $ 228.09  +0.0070 $      704
2026-04-13 09:13:49,065  INFO    BUY         4 EXR      $ 138.87  +0.0063 $      635
2026-04-13 09:13:49,065  INFO    SELL        4 XOM      $ 152.51  -0.0070 $     -700
2026-04-13 09:13:49,069  INFO    BUY        13 FITB     $  49.31  +0.0065 $      652
2026-04-13 09:13:49,069  INFO    SELL       13 FTNT     $  76.70  -0.0101 $    -1009
2026-04-13 09:13:49,069  INFO    BUY         3 GNRC     $ 207.03  +0.0069 $      692
2026-04-13 09:13:49,069  INFO    SELL       12 GIS      $  35.59  -0.0045 $     -447
2026-04-13 09:13:49,069  INFO    BUY         8 GDDY     $  79.29  +0.0065 $      654
2026-04-13 09:13:49,069  INFO    SELL       23 HAL      $  37.59  -0.0087 $     -875
2026-04-13 09:13:49,069  INFO    SELL        4 HSY      $ 202.31  -0.0101 $    -1009
2026-04-13 09:13:49,069  INFO    SELL       38 HRL      $  20.87  -0.0080 $     -797
2026-04-13 09:13:49,069  INFO    SELL       10 INCY     $  96.07  -0.0101 $    -1009
2026-04-13 09:13:49,069  INFO    BUY         3 PODD     $ 196.93  +0.0065 $      653
2026-04-13 09:13:49,069  INFO    SELL        7 IBKR     $  71.21  -0.0051 $     -505
2026-04-13 09:13:49,069  INFO    BUY        27 IVZ      $  23.58  +0.0065 $      645
2026-04-13 09:13:49,069  INFO    BUY         3 IQV      $ 167.34  +0.0064 $      643
2026-04-13 09:13:49,069  INFO    BUY        31 KEY      $  21.46  +0.0068 $      676
2026-04-13 09:13:49,073  INFO    SELL        9 KMB      $  97.28  -0.0095 $     -953
2026-04-13 09:13:49,073  INFO    BUY         6 KKR      $  91.22  +0.0064 $      638
2026-04-13 09:13:49,073  INFO    SELL        8 KR       $  67.99  -0.0056 $     -564
2026-04-13 09:13:49,073  INFO    BUY         7 LEN      $  88.97  +0.0066 $      659
2026-04-13 09:13:49,074  INFO    SELL        4 MRSH     $ 168.15  -0.0068 $     -680
2026-04-13 09:13:49,074  INFO    BUY        10 MAS      $  62.97  +0.0063 $      634
2026-04-13 09:13:49,074  INFO    SELL        8 MRK      $ 121.42  -0.0101 $    -1009
2026-04-13 09:13:49,074  INFO    BUY         9 MCHP     $  71.56  +0.0065 $      651
2026-04-13 09:13:49,074  INFO    SELL       10 NTAP     $  95.93  -0.0101 $    -1009
2026-04-13 09:13:49,074  INFO    SELL       14 NKE      $  42.62  -0.0062 $     -622
2026-04-13 09:13:49,074  INFO    SELL        1 NOC      $ 673.73  -0.0101 $    -1009
2026-04-13 09:13:49,074  INFO    BUY        34 NCLH     $  19.96  +0.0068 $      684
2026-04-13 09:13:49,074  INFO    SELL       10 ORLY     $  93.01  -0.0101 $    -1009
2026-04-13 09:13:49,074  INFO    SELL       17 OXY      $  57.97  -0.0101 $    -1009
2026-04-13 09:13:49,074  INFO    SELL        1 ORCL     $ 138.09  -0.0025 $     -253
2026-04-13 09:13:49,077  INFO    SELL       11 PAYX     $  85.57  -0.0101 $    -1009
2026-04-13 09:13:49,077  INFO    SELL        3 PFE      $  26.92  -0.0010 $      -97
2026-04-13 09:13:49,077  INFO    SELL        9 PNW      $ 103.59  -0.0101 $    -1009
2026-04-13 09:13:49,077  INFO    SELL        3 PG       $ 145.16  -0.0047 $     -467
2026-04-13 09:13:49,077  INFO    SELL        1 PGR      $ 194.13  -0.0037 $     -369
2026-04-13 09:13:49,078  INFO    BUY         5 PHM      $ 120.33  +0.0069 $      693
2026-04-13 09:13:49,078  INFO    BUY         1 PWR      $ 585.36  +0.0064 $      636
2026-04-13 09:13:49,078  INFO    BUY         2 RCL      $ 276.94  +0.0069 $      689
2026-04-13 09:13:49,080  INFO    SELL       12 SLB      $  51.92  -0.0064 $     -641
2026-04-13 09:13:49,080  INFO    SELL        9 SJM      $  90.91  -0.0086 $     -855
2026-04-13 09:13:49,080  INFO    SELL       23 SW       $  42.06  -0.0101 $    -1009
2026-04-13 09:13:49,080  INFO    BUY        24 SMCI     $  25.26  +0.0063 $      627
2026-04-13 09:13:49,080  INFO    SELL        2 TKO      $ 197.37  -0.0054 $     -544
2026-04-13 09:13:49,080  INFO    BUY         1 TT       $ 465.71  +0.0062 $      625
2026-04-13 09:13:49,082  INFO    BUY        13 TFC      $  49.60  +0.0066 $      656
2026-04-13 09:13:49,082  INFO    BUY        12 USB      $  55.66  +0.0067 $      670
2026-04-13 09:13:49,082  INFO    SELL        1 UNH      $ 304.33  -0.0058 $     -583
2026-04-13 09:13:49,082  INFO    SELL        6 VRSK     $ 164.28  -0.0101 $    -1009
2026-04-13 09:13:49,083  INFO    SELL        7 WMT      $ 126.77  -0.0089 $     -894
2026-04-13 09:13:49,083  INFO    BUY        23 WBD      $  27.44  +0.0066 $      655
2026-04-13 09:13:49,083  INFO    SELL        3 WTW      $ 280.14  -0.0101 $    -1009
2026-04-13 09:13:49,083  INFO  
  [DRY RUN] Orders shown — nothing sent to IBKR
2026-04-13 09:13:49,083  INFO  
Done. OK
